[1m[33mwarning[0m[[1mW0030[0m]: [1mdeclaration shadows another declaration[0m
  [2mphase: name-resolution | category: shadowing[0m
  [2mcontext:[0m semantic analysis
  [34m--> [0mparse.vit:45:8
   [34m|[0m
[34m45 |[0m [91m/ [0mexport proc position(
[34m46 |[0m [91m| [0m    offset: usize,
[34m47 |[0m [91m| [0m    line: usize,
[34m48 |[0m [91m| [0m    column: usize
[34m49 |[0m [91m| [0m) -> JsonPosition {
[34m50 |[0m [91m| [0m    give JsonPosition {
[34m51 |[0m [91m| [0m        offset: offset,
[34m52 |[0m [91m| [0m
[34m53 |[0m [91m| [0m        line: line,
[34m54 |[0m [91m| [0m
[34m55 |[0m [91m| [0m        column: column,
[34m56 |[0m [91m| [0m    };
[34m57 |[0m [91m\ [0m}
   [34m| [0m[91mThis declaration hides a visible declaration with the same name.[0m
  [32m[1mhelp[0m: Review the highlighted construct and correct the risky behavior or document why it is intentional. at parse.vit:45:8

[1m[33mwarning[0m[[1mW0030[0m]: [1mdeclaration shadows another declaration[0m
  [2mphase: name-resolution | category: shadowing[0m
  [2mcontext:[0m semantic analysis
  [34m--> [0mparse.vit:1519:5
     [34m|[0m
[34m1519 |[0m     value: JsonValue
     [34m|[0m     [91m^~~~~~~~~~~~~~~~[0m [91mThis declaration hides a visible declaration with the same name.[0m
  [32m[1mhelp[0m: Review the highlighted construct and correct the risky behavior or document why it is intentional. at parse.vit:1519:5

[1m[33mwarning[0m[[1mW0030[0m]: [1mdeclaration shadows another declaration[0m
  [2mphase: name-resolution | category: shadowing[0m
  [2mcontext:[0m semantic analysis
  [34m--> [0mparse.vit:1531:5
     [34m|[0m
[34m1531 |[0m     error: JsonValueError
     [34m|[0m     [91m^~~~~~~~~~~~~~~~~~~~~[0m [91mThis declaration hides a visible declaration with the same name.[0m
  [32m[1mhelp[0m: Review the highlighted construct and correct the risky behavior or document why it is intentional. at parse.vit:1531:5

[1m[33mwarning[0m[[1mW0030[0m]: [1mdeclaration shadows another declaration[0m
  [2mphase: name-resolution | category: shadowing[0m
  [2mcontext:[0m semantic analysis
  [34m--> [0mparse.vit:1543:5
     [34m|[0m
[34m1543 |[0m     value: JsonMember
     [34m|[0m     [91m^~~~~~~~~~~~~~~~~[0m [91mThis declaration hides a visible declaration with the same name.[0m
  [32m[1mhelp[0m: Review the highlighted construct and correct the risky behavior or document why it is intentional. at parse.vit:1543:5

[1m[33mwarning[0m[[1mW0030[0m]: [1mdeclaration shadows another declaration[0m
  [2mphase: name-resolution | category: shadowing[0m
  [2mcontext:[0m semantic analysis
  [34m--> [0mparse.vit:1555:5
     [34m|[0m
[34m1555 |[0m     error: JsonValueError
     [34m|[0m     [91m^~~~~~~~~~~~~~~~~~~~~[0m [91mThis declaration hides a visible declaration with the same name.[0m
  [32m[1mhelp[0m: Review the highlighted construct and correct the risky behavior or document why it is intentional. at parse.vit:1555:5

[1m[33mwarning[0m[[1mW0030[0m]: [1mdeclaration shadows another declaration[0m
  [2mphase: name-resolution | category: shadowing[0m
  [2mcontext:[0m semantic analysis
  [34m--> [0mparse.vit:1595:5
     [34m|[0m
[34m1595 |[0m     value: bool
     [34m|[0m     [91m^~~~~~~~~~~[0m [91mThis declaration hides a visible declaration with the same name.[0m
  [32m[1mhelp[0m: Review the highlighted construct and correct the risky behavior or document why it is intentional. at parse.vit:1595:5

[1m[33mwarning[0m[[1mW0030[0m]: [1mdeclaration shadows another declaration[0m
  [2mphase: name-resolution | category: shadowing[0m
  [2mcontext:[0m semantic analysis
  [34m--> [0mparse.vit:1617:5
     [34m|[0m
[34m1617 |[0m     value: i64
     [34m|[0m     [91m^~~~~~~~~~[0m [91mThis declaration hides a visible declaration with the same name.[0m
  [32m[1mhelp[0m: Review the highlighted construct and correct the risky behavior or document why it is intentional. at parse.vit:1617:5

[1m[33mwarning[0m[[1mW0030[0m]: [1mdeclaration shadows another declaration[0m
  [2mphase: name-resolution | category: shadowing[0m
  [2mcontext:[0m semantic analysis
  [34m--> [0mparse.vit:1639:5
     [34m|[0m
[34m1639 |[0m     value: f64
     [34m|[0m     [91m^~~~~~~~~~[0m [91mThis declaration hides a visible declaration with the same name.[0m
  [32m[1mhelp[0m: Review the highlighted construct and correct the risky behavior or document why it is intentional. at parse.vit:1639:5

[1m[33mwarning[0m[[1mW0030[0m]: [1mdeclaration shadows another declaration[0m
  [2mphase: name-resolution | category: shadowing[0m
  [2mcontext:[0m semantic analysis
  [34m--> [0mparse.vit:1661:5
     [34m|[0m
[34m1661 |[0m     value: string
     [34m|[0m     [91m^~~~~~~~~~~~~[0m [91mThis declaration hides a visible declaration with the same name.[0m
  [32m[1mhelp[0m: Review the highlighted construct and correct the risky behavior or document why it is intentional. at parse.vit:1661:5

[1m[33mwarning[0m[[1mW0030[0m]: [1mdeclaration shadows another declaration[0m
  [2mphase: name-resolution | category: shadowing[0m
  [2mcontext:[0m semantic analysis
  [34m--> [0mparse.vit:1728:5
     [34m|[0m
[34m1728 |[0m     value: JsonValue
     [34m|[0m     [91m^~~~~~~~~~~~~~~~[0m [91mThis declaration hides a visible declaration with the same name.[0m
  [32m[1mhelp[0m: Review the highlighted construct and correct the risky behavior or document why it is intentional. at parse.vit:1728:5

[1m[33mwarning[0m[[1mW0030[0m]: [1mdeclaration shadows another declaration[0m
  [2mphase: name-resolution | category: shadowing[0m
  [2mcontext:[0m semantic analysis
  [34m--> [0mparse.vit:1750:5
     [34m|[0m
[34m1750 |[0m     value: &JsonValue
     [34m|[0m     [91m^~~~~~~~~~~~~~~~~[0m [91mThis declaration hides a visible declaration with the same name.[0m
  [32m[1mhelp[0m: Review the highlighted construct and correct the risky behavior or document why it is intentional. at parse.vit:1750:5

[1m[33mwarning[0m[[1mW0030[0m]: [1mdeclaration shadows another declaration[0m
  [2mphase: name-resolution | category: shadowing[0m
  [2mcontext:[0m semantic analysis
  [34m--> [0mparse.vit:1756:5
     [34m|[0m
[34m1756 |[0m     value: &JsonValue
     [34m|[0m     [91m^~~~~~~~~~~~~~~~~[0m [91mThis declaration hides a visible declaration with the same name.[0m
  [32m[1mhelp[0m: Review the highlighted construct and correct the risky behavior or document why it is intentional. at parse.vit:1756:5

[1m[33mwarning[0m[[1mW0030[0m]: [1mdeclaration shadows another declaration[0m
  [2mphase: name-resolution | category: shadowing[0m
  [2mcontext:[0m semantic analysis
  [34m--> [0mparse.vit:1763:5
     [34m|[0m
[34m1763 |[0m     value: &JsonValue
     [34m|[0m     [91m^~~~~~~~~~~~~~~~~[0m [91mThis declaration hides a visible declaration with the same name.[0m
  [32m[1mhelp[0m: Review the highlighted construct and correct the risky behavior or document why it is intentional. at parse.vit:1763:5

[1m[33mwarning[0m[[1mW0030[0m]: [1mdeclaration shadows another declaration[0m
  [2mphase: name-resolution | category: shadowing[0m
  [2mcontext:[0m semantic analysis
  [34m--> [0mparse.vit:1770:5
     [34m|[0m
[34m1770 |[0m     value: &JsonValue
     [34m|[0m     [91m^~~~~~~~~~~~~~~~~[0m [91mThis declaration hides a visible declaration with the same name.[0m
  [32m[1mhelp[0m: Review the highlighted construct and correct the risky behavior or document why it is intentional. at parse.vit:1770:5

[1m[33mwarning[0m[[1mW0030[0m]: [1mdeclaration shadows another declaration[0m
  [2mphase: name-resolution | category: shadowing[0m
  [2mcontext:[0m semantic analysis
  [34m--> [0mparse.vit:1777:5
     [34m|[0m
[34m1777 |[0m     value: &JsonValue
     [34m|[0m     [91m^~~~~~~~~~~~~~~~~[0m [91mThis declaration hides a visible declaration with the same name.[0m
  [32m[1mhelp[0m: Review the highlighted construct and correct the risky behavior or document why it is intentional. at parse.vit:1777:5

[1m[33mwarning[0m[[1mW0030[0m]: [1mdeclaration shadows another declaration[0m
  [2mphase: name-resolution | category: shadowing[0m
  [2mcontext:[0m semantic analysis
  [34m--> [0mparse.vit:1784:5
     [34m|[0m
[34m1784 |[0m     value: &JsonValue
     [34m|[0m     [91m^~~~~~~~~~~~~~~~~[0m [91mThis declaration hides a visible declaration with the same name.[0m
  [32m[1mhelp[0m: Review the highlighted construct and correct the risky behavior or document why it is intentional. at parse.vit:1784:5

[1m[33mwarning[0m[[1mW0030[0m]: [1mdeclaration shadows another declaration[0m
  [2mphase: name-resolution | category: shadowing[0m
  [2mcontext:[0m semantic analysis
  [34m--> [0mparse.vit:1791:5
     [34m|[0m
[34m1791 |[0m     value: &JsonValue
     [34m|[0m     [91m^~~~~~~~~~~~~~~~~[0m [91mThis declaration hides a visible declaration with the same name.[0m
  [32m[1mhelp[0m: Review the highlighted construct and correct the risky behavior or document why it is intentional. at parse.vit:1791:5

[1m[33mwarning[0m[[1mW0030[0m]: [1mdeclaration shadows another declaration[0m
  [2mphase: name-resolution | category: shadowing[0m
  [2mcontext:[0m semantic analysis
  [34m--> [0mparse.vit:1798:5
     [34m|[0m
[34m1798 |[0m     value: &JsonValue
     [34m|[0m     [91m^~~~~~~~~~~~~~~~~[0m [91mThis declaration hides a visible declaration with the same name.[0m
  [32m[1mhelp[0m: Review the highlighted construct and correct the risky behavior or document why it is intentional. at parse.vit:1798:5

[1m[33mwarning[0m[[1mW0030[0m]: [1mdeclaration shadows another declaration[0m
  [2mphase: name-resolution | category: shadowing[0m
  [2mcontext:[0m semantic analysis
  [34m--> [0mparse.vit:1805:5
     [34m|[0m
[34m1805 |[0m     value: &JsonValue
     [34m|[0m     [91m^~~~~~~~~~~~~~~~~[0m [91mThis declaration hides a visible declaration with the same name.[0m
  [32m[1mhelp[0m: Review the highlighted construct and correct the risky behavior or document why it is intentional. at parse.vit:1805:5

[1m[33mwarning[0m[[1mW0030[0m]: [1mdeclaration shadows another declaration[0m
  [2mphase: name-resolution | category: shadowing[0m
  [2mcontext:[0m semantic analysis
  [34m--> [0mparse.vit:1812:5
     [34m|[0m
[34m1812 |[0m     value: &JsonValue
     [34m|[0m     [91m^~~~~~~~~~~~~~~~~[0m [91mThis declaration hides a visible declaration with the same name.[0m
  [32m[1mhelp[0m: Review the highlighted construct and correct the risky behavior or document why it is intentional. at parse.vit:1812:5

[1m[33mwarning[0m[[1mW0030[0m]: [1mdeclaration shadows another declaration[0m
  [2mphase: name-resolution | category: shadowing[0m
  [2mcontext:[0m semantic analysis
  [34m--> [0mparse.vit:1819:5
     [34m|[0m
[34m1819 |[0m     value: &JsonValue
     [34m|[0m     [91m^~~~~~~~~~~~~~~~~[0m [91mThis declaration hides a visible declaration with the same name.[0m
  [32m[1mhelp[0m: Review the highlighted construct and correct the risky behavior or document why it is intentional. at parse.vit:1819:5

[1m[33mwarning[0m[[1mW0030[0m]: [1mdeclaration shadows another declaration[0m
  [2mphase: name-resolution | category: shadowing[0m
  [2mcontext:[0m semantic analysis
  [34m--> [0mparse.vit:1825:5
     [34m|[0m
[34m1825 |[0m     value: &JsonValue
     [34m|[0m     [91m^~~~~~~~~~~~~~~~~[0m [91mThis declaration hides a visible declaration with the same name.[0m
  [32m[1mhelp[0m: Review the highlighted construct and correct the risky behavior or document why it is intentional. at parse.vit:1825:5

[1m[33mwarning[0m[[1mW0030[0m]: [1mdeclaration shadows another declaration[0m
  [2mphase: name-resolution | category: shadowing[0m
  [2mcontext:[0m semantic analysis
  [34m--> [0mparse.vit:1874:5
     [34m|[0m
[34m1874 |[0m     value: &JsonValue
     [34m|[0m     [91m^~~~~~~~~~~~~~~~~[0m [91mThis declaration hides a visible declaration with the same name.[0m
  [32m[1mhelp[0m: Review the highlighted construct and correct the risky behavior or document why it is intentional. at parse.vit:1874:5

[1m[33mwarning[0m[[1mW0030[0m]: [1mdeclaration shadows another declaration[0m
  [2mphase: name-resolution | category: shadowing[0m
  [2mcontext:[0m semantic analysis
  [34m--> [0mparse.vit:1881:5
     [34m|[0m
[34m1881 |[0m     error: JsonValueError
     [34m|[0m     [91m^~~~~~~~~~~~~~~~~~~~~[0m [91mThis declaration hides a visible declaration with the same name.[0m
  [32m[1mhelp[0m: Review the highlighted construct and correct the risky behavior or document why it is intentional. at parse.vit:1881:5

[1m[33mwarning[0m[[1mW0030[0m]: [1mdeclaration shadows another declaration[0m
  [2mphase: name-resolution | category: shadowing[0m
  [2mcontext:[0m semantic analysis
  [34m--> [0mparse.vit:1946:5
     [34m|[0m
[34m1946 |[0m     value: &JsonValue
     [34m|[0m     [91m^~~~~~~~~~~~~~~~~[0m [91mThis declaration hides a visible declaration with the same name.[0m
  [32m[1mhelp[0m: Review the highlighted construct and correct the risky behavior or document why it is intentional. at parse.vit:1946:5

[1m[33mwarning[0m[[1mW0030[0m]: [1mdeclaration shadows another declaration[0m
  [2mphase: name-resolution | category: shadowing[0m
  [2mcontext:[0m semantic analysis
  [34m--> [0mparse.vit:1971:5
     [34m|[0m
[34m1971 |[0m     value: &JsonValue
     [34m|[0m     [91m^~~~~~~~~~~~~~~~~[0m [91mThis declaration hides a visible declaration with the same name.[0m
  [32m[1mhelp[0m: Review the highlighted construct and correct the risky behavior or document why it is intentional. at parse.vit:1971:5

[1m[33mwarning[0m[[1mW0030[0m]: [1mdeclaration shadows another declaration[0m
  [2mphase: name-resolution | category: shadowing[0m
  [2mcontext:[0m semantic analysis
  [34m--> [0mparse.vit:1996:5
     [34m|[0m
[34m1996 |[0m     value: &JsonValue
     [34m|[0m     [91m^~~~~~~~~~~~~~~~~[0m [91mThis declaration hides a visible declaration with the same name.[0m
  [32m[1mhelp[0m: Review the highlighted construct and correct the risky behavior or document why it is intentional. at parse.vit:1996:5

[1m[33mwarning[0m[[1mW0030[0m]: [1mdeclaration shadows another declaration[0m
  [2mphase: name-resolution | category: shadowing[0m
  [2mcontext:[0m semantic analysis
  [34m--> [0mparse.vit:2021:5
     [34m|[0m
[34m2021 |[0m     value: &JsonValue
     [34m|[0m     [91m^~~~~~~~~~~~~~~~~[0m [91mThis declaration hides a visible declaration with the same name.[0m
  [32m[1mhelp[0m: Review the highlighted construct and correct the risky behavior or document why it is intentional. at parse.vit:2021:5

[1m[33mwarning[0m[[1mW0030[0m]: [1mdeclaration shadows another declaration[0m
  [2mphase: name-resolution | category: shadowing[0m
  [2mcontext:[0m semantic analysis
  [34m--> [0mparse.vit:2059:5
     [34m|[0m
[34m2059 |[0m     value: &JsonValue
     [34m|[0m     [91m^~~~~~~~~~~~~~~~~[0m [91mThis declaration hides a visible declaration with the same name.[0m
  [32m[1mhelp[0m: Review the highlighted construct and correct the risky behavior or document why it is intentional. at parse.vit:2059:5

[1m[33mwarning[0m[[1mW0030[0m]: [1mdeclaration shadows another declaration[0m
  [2mphase: name-resolution | category: shadowing[0m
  [2mcontext:[0m semantic analysis
  [34m--> [0mparse.vit:2088:5
     [34m|[0m
[34m2088 |[0m     value: &JsonValue,
     [34m|[0m     [91m^~~~~~~~~~~~~~~~~[0m [91mThis declaration hides a visible declaration with the same name.[0m
  [32m[1mhelp[0m: Review the highlighted construct and correct the risky behavior or document why it is intentional. at parse.vit:2088:5

[1m[33mwarning[0m[[1mW0030[0m]: [1mdeclaration shadows another declaration[0m
  [2mphase: name-resolution | category: shadowing[0m
  [2mcontext:[0m semantic analysis
  [34m--> [0mparse.vit:2099:5
     [34m|[0m
[34m2099 |[0m     value: &JsonValue,
     [34m|[0m     [91m^~~~~~~~~~~~~~~~~[0m [91mThis declaration hides a visible declaration with the same name.[0m
  [32m[1mhelp[0m: Review the highlighted construct and correct the risky behavior or document why it is intentional. at parse.vit:2099:5

[1m[33mwarning[0m[[1mW0030[0m]: [1mdeclaration shadows another declaration[0m
  [2mphase: name-resolution | category: shadowing[0m
  [2mcontext:[0m semantic analysis
  [34m--> [0mparse.vit:2110:5
     [34m|[0m
[34m2110 |[0m     value: &JsonValue,
     [34m|[0m     [91m^~~~~~~~~~~~~~~~~[0m [91mThis declaration hides a visible declaration with the same name.[0m
  [32m[1mhelp[0m: Review the highlighted construct and correct the risky behavior or document why it is intentional. at parse.vit:2110:5

[1m[33mwarning[0m[[1mW0030[0m]: [1mdeclaration shadows another declaration[0m
  [2mphase: name-resolution | category: shadowing[0m
  [2mcontext:[0m semantic analysis
  [34m--> [0mparse.vit:2121:5
     [34m|[0m
[34m2121 |[0m     value: &JsonValue,
     [34m|[0m     [91m^~~~~~~~~~~~~~~~~[0m [91mThis declaration hides a visible declaration with the same name.[0m
  [32m[1mhelp[0m: Review the highlighted construct and correct the risky behavior or document why it is intentional. at parse.vit:2121:5

[1m[33mwarning[0m[[1mW0030[0m]: [1mdeclaration shadows another declaration[0m
  [2mphase: name-resolution | category: shadowing[0m
  [2mcontext:[0m semantic analysis
  [34m--> [0mparse.vit:2137:5
     [34m|[0m
[34m2137 |[0m     value: &JsonValue,
     [34m|[0m     [91m^~~~~~~~~~~~~~~~~[0m [91mThis declaration hides a visible declaration with the same name.[0m
  [32m[1mhelp[0m: Review the highlighted construct and correct the risky behavior or document why it is intentional. at parse.vit:2137:5

[1m[33mwarning[0m[[1mW0030[0m]: [1mdeclaration shadows another declaration[0m
  [2mphase: name-resolution | category: shadowing[0m
  [2mcontext:[0m semantic analysis
  [34m--> [0mparse.vit:2152:5
     [34m|[0m
[34m2152 |[0m     value: &JsonValue
     [34m|[0m     [91m^~~~~~~~~~~~~~~~~[0m [91mThis declaration hides a visible declaration with the same name.[0m
  [32m[1mhelp[0m: Review the highlighted construct and correct the risky behavior or document why it is intentional. at parse.vit:2152:5

[1m[33mwarning[0m[[1mW0030[0m]: [1mdeclaration shadows another declaration[0m
  [2mphase: name-resolution | category: shadowing[0m
  [2mcontext:[0m semantic analysis
  [34m--> [0mparse.vit:2166:5
     [34m|[0m
[34m2166 |[0m     value: &JsonValue
     [34m|[0m     [91m^~~~~~~~~~~~~~~~~[0m [91mThis declaration hides a visible declaration with the same name.[0m
  [32m[1mhelp[0m: Review the highlighted construct and correct the risky behavior or document why it is intentional. at parse.vit:2166:5

[1m[33mwarning[0m[[1mW0030[0m]: [1mdeclaration shadows another declaration[0m
  [2mphase: name-resolution | category: shadowing[0m
  [2mcontext:[0m semantic analysis
  [34m--> [0mparse.vit:2180:5
     [34m|[0m
[34m2180 |[0m     value: &JsonValue
     [34m|[0m     [91m^~~~~~~~~~~~~~~~~[0m [91mThis declaration hides a visible declaration with the same name.[0m
  [32m[1mhelp[0m: Review the highlighted construct and correct the risky behavior or document why it is intentional. at parse.vit:2180:5

[1m[33mwarning[0m[[1mW0030[0m]: [1mdeclaration shadows another declaration[0m
  [2mphase: name-resolution | category: shadowing[0m
  [2mcontext:[0m semantic analysis
  [34m--> [0mparse.vit:2194:5
     [34m|[0m
[34m2194 |[0m     value: &JsonValue
     [34m|[0m     [91m^~~~~~~~~~~~~~~~~[0m [91mThis declaration hides a visible declaration with the same name.[0m
  [32m[1mhelp[0m: Review the highlighted construct and correct the risky behavior or document why it is intentional. at parse.vit:2194:5

[1m[33mwarning[0m[[1mW0030[0m]: [1mdeclaration shadows another declaration[0m
  [2mphase: name-resolution | category: shadowing[0m
  [2mcontext:[0m semantic analysis
  [34m--> [0mparse.vit:2208:5
     [34m|[0m
[34m2208 |[0m     value: &JsonValue
     [34m|[0m     [91m^~~~~~~~~~~~~~~~~[0m [91mThis declaration hides a visible declaration with the same name.[0m
  [32m[1mhelp[0m: Review the highlighted construct and correct the risky behavior or document why it is intentional. at parse.vit:2208:5

[1m[33mwarning[0m[[1mW0030[0m]: [1mdeclaration shadows another declaration[0m
  [2mphase: name-resolution | category: shadowing[0m
  [2mcontext:[0m semantic analysis
  [34m--> [0mparse.vit:2300:5
     [34m|[0m
[34m2300 |[0m     value: &JsonValue
     [34m|[0m     [91m^~~~~~~~~~~~~~~~~[0m [91mThis declaration hides a visible declaration with the same name.[0m
  [32m[1mhelp[0m: Review the highlighted construct and correct the risky behavior or document why it is intentional. at parse.vit:2300:5

[1m[33mwarning[0m[[1mW0030[0m]: [1mdeclaration shadows another declaration[0m
  [2mphase: name-resolution | category: shadowing[0m
  [2mcontext:[0m semantic analysis
  [34m--> [0mparse.vit:2310:5
     [34m|[0m
[34m2310 |[0m     value: &JsonValue
     [34m|[0m     [91m^~~~~~~~~~~~~~~~~[0m [91mThis declaration hides a visible declaration with the same name.[0m
  [32m[1mhelp[0m: Review the highlighted construct and correct the risky behavior or document why it is intentional. at parse.vit:2310:5

[1m[33mwarning[0m[[1mW0030[0m]: [1mdeclaration shadows another declaration[0m
  [2mphase: name-resolution | category: shadowing[0m
  [2mcontext:[0m semantic analysis
  [34m--> [0mparse.vit:2317:5
     [34m|[0m
[34m2317 |[0m     value: &JsonValue
     [34m|[0m     [91m^~~~~~~~~~~~~~~~~[0m [91mThis declaration hides a visible declaration with the same name.[0m
  [32m[1mhelp[0m: Review the highlighted construct and correct the risky behavior or document why it is intentional. at parse.vit:2317:5

[1m[33mwarning[0m[[1mW0030[0m]: [1mdeclaration shadows another declaration[0m
  [2mphase: name-resolution | category: shadowing[0m
  [2mcontext:[0m semantic analysis
  [34m--> [0mparse.vit:2324:5
     [34m|[0m
[34m2324 |[0m     value: &JsonValue,
     [34m|[0m     [91m^~~~~~~~~~~~~~~~~[0m [91mThis declaration hides a visible declaration with the same name.[0m
  [32m[1mhelp[0m: Review the highlighted construct and correct the risky behavior or document why it is intentional. at parse.vit:2324:5

[1m[33mwarning[0m[[1mW0030[0m]: [1mdeclaration shadows another declaration[0m
  [2mphase: name-resolution | category: shadowing[0m
  [2mcontext:[0m semantic analysis
  [34m--> [0mparse.vit:2333:5
     [34m|[0m
[34m2333 |[0m     value: &JsonValue,
     [34m|[0m     [91m^~~~~~~~~~~~~~~~~[0m [91mThis declaration hides a visible declaration with the same name.[0m
  [32m[1mhelp[0m: Review the highlighted construct and correct the risky behavior or document why it is intentional. at parse.vit:2333:5

[1m[33mwarning[0m[[1mW0030[0m]: [1mdeclaration shadows another declaration[0m
  [2mphase: name-resolution | category: shadowing[0m
  [2mcontext:[0m semantic analysis
  [34m--> [0mparse.vit:2352:5
     [34m|[0m
[34m2352 |[0m     value: &JsonValue,
     [34m|[0m     [91m^~~~~~~~~~~~~~~~~[0m [91mThis declaration hides a visible declaration with the same name.[0m
  [32m[1mhelp[0m: Review the highlighted construct and correct the risky behavior or document why it is intentional. at parse.vit:2352:5

[1m[33mwarning[0m[[1mW0030[0m]: [1mdeclaration shadows another declaration[0m
  [2mphase: name-resolution | category: shadowing[0m
  [2mcontext:[0m semantic analysis
  [34m--> [0mparse.vit:2362:5
     [34m|[0m
[34m2362 |[0m     value: &JsonValue
     [34m|[0m     [91m^~~~~~~~~~~~~~~~~[0m [91mThis declaration hides a visible declaration with the same name.[0m
  [32m[1mhelp[0m: Review the highlighted construct and correct the risky behavior or document why it is intentional. at parse.vit:2362:5

[1m[33mwarning[0m[[1mW0030[0m]: [1mdeclaration shadows another declaration[0m
  [2mphase: name-resolution | category: shadowing[0m
  [2mcontext:[0m semantic analysis
  [34m--> [0mparse.vit:2379:5
     [34m|[0m
[34m2379 |[0m     value: &JsonValue
     [34m|[0m     [91m^~~~~~~~~~~~~~~~~[0m [91mThis declaration hides a visible declaration with the same name.[0m
  [32m[1mhelp[0m: Review the highlighted construct and correct the risky behavior or document why it is intentional. at parse.vit:2379:5

[1m[33mwarning[0m[[1mW0030[0m]: [1mdeclaration shadows another declaration[0m
  [2mphase: name-resolution | category: shadowing[0m
  [2mcontext:[0m semantic analysis
  [34m--> [0mparse.vit:2409:5
     [34m|[0m
[34m2409 |[0m     value: &JsonValue
     [34m|[0m     [91m^~~~~~~~~~~~~~~~~[0m [91mThis declaration hides a visible declaration with the same name.[0m
  [32m[1mhelp[0m: Review the highlighted construct and correct the risky behavior or document why it is intentional. at parse.vit:2409:5

[1m[33mwarning[0m[[1mW0030[0m]: [1mdeclaration shadows another declaration[0m
  [2mphase: name-resolution | category: shadowing[0m
  [2mcontext:[0m semantic analysis
  [34m--> [0mparse.vit:2419:5
     [34m|[0m
[34m2419 |[0m     value: &JsonValue
     [34m|[0m     [91m^~~~~~~~~~~~~~~~~[0m [91mThis declaration hides a visible declaration with the same name.[0m
  [32m[1mhelp[0m: Review the highlighted construct and correct the risky behavior or document why it is intentional. at parse.vit:2419:5

[1m[33mwarning[0m[[1mW0030[0m]: [1mdeclaration shadows another declaration[0m
  [2mphase: name-resolution | category: shadowing[0m
  [2mcontext:[0m semantic analysis
  [34m--> [0mparse.vit:2426:5
     [34m|[0m
[34m2426 |[0m     value: &JsonValue
     [34m|[0m     [91m^~~~~~~~~~~~~~~~~[0m [91mThis declaration hides a visible declaration with the same name.[0m
  [32m[1mhelp[0m: Review the highlighted construct and correct the risky behavior or document why it is intentional. at parse.vit:2426:5

[1m[33mwarning[0m[[1mW0030[0m]: [1mdeclaration shadows another declaration[0m
  [2mphase: name-resolution | category: shadowing[0m
  [2mcontext:[0m semantic analysis
  [34m--> [0mparse.vit:2433:5
     [34m|[0m
[34m2433 |[0m     value: &JsonValue,
     [34m|[0m     [91m^~~~~~~~~~~~~~~~~[0m [91mThis declaration hides a visible declaration with the same name.[0m
  [32m[1mhelp[0m: Review the highlighted construct and correct the risky behavior or document why it is intentional. at parse.vit:2433:5

[1m[33mwarning[0m[[1mW0030[0m]: [1mdeclaration shadows another declaration[0m
  [2mphase: name-resolution | category: shadowing[0m
  [2mcontext:[0m semantic analysis
  [34m--> [0mparse.vit:2496:5
     [34m|[0m
[34m2496 |[0m     value: &JsonValue,
     [34m|[0m     [91m^~~~~~~~~~~~~~~~~[0m [91mThis declaration hides a visible declaration with the same name.[0m
  [32m[1mhelp[0m: Review the highlighted construct and correct the risky behavior or document why it is intentional. at parse.vit:2496:5

[1m[33mwarning[0m[[1mW0030[0m]: [1mdeclaration shadows another declaration[0m
  [2mphase: name-resolution | category: shadowing[0m
  [2mcontext:[0m semantic analysis
  [34m--> [0mparse.vit:2513:5
     [34m|[0m
[34m2513 |[0m     value: &JsonValue,
     [34m|[0m     [91m^~~~~~~~~~~~~~~~~[0m [91mThis declaration hides a visible declaration with the same name.[0m
  [32m[1mhelp[0m: Review the highlighted construct and correct the risky behavior or document why it is intentional. at parse.vit:2513:5

[1m[33mwarning[0m[[1mW0030[0m]: [1mdeclaration shadows another declaration[0m
  [2mphase: name-resolution | category: shadowing[0m
  [2mcontext:[0m semantic analysis
  [34m--> [0mparse.vit:2530:5
     [34m|[0m
[34m2530 |[0m     value: &JsonValue,
     [34m|[0m     [91m^~~~~~~~~~~~~~~~~[0m [91mThis declaration hides a visible declaration with the same name.[0m
  [32m[1mhelp[0m: Review the highlighted construct and correct the risky behavior or document why it is intentional. at parse.vit:2530:5

[1m[33mwarning[0m[[1mW0030[0m]: [1mdeclaration shadows another declaration[0m
  [2mphase: name-resolution | category: shadowing[0m
  [2mcontext:[0m semantic analysis
  [34m--> [0mparse.vit:2543:5
     [34m|[0m
[34m2543 |[0m     value: &JsonValue,
     [34m|[0m     [91m^~~~~~~~~~~~~~~~~[0m [91mThis declaration hides a visible declaration with the same name.[0m
  [32m[1mhelp[0m: Review the highlighted construct and correct the risky behavior or document why it is intentional. at parse.vit:2543:5

[1m[33mwarning[0m[[1mW0030[0m]: [1mdeclaration shadows another declaration[0m
  [2mphase: name-resolution | category: shadowing[0m
  [2mcontext:[0m semantic analysis
  [34m--> [0mparse.vit:2568:5
     [34m|[0m
[34m2568 |[0m     value: &JsonValue,
     [34m|[0m     [91m^~~~~~~~~~~~~~~~~[0m [91mThis declaration hides a visible declaration with the same name.[0m
  [32m[1mhelp[0m: Review the highlighted construct and correct the risky behavior or document why it is intentional. at parse.vit:2568:5

[1m[33mwarning[0m[[1mW0030[0m]: [1mdeclaration shadows another declaration[0m
  [2mphase: name-resolution | category: shadowing[0m
  [2mcontext:[0m semantic analysis
  [34m--> [0mparse.vit:2593:5
     [34m|[0m
[34m2593 |[0m     value: &JsonValue,
     [34m|[0m     [91m^~~~~~~~~~~~~~~~~[0m [91mThis declaration hides a visible declaration with the same name.[0m
  [32m[1mhelp[0m: Review the highlighted construct and correct the risky behavior or document why it is intentional. at parse.vit:2593:5

[1m[33mwarning[0m[[1mW0030[0m]: [1mdeclaration shadows another declaration[0m
  [2mphase: name-resolution | category: shadowing[0m
  [2mcontext:[0m semantic analysis
  [34m--> [0mparse.vit:2611:5
     [34m|[0m
[34m2611 |[0m     value: &JsonValue,
     [34m|[0m     [91m^~~~~~~~~~~~~~~~~[0m [91mThis declaration hides a visible declaration with the same name.[0m
  [32m[1mhelp[0m: Review the highlighted construct and correct the risky behavior or document why it is intentional. at parse.vit:2611:5

[1m[33mwarning[0m[[1mW0030[0m]: [1mdeclaration shadows another declaration[0m
  [2mphase: name-resolution | category: shadowing[0m
  [2mcontext:[0m semantic analysis
  [34m--> [0mparse.vit:2630:5
     [34m|[0m
[34m2630 |[0m     value: &JsonValue,
     [34m|[0m     [91m^~~~~~~~~~~~~~~~~[0m [91mThis declaration hides a visible declaration with the same name.[0m
  [32m[1mhelp[0m: Review the highlighted construct and correct the risky behavior or document why it is intentional. at parse.vit:2630:5

[1m[33mwarning[0m[[1mW0030[0m]: [1mdeclaration shadows another declaration[0m
  [2mphase: name-resolution | category: shadowing[0m
  [2mcontext:[0m semantic analysis
  [34m--> [0mparse.vit:2640:5
     [34m|[0m
[34m2640 |[0m     value: &JsonValue
     [34m|[0m     [91m^~~~~~~~~~~~~~~~~[0m [91mThis declaration hides a visible declaration with the same name.[0m
  [32m[1mhelp[0m: Review the highlighted construct and correct the risky behavior or document why it is intentional. at parse.vit:2640:5

[1m[33mwarning[0m[[1mW0030[0m]: [1mdeclaration shadows another declaration[0m
  [2mphase: name-resolution | category: shadowing[0m
  [2mcontext:[0m semantic analysis
  [34m--> [0mparse.vit:2657:5
     [34m|[0m
[34m2657 |[0m     value: &JsonValue
     [34m|[0m     [91m^~~~~~~~~~~~~~~~~[0m [91mThis declaration hides a visible declaration with the same name.[0m
  [32m[1mhelp[0m: Review the highlighted construct and correct the risky behavior or document why it is intentional. at parse.vit:2657:5

[1m[33mwarning[0m[[1mW0030[0m]: [1mdeclaration shadows another declaration[0m
  [2mphase: name-resolution | category: shadowing[0m
  [2mcontext:[0m semantic analysis
  [34m--> [0mparse.vit:2687:5
     [34m|[0m
[34m2687 |[0m     value: &JsonValue,
     [34m|[0m     [91m^~~~~~~~~~~~~~~~~[0m [91mThis declaration hides a visible declaration with the same name.[0m
  [32m[1mhelp[0m: Review the highlighted construct and correct the risky behavior or document why it is intentional. at parse.vit:2687:5

[1m[33mwarning[0m[[1mW0030[0m]: [1mdeclaration shadows another declaration[0m
  [2mphase: name-resolution | category: shadowing[0m
  [2mcontext:[0m semantic analysis
  [34m--> [0mparse.vit:2706:5
     [34m|[0m
[34m2706 |[0m     value: &JsonValue,
     [34m|[0m     [91m^~~~~~~~~~~~~~~~~[0m [91mThis declaration hides a visible declaration with the same name.[0m
  [32m[1mhelp[0m: Review the highlighted construct and correct the risky behavior or document why it is intentional. at parse.vit:2706:5

[1m[33mwarning[0m[[1mW0030[0m]: [1mdeclaration shadows another declaration[0m
  [2mphase: name-resolution | category: shadowing[0m
  [2mcontext:[0m semantic analysis
  [34m--> [0mparse.vit:2725:5
     [34m|[0m
[34m2725 |[0m     value: &JsonValue,
     [34m|[0m     [91m^~~~~~~~~~~~~~~~~[0m [91mThis declaration hides a visible declaration with the same name.[0m
  [32m[1mhelp[0m: Review the highlighted construct and correct the risky behavior or document why it is intentional. at parse.vit:2725:5

[1m[33mwarning[0m[[1mW0030[0m]: [1mdeclaration shadows another declaration[0m
  [2mphase: name-resolution | category: shadowing[0m
  [2mcontext:[0m semantic analysis
  [34m--> [0mparse.vit:2744:5
     [34m|[0m
[34m2744 |[0m     value: &JsonValue,
     [34m|[0m     [91m^~~~~~~~~~~~~~~~~[0m [91mThis declaration hides a visible declaration with the same name.[0m
  [32m[1mhelp[0m: Review the highlighted construct and correct the risky behavior or document why it is intentional. at parse.vit:2744:5

[1m[33mwarning[0m[[1mW0030[0m]: [1mdeclaration shadows another declaration[0m
  [2mphase: name-resolution | category: shadowing[0m
  [2mcontext:[0m semantic analysis
  [34m--> [0mparse.vit:2763:5
     [34m|[0m
[34m2763 |[0m     value: &JsonValue,
     [34m|[0m     [91m^~~~~~~~~~~~~~~~~[0m [91mThis declaration hides a visible declaration with the same name.[0m
  [32m[1mhelp[0m: Review the highlighted construct and correct the risky behavior or document why it is intentional. at parse.vit:2763:5

[1m[33mwarning[0m[[1mW0030[0m]: [1mdeclaration shadows another declaration[0m
  [2mphase: name-resolution | category: shadowing[0m
  [2mcontext:[0m semantic analysis
  [34m--> [0mparse.vit:2786:5
     [34m|[0m
[34m2786 |[0m     value: &JsonValue
     [34m|[0m     [91m^~~~~~~~~~~~~~~~~[0m [91mThis declaration hides a visible declaration with the same name.[0m
  [32m[1mhelp[0m: Review the highlighted construct and correct the risky behavior or document why it is intentional. at parse.vit:2786:5

[1m[33mwarning[0m[[1mW0030[0m]: [1mdeclaration shadows another declaration[0m
  [2mphase: name-resolution | category: shadowing[0m
  [2mcontext:[0m semantic analysis
  [34m--> [0mparse.vit:2804:5
     [34m|[0m
[34m2804 |[0m     value: &JsonValue
     [34m|[0m     [91m^~~~~~~~~~~~~~~~~[0m [91mThis declaration hides a visible declaration with the same name.[0m
  [32m[1mhelp[0m: Review the highlighted construct and correct the risky behavior or document why it is intentional. at parse.vit:2804:5

[1m[33mwarning[0m[[1mW0030[0m]: [1mdeclaration shadows another declaration[0m
  [2mphase: name-resolution | category: shadowing[0m
  [2mcontext:[0m semantic analysis
  [34m--> [0mparse.vit:2822:5
     [34m|[0m
[34m2822 |[0m     value: &JsonValue
     [34m|[0m     [91m^~~~~~~~~~~~~~~~~[0m [91mThis declaration hides a visible declaration with the same name.[0m
  [32m[1mhelp[0m: Review the highlighted construct and correct the risky behavior or document why it is intentional. at parse.vit:2822:5

[1m[33mwarning[0m[[1mW0030[0m]: [1mdeclaration shadows another declaration[0m
  [2mphase: name-resolution | category: shadowing[0m
  [2mcontext:[0m semantic analysis
  [34m--> [0mparse.vit:2844:5
     [34m|[0m
[34m2844 |[0m     value: &JsonMember
     [34m|[0m     [91m^~~~~~~~~~~~~~~~~~[0m [91mThis declaration hides a visible declaration with the same name.[0m
  [32m[1mhelp[0m: Review the highlighted construct and correct the risky behavior or document why it is intentional. at parse.vit:2844:5

[1m[33mwarning[0m[[1mW0030[0m]: [1mdeclaration shadows another declaration[0m
  [2mphase: name-resolution | category: shadowing[0m
  [2mcontext:[0m semantic analysis
  [34m--> [0mparse.vit:2896:5
     [34m|[0m
[34m2896 |[0m     value: &JsonValue
     [34m|[0m     [91m^~~~~~~~~~~~~~~~~[0m [91mThis declaration hides a visible declaration with the same name.[0m
  [32m[1mhelp[0m: Review the highlighted construct and correct the risky behavior or document why it is intentional. at parse.vit:2896:5

[1m[33mwarning[0m[[1mW0030[0m]: [1mdeclaration shadows another declaration[0m
  [2mphase: name-resolution | category: shadowing[0m
  [2mcontext:[0m semantic analysis
  [34m--> [0mparse.vit:3198:5
     [34m|[0m
[34m3198 |[0m     value: &JsonValue,
     [34m|[0m     [91m^~~~~~~~~~~~~~~~~[0m [91mThis declaration hides a visible declaration with the same name.[0m
  [32m[1mhelp[0m: Review the highlighted construct and correct the risky behavior or document why it is intentional. at parse.vit:3198:5

[1m[33mwarning[0m[[1mW0030[0m]: [1mdeclaration shadows another declaration[0m
  [2mphase: name-resolution | category: shadowing[0m
  [2mcontext:[0m semantic analysis
  [34m--> [0mparse.vit:3217:5
     [34m|[0m
[34m3217 |[0m     value: &JsonValue
     [34m|[0m     [91m^~~~~~~~~~~~~~~~~[0m [91mThis declaration hides a visible declaration with the same name.[0m
  [32m[1mhelp[0m: Review the highlighted construct and correct the risky behavior or document why it is intentional. at parse.vit:3217:5

[1m[33mwarning[0m[[1mW0030[0m]: [1mdeclaration shadows another declaration[0m
  [2mphase: name-resolution | category: shadowing[0m
  [2mcontext:[0m semantic analysis
  [34m--> [0mparse.vit:3229:5
     [34m|[0m
[34m3229 |[0m     value: &JsonValue
     [34m|[0m     [91m^~~~~~~~~~~~~~~~~[0m [91mThis declaration hides a visible declaration with the same name.[0m
  [32m[1mhelp[0m: Review the highlighted construct and correct the risky behavior or document why it is intentional. at parse.vit:3229:5

[1m[33mwarning[0m[[1mW0030[0m]: [1mdeclaration shadows another declaration[0m
  [2mphase: name-resolution | category: shadowing[0m
  [2mcontext:[0m semantic analysis
  [34m--> [0mparse.vit:3271:5
     [34m|[0m
[34m3271 |[0m     value: &JsonValue
     [34m|[0m     [91m^~~~~~~~~~~~~~~~~[0m [91mThis declaration hides a visible declaration with the same name.[0m
  [32m[1mhelp[0m: Review the highlighted construct and correct the risky behavior or document why it is intentional. at parse.vit:3271:5

[1m[33mwarning[0m[[1mW0030[0m]: [1mdeclaration shadows another declaration[0m
  [2mphase: name-resolution | category: shadowing[0m
  [2mcontext:[0m semantic analysis
  [34m--> [0mparse.vit:3313:5
     [34m|[0m
[34m3313 |[0m     value: &JsonValue
     [34m|[0m     [91m^~~~~~~~~~~~~~~~~[0m [91mThis declaration hides a visible declaration with the same name.[0m
  [32m[1mhelp[0m: Review the highlighted construct and correct the risky behavior or document why it is intentional. at parse.vit:3313:5

[1m[33mwarning[0m[[1mW0030[0m]: [1mdeclaration shadows another declaration[0m
  [2mphase: name-resolution | category: shadowing[0m
  [2mcontext:[0m semantic analysis
  [34m--> [0mparse.vit:3359:5
     [34m|[0m
[34m3359 |[0m     value: &JsonValue
     [34m|[0m     [91m^~~~~~~~~~~~~~~~~[0m [91mThis declaration hides a visible declaration with the same name.[0m
  [32m[1mhelp[0m: Review the highlighted construct and correct the risky behavior or document why it is intentional. at parse.vit:3359:5

[1m[33mwarning[0m[[1mW0030[0m]: [1mdeclaration shadows another declaration[0m
  [2mphase: name-resolution | category: shadowing[0m
  [2mcontext:[0m semantic analysis
  [34m--> [0mparse.vit:3370:5
     [34m|[0m
[34m3370 |[0m     value: &JsonValue,
     [34m|[0m     [91m^~~~~~~~~~~~~~~~~[0m [91mThis declaration hides a visible declaration with the same name.[0m
  [32m[1mhelp[0m: Review the highlighted construct and correct the risky behavior or document why it is intentional. at parse.vit:3370:5

[1m[33mwarning[0m[[1mW0030[0m]: [1mdeclaration shadows another declaration[0m
  [2mphase: name-resolution | category: shadowing[0m
  [2mcontext:[0m semantic analysis
  [34m--> [0mparse.vit:3417:5
     [34m|[0m
[34m3417 |[0m     value: &JsonValue
     [34m|[0m     [91m^~~~~~~~~~~~~~~~~[0m [91mThis declaration hides a visible declaration with the same name.[0m
  [32m[1mhelp[0m: Review the highlighted construct and correct the risky behavior or document why it is intentional. at parse.vit:3417:5

[1m[33mwarning[0m[[1mW0030[0m]: [1mdeclaration shadows another declaration[0m
  [2mphase: name-resolution | category: shadowing[0m
  [2mcontext:[0m semantic analysis
  [34m--> [0mparse.vit:3425:5
     [34m|[0m
[34m3425 |[0m     value: &JsonValue
     [34m|[0m     [91m^~~~~~~~~~~~~~~~~[0m [91mThis declaration hides a visible declaration with the same name.[0m
  [32m[1mhelp[0m: Review the highlighted construct and correct the risky behavior or document why it is intentional. at parse.vit:3425:5

[1m[33mwarning[0m[[1mW0030[0m]: [1mdeclaration shadows another declaration[0m
  [2mphase: name-resolution | category: shadowing[0m
  [2mcontext:[0m semantic analysis
  [34m--> [0mparse.vit:3433:5
     [34m|[0m
[34m3433 |[0m     value: &JsonValue
     [34m|[0m     [91m^~~~~~~~~~~~~~~~~[0m [91mThis declaration hides a visible declaration with the same name.[0m
  [32m[1mhelp[0m: Review the highlighted construct and correct the risky behavior or document why it is intentional. at parse.vit:3433:5

[1m[33mwarning[0m[[1mW0030[0m]: [1mdeclaration shadows another declaration[0m
  [2mphase: name-resolution | category: shadowing[0m
  [2mcontext:[0m semantic analysis
  [34m--> [0mparse.vit:3441:5
     [34m|[0m
[34m3441 |[0m     value: &JsonValue
     [34m|[0m     [91m^~~~~~~~~~~~~~~~~[0m [91mThis declaration hides a visible declaration with the same name.[0m
  [32m[1mhelp[0m: Review the highlighted construct and correct the risky behavior or document why it is intentional. at parse.vit:3441:5

[1m[33mwarning[0m[[1mW0030[0m]: [1mdeclaration shadows another declaration[0m
  [2mphase: name-resolution | category: shadowing[0m
  [2mcontext:[0m semantic analysis
  [34m--> [0mparse.vit:3449:5
     [34m|[0m
[34m3449 |[0m     value: &JsonValue
     [34m|[0m     [91m^~~~~~~~~~~~~~~~~[0m [91mThis declaration hides a visible declaration with the same name.[0m
  [32m[1mhelp[0m: Review the highlighted construct and correct the risky behavior or document why it is intentional. at parse.vit:3449:5

[1m[33mwarning[0m[[1mW0030[0m]: [1mdeclaration shadows another declaration[0m
  [2mphase: name-resolution | category: shadowing[0m
  [2mcontext:[0m semantic analysis
  [34m--> [0mparse.vit:3456:5
     [34m|[0m
[34m3456 |[0m     value: &JsonValue
     [34m|[0m     [91m^~~~~~~~~~~~~~~~~[0m [91mThis declaration hides a visible declaration with the same name.[0m
  [32m[1mhelp[0m: Review the highlighted construct and correct the risky behavior or document why it is intentional. at parse.vit:3456:5

[1m[33mwarning[0m[[1mW0030[0m]: [1mdeclaration shadows another declaration[0m
  [2mphase: name-resolution | category: shadowing[0m
  [2mcontext:[0m semantic analysis
  [34m--> [0mparse.vit:3464:5
     [34m|[0m
[34m3464 |[0m     value: &JsonValue
     [34m|[0m     [91m^~~~~~~~~~~~~~~~~[0m [91mThis declaration hides a visible declaration with the same name.[0m
  [32m[1mhelp[0m: Review the highlighted construct and correct the risky behavior or document why it is intentional. at parse.vit:3464:5

[1m[33mwarning[0m[[1mW0030[0m]: [1mdeclaration shadows another declaration[0m
  [2mphase: name-resolution | category: shadowing[0m
  [2mcontext:[0m semantic analysis
  [34m--> [0mparse.vit:3472:5
     [34m|[0m
[34m3472 |[0m     value: &JsonValue
     [34m|[0m     [91m^~~~~~~~~~~~~~~~~[0m [91mThis declaration hides a visible declaration with the same name.[0m
  [32m[1mhelp[0m: Review the highlighted construct and correct the risky behavior or document why it is intentional. at parse.vit:3472:5

[1m[33mwarning[0m[[1mW0030[0m]: [1mdeclaration shadows another declaration[0m
  [2mphase: name-resolution | category: shadowing[0m
  [2mcontext:[0m semantic analysis
  [34m--> [0mparse.vit:3484:5
     [34m|[0m
[34m3484 |[0m     value: &JsonValue
     [34m|[0m     [91m^~~~~~~~~~~~~~~~~[0m [91mThis declaration hides a visible declaration with the same name.[0m
  [32m[1mhelp[0m: Review the highlighted construct and correct the risky behavior or document why it is intentional. at parse.vit:3484:5

[1m[33mwarning[0m[[1mW0030[0m]: [1mdeclaration shadows another declaration[0m
  [2mphase: name-resolution | category: shadowing[0m
  [2mcontext:[0m semantic analysis
  [34m--> [0mparse.vit:3527:5
     [34m|[0m
[34m3527 |[0m     value: &JsonValue
     [34m|[0m     [91m^~~~~~~~~~~~~~~~~[0m [91mThis declaration hides a visible declaration with the same name.[0m
  [32m[1mhelp[0m: Review the highlighted construct and correct the risky behavior or document why it is intentional. at parse.vit:3527:5

[1m[33mwarning[0m[[1mW0030[0m]: [1mdeclaration shadows another declaration[0m
  [2mphase: name-resolution | category: shadowing[0m
  [2mcontext:[0m semantic analysis
  [34m--> [0mparse.vit:3574:5
     [34m|[0m
[34m3574 |[0m     value: &JsonValue,
     [34m|[0m     [91m^~~~~~~~~~~~~~~~~[0m [91mThis declaration hides a visible declaration with the same name.[0m
  [32m[1mhelp[0m: Review the highlighted construct and correct the risky behavior or document why it is intentional. at parse.vit:3574:5

[1m[33mwarning[0m[[1mW0030[0m]: [1mdeclaration shadows another declaration[0m
  [2mphase: name-resolution | category: shadowing[0m
  [2mcontext:[0m semantic analysis
  [34m--> [0mparse.vit:3633:5
     [34m|[0m
[34m3633 |[0m     value: &JsonValue,
     [34m|[0m     [91m^~~~~~~~~~~~~~~~~[0m [91mThis declaration hides a visible declaration with the same name.[0m
  [32m[1mhelp[0m: Review the highlighted construct and correct the risky behavior or document why it is intentional. at parse.vit:3633:5

[1m[33mwarning[0m[[1mW0030[0m]: [1mdeclaration shadows another declaration[0m
  [2mphase: name-resolution | category: shadowing[0m
  [2mcontext:[0m semantic analysis
  [34m--> [0mparse.vit:3649:5
     [34m|[0m
[34m3649 |[0m     value: &JsonValue,
     [34m|[0m     [91m^~~~~~~~~~~~~~~~~[0m [91mThis declaration hides a visible declaration with the same name.[0m
  [32m[1mhelp[0m: Review the highlighted construct and correct the risky behavior or document why it is intentional. at parse.vit:3649:5

[1m[33mwarning[0m[[1mW0030[0m]: [1mdeclaration shadows another declaration[0m
  [2mphase: name-resolution | category: shadowing[0m
  [2mcontext:[0m semantic analysis
  [34m--> [0mparse.vit:3698:5
     [34m|[0m
[34m3698 |[0m     value: &JsonValue,
     [34m|[0m     [91m^~~~~~~~~~~~~~~~~[0m [91mThis declaration hides a visible declaration with the same name.[0m
  [32m[1mhelp[0m: Review the highlighted construct and correct the risky behavior or document why it is intentional. at parse.vit:3698:5

[1m[33mwarning[0m[[1mW0030[0m]: [1mdeclaration shadows another declaration[0m
  [2mphase: name-resolution | category: shadowing[0m
  [2mcontext:[0m semantic analysis
  [34m--> [0mparse.vit:3777:5
     [34m|[0m
[34m3777 |[0m     value: &JsonValue
     [34m|[0m     [91m^~~~~~~~~~~~~~~~~[0m [91mThis declaration hides a visible declaration with the same name.[0m
  [32m[1mhelp[0m: Review the highlighted construct and correct the risky behavior or document why it is intentional. at parse.vit:3777:5

[1m[33mwarning[0m[[1mW0030[0m]: [1mdeclaration shadows another declaration[0m
  [2mphase: name-resolution | category: shadowing[0m
  [2mcontext:[0m semantic analysis
  [34m--> [0mparse.vit:3826:5
     [34m|[0m
[34m3826 |[0m     value: &JsonValue,
     [34m|[0m     [91m^~~~~~~~~~~~~~~~~[0m [91mThis declaration hides a visible declaration with the same name.[0m
  [32m[1mhelp[0m: Review the highlighted construct and correct the risky behavior or document why it is intentional. at parse.vit:3826:5

[1m[33mwarning[0m[[1mW0030[0m]: [1mdeclaration shadows another declaration[0m
  [2mphase: name-resolution | category: shadowing[0m
  [2mcontext:[0m semantic analysis
  [34m--> [0mparse.vit:3901:5
     [34m|[0m
[34m3901 |[0m     value: &JsonValue
     [34m|[0m     [91m^~~~~~~~~~~~~~~~~[0m [91mThis declaration hides a visible declaration with the same name.[0m
  [32m[1mhelp[0m: Review the highlighted construct and correct the risky behavior or document why it is intentional. at parse.vit:3901:5

[1m[33mwarning[0m[[1mW0030[0m]: [1mdeclaration shadows another declaration[0m
  [2mphase: name-resolution | category: shadowing[0m
  [2mcontext:[0m semantic analysis
  [34m--> [0mparse.vit:3913:5
     [34m|[0m
[34m3913 |[0m     value: &JsonValue
     [34m|[0m     [91m^~~~~~~~~~~~~~~~~[0m [91mThis declaration hides a visible declaration with the same name.[0m
  [32m[1mhelp[0m: Review the highlighted construct and correct the risky behavior or document why it is intentional. at parse.vit:3913:5

[1m[33mwarning[0m[[1mW0030[0m]: [1mdeclaration shadows another declaration[0m
  [2mphase: name-resolution | category: shadowing[0m
  [2mcontext:[0m semantic analysis
  [34m--> [0mparse.vit:3965:5
     [34m|[0m
[34m3965 |[0m     value: &JsonValue
     [34m|[0m     [91m^~~~~~~~~~~~~~~~~[0m [91mThis declaration hides a visible declaration with the same name.[0m
  [32m[1mhelp[0m: Review the highlighted construct and correct the risky behavior or document why it is intentional. at parse.vit:3965:5

[1m[33mwarning[0m[[1mW0030[0m]: [1mdeclaration shadows another declaration[0m
  [2mphase: name-resolution | category: shadowing[0m
  [2mcontext:[0m semantic analysis
  [34m--> [0mparse.vit:3999:5
     [34m|[0m
[34m3999 |[0m     value: &JsonValue
     [34m|[0m     [91m^~~~~~~~~~~~~~~~~[0m [91mThis declaration hides a visible declaration with the same name.[0m
  [32m[1mhelp[0m: Review the highlighted construct and correct the risky behavior or document why it is intentional. at parse.vit:3999:5

[1m[33mwarning[0m[[1mW0030[0m]: [1mdeclaration shadows another declaration[0m
  [2mphase: name-resolution | category: shadowing[0m
  [2mcontext:[0m semantic analysis
  [34m--> [0mparse.vit:5168:5
     [34m|[0m
[34m5168 |[0m     error: JsonEscapeError,
     [34m|[0m     [91m^~~~~~~~~~~~~~~~~~~~~~[0m [91mThis declaration hides a visible declaration with the same name.[0m
  [32m[1mhelp[0m: Review the highlighted construct and correct the risky behavior or document why it is intentional. at parse.vit:5168:5

[1m[33mwarning[0m[[1mW0030[0m]: [1mdeclaration shadows another declaration[0m
  [2mphase: name-resolution | category: shadowing[0m
  [2mcontext:[0m semantic analysis
  [34m--> [0mparse.vit:5203:5
     [34m|[0m
[34m5203 |[0m     error: JsonEscapeError,
     [34m|[0m     [91m^~~~~~~~~~~~~~~~~~~~~~[0m [91mThis declaration hides a visible declaration with the same name.[0m
  [32m[1mhelp[0m: Review the highlighted construct and correct the risky behavior or document why it is intentional. at parse.vit:5203:5

[1m[33mwarning[0m[[1mW0030[0m]: [1mdeclaration shadows another declaration[0m
  [2mphase: name-resolution | category: shadowing[0m
  [2mcontext:[0m semantic analysis
  [34m--> [0mparse.vit:5228:5
     [34m|[0m
[34m5228 |[0m     error: JsonEscapeError
     [34m|[0m     [91m^~~~~~~~~~~~~~~~~~~~~~[0m [91mThis declaration hides a visible declaration with the same name.[0m
  [32m[1mhelp[0m: Review the highlighted construct and correct the risky behavior or document why it is intentional. at parse.vit:5228:5

[1m[33mwarning[0m[[1mW0030[0m]: [1mdeclaration shadows another declaration[0m
  [2mphase: name-resolution | category: shadowing[0m
  [2mcontext:[0m semantic analysis
  [34m--> [0mparse.vit:6820:1
     [34m|[0m
[34m6820 |[0m [91m/ [0mproc token(
[34m6821 |[0m [91m| [0m    kind: JsonTokenKind,
[34m6822 |[0m [91m| [0m    lexeme: string,
[34m6823 |[0m [91m| [0m    value: string,
[34m6824 |[0m [91m| [0m    location: JsonSpan
[34m6825 |[0m [91m| [0m) -> JsonToken {
[34m6826 |[0m [91m| [0m    give JsonToken {
[34m6827 |[0m [91m| [0m        kind: kind,
[34m6828 |[0m [91m| [0m        lexeme: lexeme,
[34m6829 |[0m [91m| [0m        value: value,
[34m6830 |[0m [91m| [0m        span: location,
[34m6831 |[0m [91m| [0m    };
[34m6832 |[0m [91m\ [0m}
     [34m| [0m[91mThis declaration hides a visible declaration with the same name.[0m
  [32m[1mhelp[0m: Review the highlighted construct and correct the risky behavior or document why it is intentional. at parse.vit:6820:1

[1m[33mwarning[0m[[1mW0030[0m]: [1mdeclaration shadows another declaration[0m
  [2mphase: name-resolution | category: shadowing[0m
  [2mcontext:[0m semantic analysis
  [34m--> [0mparse.vit:8270:8
      [34m|[0m
[34m 8270 |[0m [91m/ [0mexport space lexer {
[34m 8271 |[0m [91m| [0m/// JSON lexer.
[34m 8272 |[0m [91m| [0m///
[34m 8273 |[0m [91m| [0m/// Strict RFC 8259-oriented lexical analysis for Vitte.
[34m 8274 |[0m [91m| [0m///
[34m 8275 |[0m [91m| [0m/// Responsibilities:
[34m 8276 |[0m [91m| [0m/// - recognize JSON punctuation;
[34m 8277 |[0m [91m| [0m/// - recognize `null`, `true` and `false`;
[34m 8278 |[0m [91m| [0m/// - recognize strict JSON numbers;
[34m 8279 |[0m [91m| [0m/// - recognize JSON strings;
[34m 8280 |[0m [91m| [0m/// - validate and decode JSON string escapes;
[34m 8281 |[0m [91m| [0m/// - track exact source positions and spans;
[34m 8282 |[0m [91m| [0m/// - reject comments and non-JSON extensions;
[34m 8283 |[0m [91m| [0m/// - reject malformed literals and numbers;
[34m 8284 |[0m [91m| [0m/// - reject unescaped control characters;
[34m 8285 |[0m [91m| [0m/// - expose tokens suitable for the JSON parser.
[34m 8286 |[0m [91m| [0m///
[34m 8287 |[0m [91m| [0m/// JSON whitespace is restricted to:
[34m 8288 |[0m [91m| [0m/// - space U+0020
[34m 8289 |[0m [91m| [0m/// - horizontal tab U+0009
[34m 8290 |[0m [91m| [0m/// - line feed U+000A
[34m 8291 |[0m [91m| [0m/// - carriage return U+000D
[34m 8292 |[0m [91m| [0m///
[34m 8293 |[0m [91m| [0m/// The lexer intentionally does not accept:
[34m 8294 |[0m [91m| [0m/// - comments;
[34m 8295 |[0m [91m| [0m/// - single-quoted strings;
[34m 8296 |[0m [91m| [0m/// - hexadecimal numbers;
[34m 8297 |[0m [91m| [0m/// - numeric separators;
[34m 8298 |[0m [91m| [0m/// - leading `+`;
[34m 8299 |[0m [91m| [0m/// - leading zeroes such as `01`;
[34m 8300 |[0m [91m| [0m/// - `NaN`;
[34m 8301 |[0m [91m| [0m/// - `Infinity`;
[34m 8302 |[0m [91m| [0m/// - trailing decimal points;
[34m 8303 |[0m [91m| [0m/// - incomplete exponents.
[34m 8304 |[0m [91m| [0m
[34m 8305 |[0m [91m| [0m
[34m 8306 |[0m [91m| [0m
[34m 8307 |[0m [91m| [0muse json::error::position::*;
[34m 8308 |[0m [91m| [0muse json::lexer::escape::*;
[34m 8309 |[0m [91m| [0muse json::lexer::token::*;
[34m 8310 |[0m [91m| [0m
[34m 8311 |[0m [91m| [0mconst JSON_LEXER_DEFAULT_MAX_TOKENS: usize = 1048576;
[34m 8312 |[0m [91m| [0mconst JSON_LEXER_DEFAULT_MAX_STRING_LENGTH: usize = 16777216;
[34m 8313 |[0m [91m| [0mconst JSON_LEXER_DEFAULT_MAX_NUMBER_LENGTH: usize = 4096;
[34m 8314 |[0m [91m| [0mconst JSON_LEXER_DEFAULT_MAX_SOURCE_LENGTH: usize = 268435456;
[34m 8315 |[0m [91m| [0m
[34m 8316 |[0m [91m| [0mexport pick JsonLexerError {
[34m 8317 |[0m [91m| [0m    None,
[34m 8318 |[0m [91m| [0m
[34m 8319 |[0m [91m| [0m    SourceTooLarge,
[34m 8320 |[0m [91m| [0m    TooManyTokens,
[34m 8321 |[0m [91m| [0m
[34m 8322 |[0m [91m| [0m    UnexpectedCharacter,
[34m 8323 |[0m [91m| [0m
[34m 8324 |[0m [91m| [0m    InvalidLiteral,
[34m 8325 |[0m [91m| [0m
[34m 8326 |[0m [91m| [0m    InvalidNullLiteral,
[34m 8327 |[0m [91m| [0m    InvalidTrueLiteral,
[34m 8328 |[0m [91m| [0m    InvalidFalseLiteral,
[34m 8329 |[0m [91m| [0m
[34m 8330 |[0m [91m| [0m    InvalidNumber,
[34m 8331 |[0m [91m| [0m    InvalidNumberLeadingZero,
[34m 8332 |[0m [91m| [0m    InvalidNumberFraction,
[34m 8333 |[0m [91m| [0m    InvalidNumberExponent,
[34m 8334 |[0m [91m| [0m    NumberTooLong,
[34m 8335 |[0m [91m| [0m
[34m 8336 |[0m [91m| [0m    UnterminatedString,
[34m 8337 |[0m [91m| [0m    UnescapedControlCharacter,
[34m 8338 |[0m [91m| [0m    InvalidStringEscape,
[34m 8339 |[0m [91m| [0m    InvalidUnicodeEscape,
[34m 8340 |[0m [91m| [0m    StringTooLong,
[34m 8341 |[0m [91m| [0m
[34m 8342 |[0m [91m| [0m    Internal,
[34m 8343 |[0m [91m| [0m}
[34m 8344 |[0m [91m| [0m
[34m 8345 |[0m [91m| [0mform JsonLexerLimits {
[34m 8346 |[0m [91m| [0m    max_tokens: usize,
[34m 8347 |[0m [91m| [0m
[34m 8348 |[0m [91m| [0m    max_string_length: usize,
[34m 8349 |[0m [91m| [0m
[34m 8350 |[0m [91m| [0m    max_number_length: usize,
[34m 8351 |[0m [91m| [0m
[34m 8352 |[0m [91m| [0m    max_source_length: usize,
[34m 8353 |[0m [91m| [0m}
[34m 8354 |[0m [91m| [0m
[34m 8355 |[0m [91m| [0mexport form JsonLexerDiagnostic {
[34m 8356 |[0m [91m| [0m    error: JsonLexerError,
[34m 8357 |[0m [91m| [0m
[34m 8358 |[0m [91m| [0m    message: string,
[34m 8359 |[0m [91m| [0m
[34m 8360 |[0m [91m| [0m    detail: string,
[34m 8361 |[0m [91m| [0m
[34m 8362 |[0m [91m| [0m    /// Optional beginner-friendly fix suggestion.
[34m 8363 |[0m [91m| [0m    /// Empty when the lexer cannot safely suggest a correction.
[34m 8364 |[0m [91m| [0m    suggestion: string,
[34m 8365 |[0m [91m| [0m
[34m 8366 |[0m [91m| [0m    found: string,
[34m 8367 |[0m [91m| [0m
[34m 8368 |[0m [91m| [0m    span: JsonSpan,
[34m 8369 |[0m [91m| [0m}
[34m 8370 |[0m [91m| [0m
[34m 8371 |[0m [91m| [0mexport form JsonLexerResult {
[34m 8372 |[0m [91m| [0m    ok: bool,
[34m 8373 |[0m [91m| [0m
[34m 8374 |[0m [91m| [0m    tokens: [JsonToken],
[34m 8375 |[0m [91m| [0m
[34m 8376 |[0m [91m| [0m    error: JsonLexerDiagnostic,
[34m 8377 |[0m [91m| [0m
[34m 8378 |[0m [91m| [0m    token_count: usize,
[34m 8379 |[0m [91m| [0m}
[34m 8380 |[0m [91m| [0m
[34m 8381 |[0m [91m| [0mform JsonLexer {
[34m 8382 |[0m [91m| [0m    source: string,
[34m 8383 |[0m [91m| [0m
[34m 8384 |[0m [91m| [0m    index: usize,
[34m 8385 |[0m [91m| [0m
[34m 8386 |[0m [91m| [0m    position: JsonPosition,
[34m 8387 |[0m [91m| [0m
[34m 8388 |[0m [91m| [0m    tokens: [JsonToken],
[34m 8389 |[0m [91m| [0m
[34m 8390 |[0m [91m| [0m    token_count: usize,
[34m 8391 |[0m [91m| [0m
[34m 8392 |[0m [91m| [0m    limits: JsonLexerLimits,
[34m 8393 |[0m [91m| [0m
[34m 8394 |[0m [91m| [0m    failed: bool,
[34m 8395 |[0m [91m| [0m
[34m 8396 |[0m [91m| [0m    error: JsonLexerDiagnostic,
[34m 8397 |[0m [91m| [0m}
[34m 8398 |[0m [91m| [0m
[34m 8399 |[0m [91m| [0m/// -------------------------------------------------------------------------
[34m 8400 |[0m [91m| [0m/// Limits
[34m 8401 |[0m [91m| [0m/// -------------------------------------------------------------------------
[34m 8402 |[0m [91m| [0m
[34m 8403 |[0m [91m| [0mproc default_limits() -> JsonLexerLimits {
[34m 8404 |[0m [91m| [0m    give JsonLexerLimits {
[34m 8405 |[0m [91m| [0m        max_tokens:
[34m 8406 |[0m [91m| [0m            JSON_LEXER_DEFAULT_MAX_TOKENS,
[34m 8407 |[0m [91m| [0m
[34m 8408 |[0m [91m| [0m        max_string_length:
[34m 8409 |[0m [91m| [0m            JSON_LEXER_DEFAULT_MAX_STRING_LENGTH,
[34m 8410 |[0m [91m| [0m
[34m 8411 |[0m [91m| [0m        max_number_length:
[34m 8412 |[0m [91m| [0m            JSON_LEXER_DEFAULT_MAX_NUMBER_LENGTH,
[34m 8413 |[0m [91m| [0m
[34m 8414 |[0m [91m| [0m        max_source_length:
[34m 8415 |[0m [91m| [0m            JSON_LEXER_DEFAULT_MAX_SOURCE_LENGTH,
[34m 8416 |[0m [91m| [0m    };
[34m 8417 |[0m [91m| [0m}
[34m 8418 |[0m [91m| [0m
[34m 8419 |[0m [91m| [0mproc limits(
[34m 8420 |[0m [91m| [0m    max_tokens: usize,
[34m 8421 |[0m [91m| [0m    max_string_length: usize,
[34m 8422 |[0m [91m| [0m    max_number_length: usize,
[34m 8423 |[0m [91m| [0m    max_source_length: usize
[34m 8424 |[0m [91m| [0m) -> JsonLexerLimits {
[34m 8425 |[0m [91m| [0m    give JsonLexerLimits {
[34m 8426 |[0m [91m| [0m        max_tokens: max_tokens,
[34m 8427 |[0m [91m| [0m
[34m 8428 |[0m [91m| [0m        max_string_length:
[34m 8429 |[0m [91m| [0m            max_string_length,
[34m 8430 |[0m [91m| [0m
[34m 8431 |[0m [91m| [0m        max_number_length:
[34m 8432 |[0m [91m| [0m            max_number_length,
[34m 8433 |[0m [91m| [0m
[34m 8434 |[0m [91m| [0m        max_source_length:
[34m 8435 |[0m [91m| [0m            max_source_length,
[34m 8436 |[0m [91m| [0m    };
[34m 8437 |[0m [91m| [0m}
[34m 8438 |[0m [91m| [0m
[34m 8439 |[0m [91m| [0mproc limits_valid(
[34m 8440 |[0m [91m| [0m    value: &JsonLexerLimits
[34m 8441 |[0m [91m| [0m) -> bool {
[34m 8442 |[0m [91m| [0m    give value.max_tokens > 0 &&
[34m 8443 |[0m [91m| [0m         value.max_string_length > 0 &&
[34m 8444 |[0m [91m| [0m         value.max_number_length > 0 &&
[34m 8445 |[0m [91m| [0m         value.max_source_length > 0;
[34m 8446 |[0m [91m| [0m}
[34m 8447 |[0m [91m| [0m
[34m 8448 |[0m [91m| [0m/// -------------------------------------------------------------------------
[34m 8449 |[0m [91m| [0m/// Token helpers
[34m 8450 |[0m [91m| [0m/// -------------------------------------------------------------------------
[34m 8451 |[0m [91m| [0m
[34m 8452 |[0m [91m| [0mproc token(
[34m 8453 |[0m [91m| [0m    kind: JsonTokenKind,
[34m 8454 |[0m [91m| [0m    lexeme: string,
[34m 8455 |[0m [91m| [0m    value: string,
[34m 8456 |[0m [91m| [0m    location: JsonSpan
[34m 8457 |[0m [91m| [0m) -> JsonToken {
[34m 8458 |[0m [91m| [0m    give JsonToken {
[34m 8459 |[0m [91m| [0m        kind: kind,
[34m 8460 |[0m [91m| [0m
[34m 8461 |[0m [91m| [0m        lexeme: lexeme,
[34m 8462 |[0m [91m| [0m
[34m 8463 |[0m [91m| [0m        value: value,
[34m 8464 |[0m [91m| [0m
[34m 8465 |[0m [91m| [0m        span: location,
[34m 8466 |[0m [91m| [0m    };
[34m 8467 |[0m [91m| [0m}
[34m 8468 |[0m [91m| [0m
[34m 8469 |[0m [91m| [0mproc invalid_token() -> JsonToken {
[34m 8470 |[0m [91m| [0m    give token(
[34m 8471 |[0m [91m| [0m        JsonTokenKind.Invalid,
[34m 8472 |[0m [91m| [0m        "",
[34m 8473 |[0m [91m| [0m        "",
[34m 8474 |[0m [91m| [0m        empty_span());
[34m 8475 |[0m [91m| [0m}
[34m 8476 |[0m [91m| [0m
[34m 8477 |[0m [91m| [0mproc end_token(
[34m 8478 |[0m [91m| [0m    location: JsonPosition
[34m 8479 |[0m [91m| [0m) -> JsonToken {
[34m 8480 |[0m [91m| [0m    give token(
[34m 8481 |[0m [91m| [0m        JsonTokenKind.End,
[34m 8482 |[0m [91m| [0m        "",
[34m 8483 |[0m [91m| [0m        "",
[34m 8484 |[0m [91m| [0m        point(location));
[34m 8485 |[0m [91m| [0m}
[34m 8486 |[0m [91m| [0m
[34m 8487 |[0m [91m| [0mproc token_kind_name(
[34m 8488 |[0m [91m| [0m    kind: JsonTokenKind
[34m 8489 |[0m [91m| [0m) -> string {
[34m 8490 |[0m [91m| [0m    if kind ==
[34m 8491 |[0m [91m| [0m       JsonTokenKind.Invalid {
[34m 8492 |[0m [91m| [0m        give "invalid";
[34m 8493 |[0m [91m| [0m    }
[34m 8494 |[0m [91m| [0m
[34m 8495 |[0m [91m| [0m    if kind ==
[34m 8496 |[0m [91m| [0m       JsonTokenKind.End {
[34m 8497 |[0m [91m| [0m        give "end";
[34m 8498 |[0m [91m| [0m    }
[34m 8499 |[0m [91m| [0m
[34m 8500 |[0m [91m| [0m    if kind ==
[34m 8501 |[0m [91m| [0m       JsonTokenKind.LeftBrace {
[34m 8502 |[0m [91m| [0m        give "{";
[34m 8503 |[0m [91m| [0m    }
[34m 8504 |[0m [91m| [0m
[34m 8505 |[0m [91m| [0m    if kind ==
[34m 8506 |[0m [91m| [0m       JsonTokenKind.RightBrace {
[34m 8507 |[0m [91m| [0m        give "}";
[34m 8508 |[0m [91m| [0m    }
[34m 8509 |[0m [91m| [0m
[34m 8510 |[0m [91m| [0m    if kind ==
[34m 8511 |[0m [91m| [0m       JsonTokenKind.LeftBracket {
[34m 8512 |[0m [91m| [0m        give "[";
[34m 8513 |[0m [91m| [0m    }
[34m 8514 |[0m [91m| [0m
[34m 8515 |[0m [91m| [0m    if kind ==
[34m 8516 |[0m [91m| [0m       JsonTokenKind.RightBracket {
[34m 8517 |[0m [91m| [0m        give "]";
[34m 8518 |[0m [91m| [0m    }
[34m 8519 |[0m [91m| [0m
[34m 8520 |[0m [91m| [0m    if kind ==
[34m 8521 |[0m [91m| [0m       JsonTokenKind.Colon {
[34m 8522 |[0m [91m| [0m        give ":";
[34m 8523 |[0m [91m| [0m    }
[34m 8524 |[0m [91m| [0m
[34m 8525 |[0m [91m| [0m    if kind ==
[34m 8526 |[0m [91m| [0m       JsonTokenKind.Comma {
[34m 8527 |[0m [91m| [0m        give ",";
[34m 8528 |[0m [91m| [0m    }
[34m 8529 |[0m [91m| [0m
[34m 8530 |[0m [91m| [0m    if kind ==
[34m 8531 |[0m [91m| [0m       JsonTokenKind.Null {
[34m 8532 |[0m [91m| [0m        give "null";
[34m 8533 |[0m [91m| [0m    }
[34m 8534 |[0m [91m| [0m
[34m 8535 |[0m [91m| [0m    if kind ==
[34m 8536 |[0m [91m| [0m       JsonTokenKind.True {
[34m 8537 |[0m [91m| [0m        give "true";
[34m 8538 |[0m [91m| [0m    }
[34m 8539 |[0m [91m| [0m
[34m 8540 |[0m [91m| [0m    if kind ==
[34m 8541 |[0m [91m| [0m       JsonTokenKind.False {
[34m 8542 |[0m [91m| [0m        give "false";
[34m 8543 |[0m [91m| [0m    }
[34m 8544 |[0m [91m| [0m
[34m 8545 |[0m [91m| [0m    if kind ==
[34m 8546 |[0m [91m| [0m       JsonTokenKind.Number {
[34m 8547 |[0m [91m| [0m        give "number";
[34m 8548 |[0m [91m| [0m    }
[34m 8549 |[0m [91m| [0m
[34m 8550 |[0m [91m| [0m    give "string";
[34m 8551 |[0m [91m| [0m}
[34m 8552 |[0m [91m| [0m
[34m 8553 |[0m [91m| [0mproc token_is_punctuation(
[34m 8554 |[0m [91m| [0m    kind: JsonTokenKind
[34m 8555 |[0m [91m| [0m) -> bool {
[34m 8556 |[0m [91m| [0m    give kind ==
[34m 8557 |[0m [91m| [0m             JsonTokenKind.LeftBrace ||
[34m 8558 |[0m [91m| [0m         kind ==
[34m 8559 |[0m [91m| [0m             JsonTokenKind.RightBrace ||
[34m 8560 |[0m [91m| [0m         kind ==
[34m 8561 |[0m [91m| [0m             JsonTokenKind.LeftBracket ||
[34m 8562 |[0m [91m| [0m         kind ==
[34m 8563 |[0m [91m| [0m             JsonTokenKind.RightBracket ||
[34m 8564 |[0m [91m| [0m         kind ==
[34m 8565 |[0m [91m| [0m             JsonTokenKind.Colon ||
[34m 8566 |[0m [91m| [0m         kind ==
[34m 8567 |[0m [91m| [0m             JsonTokenKind.Comma;
[34m 8568 |[0m [91m| [0m}
[34m 8569 |[0m [91m| [0m
[34m 8570 |[0m [91m| [0mproc token_is_literal(
[34m 8571 |[0m [91m| [0m    kind: JsonTokenKind
[34m 8572 |[0m [91m| [0m) -> bool {
[34m 8573 |[0m [91m| [0m    give kind ==
[34m 8574 |[0m [91m| [0m             JsonTokenKind.Null ||
[34m 8575 |[0m [91m| [0m         kind ==
[34m 8576 |[0m [91m| [0m             JsonTokenKind.True ||
[34m 8577 |[0m [91m| [0m         kind ==
[34m 8578 |[0m [91m| [0m             JsonTokenKind.False ||
[34m 8579 |[0m [91m| [0m         kind ==
[34m 8580 |[0m [91m| [0m             JsonTokenKind.Number ||
[34m 8581 |[0m [91m| [0m         kind ==
[34m 8582 |[0m [91m| [0m             JsonTokenKind.String;
[34m 8583 |[0m [91m| [0m}
[34m 8584 |[0m [91m| [0m
[34m 8585 |[0m [91m| [0mproc token_is_value(
[34m 8586 |[0m [91m| [0m    kind: JsonTokenKind
[34m 8587 |[0m [91m| [0m) -> bool {
[34m 8588 |[0m [91m| [0m    give token_is_literal(kind) ||
[34m 8589 |[0m [91m| [0m         kind ==
[34m 8590 |[0m [91m| [0m             JsonTokenKind.LeftBrace ||
[34m 8591 |[0m [91m| [0m         kind ==
[34m 8592 |[0m [91m| [0m             JsonTokenKind.LeftBracket;
[34m 8593 |[0m [91m| [0m}
[34m 8594 |[0m [91m| [0m
[34m 8595 |[0m [91m| [0m/// -------------------------------------------------------------------------
[34m 8596 |[0m [91m| [0m/// Diagnostics
[34m 8597 |[0m [91m| [0m/// -------------------------------------------------------------------------
[34m 8598 |[0m [91m| [0m
[34m 8599 |[0m [91m| [0mproc no_diagnostic() -> JsonLexerDiagnostic {
[34m 8600 |[0m [91m| [0m    give JsonLexerDiagnostic {
[34m 8601 |[0m [91m| [0m        error: JsonLexerError.None,
[34m 8602 |[0m [91m| [0m
[34m 8603 |[0m [91m| [0m        message: "",
[34m 8604 |[0m [91m| [0m
[34m 8605 |[0m [91m| [0m        detail: "",
[34m 8606 |[0m [91m| [0m
[34m 8607 |[0m [91m| [0m        suggestion: "",
[34m 8608 |[0m [91m| [0m
[34m 8609 |[0m [91m| [0m        found: "",
[34m 8610 |[0m [91m| [0m
[34m 8611 |[0m [91m| [0m        span: empty_span(),
[34m 8612 |[0m [91m| [0m    };
[34m 8613 |[0m [91m| [0m}
[34m 8614 |[0m [91m| [0m
[34m 8615 |[0m [91m| [0mproc diagnostic(
[34m 8616 |[0m [91m| [0m    error: JsonLexerError,
[34m 8617 |[0m [91m| [0m    message: string,
[34m 8618 |[0m [91m| [0m    detail: string,
[34m 8619 |[0m [91m| [0m    suggestion: string,
[34m 8620 |[0m [91m| [0m    found: string,
[34m 8621 |[0m [91m| [0m    location: JsonSpan
[34m 8622 |[0m [91m| [0m) -> JsonLexerDiagnostic {
[34m 8623 |[0m [91m| [0m    give JsonLexerDiagnostic {
[34m 8624 |[0m [91m| [0m        error: error,
[34m 8625 |[0m [91m| [0m
[34m 8626 |[0m [91m| [0m        message: message,
[34m 8627 |[0m [91m| [0m
[34m 8628 |[0m [91m| [0m        detail: detail,
[34m 8629 |[0m [91m| [0m
[34m 8630 |[0m [91m| [0m        suggestion: suggestion,
[34m 8631 |[0m [91m| [0m
[34m 8632 |[0m [91m| [0m        found: found,
[34m 8633 |[0m [91m| [0m
[34m 8634 |[0m [91m| [0m        span: location,
[34m 8635 |[0m [91m| [0m    };
[34m 8636 |[0m [91m| [0m}
[34m 8637 |[0m [91m| [0m
[34m 8638 |[0m [91m| [0m/// Return a safe, actionable hint for common lexical mistakes.
[34m 8639 |[0m [91m| [0m/// The empty string means that no automatic correction is reliable.
[34m 8640 |[0m [91m| [0mproc suggestion_for(
[34m 8641 |[0m [91m| [0m    error: JsonLexerError
[34m 8642 |[0m [91m| [0m) -> string {
[34m 8643 |[0m [91m| [0m    if error == JsonLexerError.UnexpectedCharacter {
[34m 8644 |[0m [91m| [0m        give "JSON accepte uniquement des chaînes entre guillemets doubles, des nombres, true, false, null et les signes {}, [], :, et ,";
[34m 8645 |[0m [91m| [0m    }
[34m 8646 |[0m [91m| [0m
[34m 8647 |[0m [91m| [0m    if error == JsonLexerError.InvalidLiteral ||
[34m 8648 |[0m [91m| [0m       error == JsonLexerError.InvalidNullLiteral ||
[34m 8649 |[0m [91m| [0m       error == JsonLexerError.InvalidTrueLiteral ||
[34m 8650 |[0m [91m| [0m       error == JsonLexerError.InvalidFalseLiteral {
[34m 8651 |[0m [91m| [0m        give "Vérifiez l'orthographe de true, false ou null. Ces mots s'écrivent en minuscules, sans guillemets";
[34m 8652 |[0m [91m| [0m    }
[34m 8653 |[0m [91m| [0m
[34m 8654 |[0m [91m| [0m    if error == JsonLexerError.InvalidNumberLeadingZero {
[34m 8655 |[0m [91m| [0m        give "Supprimez le zéro en trop : écrivez 0 ou un nombre qui commence par 1 à 9, par exemple 0.5 ou 12";
[34m 8656 |[0m [91m| [0m    }
[34m 8657 |[0m [91m| [0m
[34m 8658 |[0m [91m| [0m    if error == JsonLexerError.InvalidNumberFraction {
[34m 8659 |[0m [91m| [0m        give "Après le point, ajoutez au moins un chiffre, par exemple 1.5";
[34m 8660 |[0m [91m| [0m    }
[34m 8661 |[0m [91m| [0m
[34m 8662 |[0m [91m| [0m    if error == JsonLexerError.InvalidNumberExponent {
[34m 8663 |[0m [91m| [0m        give "Après e ou E, ajoutez un exposant complet, par exemple 1e3 ou 1e-3";
[34m 8664 |[0m [91m| [0m    }
[34m 8665 |[0m [91m| [0m
[34m 8666 |[0m [91m| [0m    if error == JsonLexerError.UnterminatedString {
[34m 8667 |[0m [91m| [0m        give "Ajoutez le guillemet double manquant à la fin de la chaîne";
[34m 8668 |[0m [91m| [0m    }
[34m 8669 |[0m [91m| [0m
[34m 8670 |[0m [91m| [0m    if error == JsonLexerError.UnescapedControlCharacter {
[34m 8671 |[0m [91m| [0m        give "Remplacez le caractère de contrôle par son échappement JSON, par exemple \\n ou \\t";
[34m 8672 |[0m [91m| [0m    }
[34m 8673 |[0m [91m| [0m
[34m 8674 |[0m [91m| [0m    if error == JsonLexerError.InvalidStringEscape {
[34m 8675 |[0m [91m| [0m        give "Utilisez un échappement JSON valide, comme \\n, \\t ou \\u suivi de quatre chiffres hexadécimaux";
[34m 8676 |[0m [91m| [0m    }
[34m 8677 |[0m [91m| [0m
[34m 8678 |[0m [91m| [0m    if error == JsonLexerError.InvalidUnicodeEscape {
[34m 8679 |[0m [91m| [0m        give "Un échappement Unicode doit avoir la forme \\u suivie de quatre chiffres hexadécimaux, par exemple \\u00E9";
[34m 8680 |[0m [91m| [0m    }
[34m 8681 |[0m [91m| [0m
[34m 8682 |[0m [91m| [0m    give "";
[34m 8683 |[0m [91m| [0m}
[34m 8684 |[0m [91m| [0m
[34m 8685 |[0m [91m| [0mproc error_name(
[34m 8686 |[0m [91m| [0m    error: JsonLexerError
[34m 8687 |[0m [91m| [0m) -> string {
[34m 8688 |[0m [91m| [0m    if error ==
[34m 8689 |[0m [91m| [0m       JsonLexerError.None {
[34m 8690 |[0m [91m| [0m        give "none";
[34m 8691 |[0m [91m| [0m    }
[34m 8692 |[0m [91m| [0m
[34m 8693 |[0m [91m| [0m    if error ==
[34m 8694 |[0m [91m| [0m       JsonLexerError.SourceTooLarge {
[34m 8695 |[0m [91m| [0m        give "source-too-large";
[34m 8696 |[0m [91m| [0m    }
[34m 8697 |[0m [91m| [0m
[34m 8698 |[0m [91m| [0m    if error ==
[34m 8699 |[0m [91m| [0m       JsonLexerError.TooManyTokens {
[34m 8700 |[0m [91m| [0m        give "too-many-tokens";
[34m 8701 |[0m [91m| [0m    }
[34m 8702 |[0m [91m| [0m
[34m 8703 |[0m [91m| [0m    if error ==
[34m 8704 |[0m [91m| [0m       JsonLexerError.UnexpectedCharacter {
[34m 8705 |[0m [91m| [0m        give "unexpected-character";
[34m 8706 |[0m [91m| [0m    }
[34m 8707 |[0m [91m| [0m
[34m 8708 |[0m [91m| [0m    if error ==
[34m 8709 |[0m [91m| [0m       JsonLexerError.InvalidLiteral {
[34m 8710 |[0m [91m| [0m        give "invalid-literal";
[34m 8711 |[0m [91m| [0m    }
[34m 8712 |[0m [91m| [0m
[34m 8713 |[0m [91m| [0m    if error ==
[34m 8714 |[0m [91m| [0m       JsonLexerError.InvalidNullLiteral {
[34m 8715 |[0m [91m| [0m        give "invalid-null-literal";
[34m 8716 |[0m [91m| [0m    }
[34m 8717 |[0m [91m| [0m
[34m 8718 |[0m [91m| [0m    if error ==
[34m 8719 |[0m [91m| [0m       JsonLexerError.InvalidTrueLiteral {
[34m 8720 |[0m [91m| [0m        give "invalid-true-literal";
[34m 8721 |[0m [91m| [0m    }
[34m 8722 |[0m [91m| [0m
[34m 8723 |[0m [91m| [0m    if error ==
[34m 8724 |[0m [91m| [0m       JsonLexerError.InvalidFalseLiteral {
[34m 8725 |[0m [91m| [0m        give "invalid-false-literal";
[34m 8726 |[0m [91m| [0m    }
[34m 8727 |[0m [91m| [0m
[34m 8728 |[0m [91m| [0m    if error ==
[34m 8729 |[0m [91m| [0m       JsonLexerError.InvalidNumber {
[34m 8730 |[0m [91m| [0m        give "invalid-number";
[34m 8731 |[0m [91m| [0m    }
[34m 8732 |[0m [91m| [0m
[34m 8733 |[0m [91m| [0m    if error ==
[34m 8734 |[0m [91m| [0m       JsonLexerError.InvalidNumberLeadingZero {
[34m 8735 |[0m [91m| [0m        give "invalid-number-leading-zero";
[34m 8736 |[0m [91m| [0m    }
[34m 8737 |[0m [91m| [0m
[34m 8738 |[0m [91m| [0m    if error ==
[34m 8739 |[0m [91m| [0m       JsonLexerError.InvalidNumberFraction {
[34m 8740 |[0m [91m| [0m        give "invalid-number-fraction";
[34m 8741 |[0m [91m| [0m    }
[34m 8742 |[0m [91m| [0m
[34m 8743 |[0m [91m| [0m    if error ==
[34m 8744 |[0m [91m| [0m       JsonLexerError.InvalidNumberExponent {
[34m 8745 |[0m [91m| [0m        give "invalid-number-exponent";
[34m 8746 |[0m [91m| [0m    }
[34m 8747 |[0m [91m| [0m
[34m 8748 |[0m [91m| [0m    if error ==
[34m 8749 |[0m [91m| [0m       JsonLexerError.NumberTooLong {
[34m 8750 |[0m [91m| [0m        give "number-too-long";
[34m 8751 |[0m [91m| [0m    }
[34m 8752 |[0m [91m| [0m
[34m 8753 |[0m [91m| [0m    if error ==
[34m 8754 |[0m [91m| [0m       JsonLexerError.UnterminatedString {
[34m 8755 |[0m [91m| [0m        give "unterminated-string";
[34m 8756 |[0m [91m| [0m    }
[34m 8757 |[0m [91m| [0m
[34m 8758 |[0m [91m| [0m    if error ==
[34m 8759 |[0m [91m| [0m       JsonLexerError.UnescapedControlCharacter {
[34m 8760 |[0m [91m| [0m        give "unescaped-control-character";
[34m 8761 |[0m [91m| [0m    }
[34m 8762 |[0m [91m| [0m
[34m 8763 |[0m [91m| [0m    if error ==
[34m 8764 |[0m [91m| [0m       JsonLexerError.InvalidStringEscape {
[34m 8765 |[0m [91m| [0m        give "invalid-string-escape";
[34m 8766 |[0m [91m| [0m    }
[34m 8767 |[0m [91m| [0m
[34m 8768 |[0m [91m| [0m    if error ==
[34m 8769 |[0m [91m| [0m       JsonLexerError.InvalidUnicodeEscape {
[34m 8770 |[0m [91m| [0m        give "invalid-unicode-escape";
[34m 8771 |[0m [91m| [0m    }
[34m 8772 |[0m [91m| [0m
[34m 8773 |[0m [91m| [0m    if error ==
[34m 8774 |[0m [91m| [0m       JsonLexerError.StringTooLong {
[34m 8775 |[0m [91m| [0m        give "string-too-long";
[34m 8776 |[0m [91m| [0m    }
[34m 8777 |[0m [91m| [0m
[34m 8778 |[0m [91m| [0m    give "internal";
[34m 8779 |[0m [91m| [0m}
[34m 8780 |[0m [91m| [0m
[34m 8781 |[0m [91m| [0m/// -------------------------------------------------------------------------
[34m 8782 |[0m [91m| [0m/// Result helpers
[34m 8783 |[0m [91m| [0m/// -------------------------------------------------------------------------
[34m 8784 |[0m [91m| [0m
[34m 8785 |[0m [91m| [0mproc lexer_success(
[34m 8786 |[0m [91m| [0m    tokens: [JsonToken],
[34m 8787 |[0m [91m| [0m    count: usize
[34m 8788 |[0m [91m| [0m) -> JsonLexerResult {
[34m 8789 |[0m [91m| [0m    give JsonLexerResult {
[34m 8790 |[0m [91m| [0m        ok: true,
[34m 8791 |[0m [91m| [0m
[34m 8792 |[0m [91m| [0m        tokens: tokens,
[34m 8793 |[0m [91m| [0m
[34m 8794 |[0m [91m| [0m        error: no_diagnostic(),
[34m 8795 |[0m [91m| [0m
[34m 8796 |[0m [91m| [0m        token_count: count,
[34m 8797 |[0m [91m| [0m    };
[34m 8798 |[0m [91m| [0m}
[34m 8799 |[0m [91m| [0m
[34m 8800 |[0m [91m| [0mproc lexer_failure(
[34m 8801 |[0m [91m| [0m    tokens: [JsonToken],
[34m 8802 |[0m [91m| [0m    count: usize,
[34m 8803 |[0m [91m| [0m    error: JsonLexerDiagnostic
[34m 8804 |[0m [91m| [0m) -> JsonLexerResult {
[34m 8805 |[0m [91m| [0m    give JsonLexerResult {
[34m 8806 |[0m [91m| [0m        ok: false,
[34m 8807 |[0m [91m| [0m
[34m 8808 |[0m [91m| [0m        tokens: tokens,
[34m 8809 |[0m [91m| [0m
[34m 8810 |[0m [91m| [0m        error: error,
[34m 8811 |[0m [91m| [0m
[34m 8812 |[0m [91m| [0m        token_count: count,
[34m 8813 |[0m [91m| [0m    };
[34m 8814 |[0m [91m| [0m}
[34m 8815 |[0m [91m| [0m
[34m 8816 |[0m [91m| [0m/// -------------------------------------------------------------------------
[34m 8817 |[0m [91m| [0m/// Lexer construction
[34m 8818 |[0m [91m| [0m/// -------------------------------------------------------------------------
[34m 8819 |[0m [91m| [0m
[34m 8820 |[0m [91m| [0mproc lexer_with_limits(
[34m 8821 |[0m [91m| [0m    source: string,
[34m 8822 |[0m [91m| [0m    lexer_limits: JsonLexerLimits
[34m 8823 |[0m [91m| [0m) -> JsonLexer {
[34m 8824 |[0m [91m| [0m    give JsonLexer {
[34m 8825 |[0m [91m| [0m        source: source,
[34m 8826 |[0m [91m| [0m
[34m 8827 |[0m [91m| [0m        index: 0,
[34m 8828 |[0m [91m| [0m
[34m 8829 |[0m [91m| [0m        position: start(),
[34m 8830 |[0m [91m| [0m
[34m 8831 |[0m [91m| [0m        tokens: [],
[34m 8832 |[0m [91m| [0m
[34m 8833 |[0m [91m| [0m        token_count: 0,
[34m 8834 |[0m [91m| [0m
[34m 8835 |[0m [91m| [0m        limits: lexer_limits,
[34m 8836 |[0m [91m| [0m
[34m 8837 |[0m [91m| [0m        failed: false,
[34m 8838 |[0m [91m| [0m
[34m 8839 |[0m [91m| [0m        error: no_diagnostic(),
[34m 8840 |[0m [91m| [0m    };
[34m 8841 |[0m [91m| [0m}
[34m 8842 |[0m [91m| [0m
[34m 8843 |[0m [91m| [0mproc lexer(
[34m 8844 |[0m [91m| [0m    source: string
[34m 8845 |[0m [91m| [0m) -> JsonLexer {
[34m 8846 |[0m [91m| [0m    give lexer_with_limits(
[34m 8847 |[0m [91m| [0m        source,
[34m 8848 |[0m [91m| [0m        default_limits());
[34m 8849 |[0m [91m| [0m}
[34m 8850 |[0m [91m| [0m
[34m 8851 |[0m [91m| [0m/// -------------------------------------------------------------------------
[34m 8852 |[0m [91m| [0m/// State queries
[34m 8853 |[0m [91m| [0m/// -------------------------------------------------------------------------
[34m 8854 |[0m [91m| [0m
[34m 8855 |[0m [91m| [0mproc at_end(
[34m 8856 |[0m [91m| [0m    state: &JsonLexer
[34m 8857 |[0m [91m| [0m) -> bool {
[34m 8858 |[0m [91m| [0m    give state.index >=
[34m 8859 |[0m [91m| [0m         state.source.length;
[34m 8860 |[0m [91m| [0m}
[34m 8861 |[0m [91m| [0m
[34m 8862 |[0m [91m| [0mproc remaining(
[34m 8863 |[0m [91m| [0m    state: &JsonLexer
[34m 8864 |[0m [91m| [0m) -> usize {
[34m 8865 |[0m [91m| [0m    if state.index >=
[34m 8866 |[0m [91m| [0m       state.source.length {
[34m 8867 |[0m [91m| [0m        give 0;
[34m 8868 |[0m [91m| [0m    }
[34m 8869 |[0m [91m| [0m
[34m 8870 |[0m [91m| [0m    give state.source.length -
[34m 8871 |[0m [91m| [0m         state.index;
[34m 8872 |[0m [91m| [0m}
[34m 8873 |[0m [91m| [0m
[34m 8874 |[0m [91m| [0mproc current(
[34m 8875 |[0m [91m| [0m    state: &JsonLexer
[34m 8876 |[0m [91m| [0m) -> char {
[34m 8877 |[0m [91m| [0m    give state.source[
[34m 8878 |[0m [91m| [0m        state.index];
[34m 8879 |[0m [91m| [0m}
[34m 8880 |[0m [91m| [0m
[34m 8881 |[0m [91m| [0mproc has_next(
[34m 8882 |[0m [91m| [0m    state: &JsonLexer
[34m 8883 |[0m [91m| [0m) -> bool {
[34m 8884 |[0m [91m| [0m    give state.index + 1 <
[34m 8885 |[0m [91m| [0m         state.source.length;
[34m 8886 |[0m [91m| [0m}
[34m 8887 |[0m [91m| [0m
[34m 8888 |[0m [91m| [0mproc peek_next(
[34m 8889 |[0m [91m| [0m    state: &JsonLexer
[34m 8890 |[0m [91m| [0m) -> char {
[34m 8891 |[0m [91m| [0m    give state.source[
[34m 8892 |[0m [91m| [0m        state.index + 1];
[34m 8893 |[0m [91m| [0m}
[34m 8894 |[0m [91m| [0m
[34m 8895 |[0m [91m| [0mproc has_at(
[34m 8896 |[0m [91m| [0m    state: &JsonLexer,
[34m 8897 |[0m [91m| [0m    offset: usize
[34m 8898 |[0m [91m| [0m) -> bool {
[34m 8899 |[0m [91m| [0m    give state.index + offset <
[34m 8900 |[0m [91m| [0m         state.source.length;
[34m 8901 |[0m [91m| [0m}
[34m 8902 |[0m [91m| [0m
[34m 8903 |[0m [91m| [0mproc peek_at(
[34m 8904 |[0m [91m| [0m    state: &JsonLexer,
[34m 8905 |[0m [91m| [0m    offset: usize
[34m 8906 |[0m [91m| [0m) -> char {
[34m 8907 |[0m [91m| [0m    give state.source[
[34m 8908 |[0m [91m| [0m        state.index + offset];
[34m 8909 |[0m [91m| [0m}
[34m 8910 |[0m [91m| [0m
[34m 8911 |[0m [91m| [0m/// -------------------------------------------------------------------------
[34m 8912 |[0m [91m| [0m/// Character classes
[34m 8913 |[0m [91m| [0m/// -------------------------------------------------------------------------
[34m 8914 |[0m [91m| [0m
[34m 8915 |[0m [91m| [0mproc is_json_whitespace(
[34m 8916 |[0m [91m| [0m    value: char
[34m 8917 |[0m [91m| [0m) -> bool {
[34m 8918 |[0m [91m| [0m    give value == ' ' ||
[34m 8919 |[0m [91m| [0m         value == '\t' ||
[34m 8920 |[0m [91m| [0m         value == '\n' ||
[34m 8921 |[0m [91m| [0m         value == '\r';
[34m 8922 |[0m [91m| [0m}
[34m 8923 |[0m [91m| [0m
[34m 8924 |[0m [91m| [0mproc is_digit(
[34m 8925 |[0m [91m| [0m    value: char
[34m 8926 |[0m [91m| [0m) -> bool {
[34m 8927 |[0m [91m| [0m    give value >= '0' &&
[34m 8928 |[0m [91m| [0m         value <= '9';
[34m 8929 |[0m [91m| [0m}
[34m 8930 |[0m [91m| [0m
[34m 8931 |[0m [91m| [0mproc is_nonzero_digit(
[34m 8932 |[0m [91m| [0m    value: char
[34m 8933 |[0m [91m| [0m) -> bool {
[34m 8934 |[0m [91m| [0m    give value >= '1' &&
[34m 8935 |[0m [91m| [0m         value <= '9';
[34m 8936 |[0m [91m| [0m}
[34m 8937 |[0m [91m| [0m
[34m 8938 |[0m [91m| [0mproc is_literal_character(
[34m 8939 |[0m [91m| [0m    value: char
[34m 8940 |[0m [91m| [0m) -> bool {
[34m 8941 |[0m [91m| [0m    give (value >= 'a' &&
[34m 8942 |[0m [91m| [0m          value <= 'z') ||
[34m 8943 |[0m [91m| [0m         (value >= 'A' &&
[34m 8944 |[0m [91m| [0m          value <= 'Z') ||
[34m 8945 |[0m [91m| [0m         is_digit(value) ||
[34m 8946 |[0m [91m| [0m         value == '_';
[34m 8947 |[0m [91m| [0m}
[34m 8948 |[0m [91m| [0m
[34m 8949 |[0m [91m| [0mproc is_number_terminator(
[34m 8950 |[0m [91m| [0m    value: char
[34m 8951 |[0m [91m| [0m) -> bool {
[34m 8952 |[0m [91m| [0m    give is_json_whitespace(value) ||
[34m 8953 |[0m [91m| [0m         value == ',' ||
[34m 8954 |[0m [91m| [0m         value == ']' ||
[34m 8955 |[0m [91m| [0m         value == '}';
[34m 8956 |[0m [91m| [0m}
[34m 8957 |[0m [91m| [0m
[34m 8958 |[0m [91m| [0mproc is_literal_terminator(
[34m 8959 |[0m [91m| [0m    value: char
[34m 8960 |[0m [91m| [0m) -> bool {
[34m 8961 |[0m [91m| [0m    give is_json_whitespace(value) ||
[34m 8962 |[0m [91m| [0m         value == ',' ||
[34m 8963 |[0m [91m| [0m         value == ']' ||
[34m 8964 |[0m [91m| [0m         value == '}' ||
[34m 8965 |[0m [91m| [0m         value == ':';
[34m 8966 |[0m [91m| [0m}
[34m 8967 |[0m [91m| [0m
[34m 8968 |[0m [91m| [0m/// -------------------------------------------------------------------------
[34m 8969 |[0m [91m| [0m/// State movement
[34m 8970 |[0m [91m| [0m/// -------------------------------------------------------------------------
[34m 8971 |[0m [91m| [0m
[34m 8972 |[0m [91m| [0mproc advance_one(
[34m 8973 |[0m [91m| [0m    state: &JsonLexer
[34m 8974 |[0m [91m| [0m) -> JsonLexer {
[34m 8975 |[0m [91m| [0m    let mut result: JsonLexer =
[34m 8976 |[0m [91m| [0m        *state;
[34m 8977 |[0m [91m| [0m
[34m 8978 |[0m [91m| [0m    if at_end(
[34m 8979 |[0m [91m| [0m        &result) {
[34m 8980 |[0m [91m| [0m        give result;
[34m 8981 |[0m [91m| [0m    }
[34m 8982 |[0m [91m| [0m
[34m 8983 |[0m [91m| [0m    let value: char =
[34m 8984 |[0m [91m| [0m        result.source[
[34m 8985 |[0m [91m| [0m            result.index];
[34m 8986 |[0m [91m| [0m
[34m 8987 |[0m [91m| [0m    if value == '\r' {
[34m 8988 |[0m [91m| [0m        if result.index + 1 <
[34m 8989 |[0m [91m| [0m           result.source.length &&
[34m 8990 |[0m [91m| [0m           result.source[
[34m 8991 |[0m [91m| [0m               result.index + 1] ==
[34m 8992 |[0m [91m| [0m                   '\n' {
[34m 8993 |[0m [91m| [0m            set result.position =
[34m 8994 |[0m [91m| [0m                advance_crlf(
[34m 8995 |[0m [91m| [0m                    &result.position);
[34m 8996 |[0m [91m| [0m
[34m 8997 |[0m [91m| [0m            set result.index += 2;
[34m 8998 |[0m [91m| [0m
[34m 8999 |[0m [91m| [0m            give result;
[34m 9000 |[0m [91m| [0m        }
[34m 9001 |[0m [91m| [0m
[34m 9002 |[0m [91m| [0m        set result.position =
[34m 9003 |[0m [91m| [0m            advance_cr(
[34m 9004 |[0m [91m| [0m                &result.position);
[34m 9005 |[0m [91m| [0m
[34m 9006 |[0m [91m| [0m        set result.index += 1;
[34m 9007 |[0m [91m| [0m
[34m 9008 |[0m [91m| [0m        give result;
[34m 9009 |[0m [91m| [0m    }
[34m 9010 |[0m [91m| [0m
[34m 9011 |[0m [91m| [0m    if value == '\n' {
[34m 9012 |[0m [91m| [0m        set result.position =
[34m 9013 |[0m [91m| [0m            advance_lf(
[34m 9014 |[0m [91m| [0m                &result.position);
[34m 9015 |[0m [91m| [0m
[34m 9016 |[0m [91m| [0m        set result.index += 1;
[34m 9017 |[0m [91m| [0m
[34m 9018 |[0m [91m| [0m        give result;
[34m 9019 |[0m [91m| [0m    }
[34m 9020 |[0m [91m| [0m
[34m 9021 |[0m [91m| [0m    set result.position =
[34m 9022 |[0m [91m| [0m        advance_column(
[34m 9023 |[0m [91m| [0m            &result.position);
[34m 9024 |[0m [91m| [0m
[34m 9025 |[0m [91m| [0m    set result.index += 1;
[34m 9026 |[0m [91m| [0m
[34m 9027 |[0m [91m| [0m    give result;
[34m 9028 |[0m [91m| [0m}
[34m 9029 |[0m [91m| [0m
[34m 9030 |[0m [91m| [0mproc advance_ascii_unit(
[34m 9031 |[0m [91m| [0m    state: &JsonLexer
[34m 9032 |[0m [91m| [0m) -> JsonLexer {
[34m 9033 |[0m [91m| [0m    let mut result: JsonLexer =
[34m 9034 |[0m [91m| [0m        *state;
[34m 9035 |[0m [91m| [0m
[34m 9036 |[0m [91m| [0m    if at_end(
[34m 9037 |[0m [91m| [0m        &result) {
[34m 9038 |[0m [91m| [0m        give result;
[34m 9039 |[0m [91m| [0m    }
[34m 9040 |[0m [91m| [0m
[34m 9041 |[0m [91m| [0m    set result.position =
[34m 9042 |[0m [91m| [0m        advance_column(
[34m 9043 |[0m [91m| [0m            &result.position);
[34m 9044 |[0m [91m| [0m
[34m 9045 |[0m [91m| [0m    set result.index += 1;
[34m 9046 |[0m [91m| [0m
[34m 9047 |[0m [91m| [0m    give result;
[34m 9048 |[0m [91m| [0m}
[34m 9049 |[0m [91m| [0m
[34m 9050 |[0m [91m| [0mproc advance_count(
[34m 9051 |[0m [91m| [0m    state: &JsonLexer,
[34m 9052 |[0m [91m| [0m    count: usize
[34m 9053 |[0m [91m| [0m) -> JsonLexer {
[34m 9054 |[0m [91m| [0m    let mut result: JsonLexer =
[34m 9055 |[0m [91m| [0m        *state;
[34m 9056 |[0m [91m| [0m
[34m 9057 |[0m [91m| [0m    let mut index: usize = 0;
[34m 9058 |[0m [91m| [0m
[34m 9059 |[0m [91m| [0m    while index <
[34m 9060 |[0m [91m| [0m          count &&
[34m 9061 |[0m [91m| [0m          !at_end(
[34m 9062 |[0m [91m| [0m              &result) {
[34m 9063 |[0m [91m| [0m        set result =
[34m 9064 |[0m [91m| [0m            advance_one(
[34m 9065 |[0m [91m| [0m                &result);
[34m 9066 |[0m [91m| [0m
[34m 9067 |[0m [91m| [0m        set index += 1;
[34m 9068 |[0m [91m| [0m    }
[34m 9069 |[0m [91m| [0m
[34m 9070 |[0m [91m| [0m    give result;
[34m 9071 |[0m [91m| [0m}
[34m 9072 |[0m [91m| [0m
[34m 9073 |[0m [91m| [0m/// -------------------------------------------------------------------------
[34m 9074 |[0m [91m| [0m/// Source extraction
[34m 9075 |[0m [91m| [0m/// -------------------------------------------------------------------------
[34m 9076 |[0m [91m| [0m
[34m 9077 |[0m [91m| [0mproc source_slice(
[34m 9078 |[0m [91m| [0m    source: string,
[34m 9079 |[0m [91m| [0m    begin: usize,
[34m 9080 |[0m [91m| [0m    end: usize
[34m 9081 |[0m [91m| [0m) -> string {
[34m 9082 |[0m [91m| [0m    let mut result: string = "";
[34m 9083 |[0m [91m| [0m
[34m 9084 |[0m [91m| [0m    let mut index: usize =
[34m 9085 |[0m [91m| [0m        begin;
[34m 9086 |[0m [91m| [0m
[34m 9087 |[0m [91m| [0m    while index <
[34m 9088 |[0m [91m| [0m          end &&
[34m 9089 |[0m [91m| [0m          index <
[34m 9090 |[0m [91m| [0m          source.length {
[34m 9091 |[0m [91m| [0m        set result =
[34m 9092 |[0m [91m| [0m            result +
[34m 9093 |[0m [91m| [0m            source[index];
[34m 9094 |[0m [91m| [0m
[34m 9095 |[0m [91m| [0m        set index += 1;
[34m 9096 |[0m [91m| [0m    }
[34m 9097 |[0m [91m| [0m
[34m 9098 |[0m [91m| [0m    give result;
[34m 9099 |[0m [91m| [0m}
[34m 9100 |[0m [91m| [0m
[34m 9101 |[0m [91m| [0mproc state_slice(
[34m 9102 |[0m [91m| [0m    state: &JsonLexer,
[34m 9103 |[0m [91m| [0m    begin: usize,
[34m 9104 |[0m [91m| [0m    end: usize
[34m 9105 |[0m [91m| [0m) -> string {
[34m 9106 |[0m [91m| [0m    give source_slice(
[34m 9107 |[0m [91m| [0m        state.source,
[34m 9108 |[0m [91m| [0m        begin,
[34m 9109 |[0m [91m| [0m        end);
[34m 9110 |[0m [91m| [0m}
[34m 9111 |[0m [91m| [0m
[34m 9112 |[0m [91m| [0m/// -------------------------------------------------------------------------
[34m 9113 |[0m [91m| [0m/// Failure handling
[34m 9114 |[0m [91m| [0m/// -------------------------------------------------------------------------
[34m 9115 |[0m [91m| [0m
[34m 9116 |[0m [91m| [0mproc fail(
[34m 9117 |[0m [91m| [0m    state: &JsonLexer,
[34m 9118 |[0m [91m| [0m    error: JsonLexerError,
[34m 9119 |[0m [91m| [0m    message: string,
[34m 9120 |[0m [91m| [0m    detail: string,
[34m 9121 |[0m [91m| [0m    found: string,
[34m 9122 |[0m [91m| [0m    location: JsonSpan
[34m 9123 |[0m [91m| [0m) -> JsonLexer {
[34m 9124 |[0m [91m| [0m    let mut result: JsonLexer =
[34m 9125 |[0m [91m| [0m        *state;
[34m 9126 |[0m [91m| [0m
[34m 9127 |[0m [91m| [0m    if result.failed {
[34m 9128 |[0m [91m| [0m        give result;
[34m 9129 |[0m [91m| [0m    }
[34m 9130 |[0m [91m| [0m
[34m 9131 |[0m [91m| [0m    set result.failed = true;
[34m 9132 |[0m [91m| [0m
[34m 9133 |[0m [91m| [0m    set result.error =
[34m 9134 |[0m [91m| [0m        diagnostic(
[34m 9135 |[0m [91m| [0m            error,
[34m 9136 |[0m [91m| [0m            message,
[34m 9137 |[0m [91m| [0m            detail,
[34m 9138 |[0m [91m| [0m            suggestion_for(error),
[34m 9139 |[0m [91m| [0m            found,
[34m 9140 |[0m [91m| [0m            location);
[34m 9141 |[0m [91m| [0m
[34m 9142 |[0m [91m| [0m    give result;
[34m 9143 |[0m [91m| [0m}
[34m 9144 |[0m [91m| [0m
[34m 9145 |[0m [91m| [0mproc fail_here(
[34m 9146 |[0m [91m| [0m    state: &JsonLexer,
[34m 9147 |[0m [91m| [0m    error: JsonLexerError,
[34m 9148 |[0m [91m| [0m    message: string,
[34m 9149 |[0m [91m| [0m    detail: string
[34m 9150 |[0m [91m| [0m) -> JsonLexer {
[34m 9151 |[0m [91m| [0m    let location: JsonSpan =
[34m 9152 |[0m [91m| [0m        point(
[34m 9153 |[0m [91m| [0m            state.position);
[34m 9154 |[0m [91m| [0m
[34m 9155 |[0m [91m| [0m    let mut found: string = "";
[34m 9156 |[0m [91m| [0m
[34m 9157 |[0m [91m| [0m    if !at_end(state) {
[34m 9158 |[0m [91m| [0m        set found =
[34m 9159 |[0m [91m| [0m            "" +
[34m 9160 |[0m [91m| [0m            current(state);
[34m 9161 |[0m [91m| [0m    }
[34m 9162 |[0m [91m| [0m
[34m 9163 |[0m [91m| [0m    give fail(
[34m 9164 |[0m [91m| [0m        state,
[34m 9165 |[0m [91m| [0m            error,
[34m 9166 |[0m [91m| [0m            message,
[34m 9167 |[0m [91m| [0m            detail,
[34m 9168 |[0m [91m| [0m            found,
[34m 9169 |[0m [91m| [0m            location);
[34m 9170 |[0m [91m| [0m}
[34m 9171 |[0m [91m| [0m
[34m 9172 |[0m [91m| [0m/// -------------------------------------------------------------------------
[34m 9173 |[0m [91m| [0m/// Token emission
[34m 9174 |[0m [91m| [0m/// -------------------------------------------------------------------------
[34m 9175 |[0m [91m| [0m
[34m 9176 |[0m [91m| [0mproc emit(
[34m 9177 |[0m [91m| [0m    state: &JsonLexer,
[34m 9178 |[0m [91m| [0m    value: JsonToken
[34m 9179 |[0m [91m| [0m) -> JsonLexer {
[34m 9180 |[0m [91m| [0m    let mut result: JsonLexer =
[34m 9181 |[0m [91m| [0m        *state;
[34m 9182 |[0m [91m| [0m
[34m 9183 |[0m [91m| [0m    if result.failed {
[34m 9184 |[0m [91m| [0m        give result;
[34m 9185 |[0m [91m| [0m    }
[34m 9186 |[0m [91m| [0m
[34m 9187 |[0m [91m| [0m    if result.token_count >=
[34m 9188 |[0m [91m| [0m       result.limits.max_tokens {
[34m 9189 |[0m [91m| [0m        give fail(
[34m 9190 |[0m [91m| [0m            &result,
[34m 9191 |[0m [91m| [0m            JsonLexerError.TooManyTokens,
[34m 9192 |[0m [91m| [0m            "JSON input contains too many tokens",
[34m 9193 |[0m [91m| [0m            "the configured JSON token limit was exceeded",
[34m 9194 |[0m [91m| [0m            "",
[34m 9195 |[0m [91m| [0m            value.span);
[34m 9196 |[0m [91m| [0m    }
[34m 9197 |[0m [91m| [0m
[34m 9198 |[0m [91m| [0m    set result.tokens.push(
[34m 9199 |[0m [91m| [0m        value);
[34m 9200 |[0m [91m| [0m
[34m 9201 |[0m [91m| [0m    set result.token_count += 1;
[34m 9202 |[0m [91m| [0m
[34m 9203 |[0m [91m| [0m    give result;
[34m 9204 |[0m [91m| [0m}
[34m 9205 |[0m [91m| [0m
[34m 9206 |[0m [91m| [0m/// -------------------------------------------------------------------------
[34m 9207 |[0m [91m| [0m/// Whitespace
[34m 9208 |[0m [91m| [0m/// -------------------------------------------------------------------------
[34m 9209 |[0m [91m| [0m
[34m 9210 |[0m [91m| [0mproc skip_whitespace(
[34m 9211 |[0m [91m| [0m    state: &JsonLexer
[34m 9212 |[0m [91m| [0m) -> JsonLexer {
[34m 9213 |[0m [91m| [0m    let mut result: JsonLexer =
[34m 9214 |[0m [91m| [0m        *state;
[34m 9215 |[0m [91m| [0m
[34m 9216 |[0m [91m| [0m    while !at_end(
[34m 9217 |[0m [91m| [0m        &result) &&
[34m 9218 |[0m [91m| [0m        is_json_whitespace(
[34m 9219 |[0m [91m| [0m            current(
[34m 9220 |[0m [91m| [0m                &result)) {
[34m 9221 |[0m [91m| [0m        set result =
[34m 9222 |[0m [91m| [0m            advance_one(
[34m 9223 |[0m [91m| [0m                &result);
[34m 9224 |[0m [91m| [0m    }
[34m 9225 |[0m [91m| [0m
[34m 9226 |[0m [91m| [0m    give result;
[34m 9227 |[0m [91m| [0m}
[34m 9228 |[0m [91m| [0m
[34m 9229 |[0m [91m| [0m/// -------------------------------------------------------------------------
[34m 9230 |[0m [91m| [0m/// Punctuation
[34m 9231 |[0m [91m| [0m/// -------------------------------------------------------------------------
[34m 9232 |[0m [91m| [0m
[34m 9233 |[0m [91m| [0mproc punctuation_kind(
[34m 9234 |[0m [91m| [0m    value: char
[34m 9235 |[0m [91m| [0m) -> JsonTokenKind {
[34m 9236 |[0m [91m| [0m    if value == '{' {
[34m 9237 |[0m [91m| [0m        give JsonTokenKind.LeftBrace;
[34m 9238 |[0m [91m| [0m    }
[34m 9239 |[0m [91m| [0m
[34m 9240 |[0m [91m| [0m    if value == '}' {
[34m 9241 |[0m [91m| [0m        give JsonTokenKind.RightBrace;
[34m 9242 |[0m [91m| [0m    }
[34m 9243 |[0m [91m| [0m
[34m 9244 |[0m [91m| [0m    if value == '[' {
[34m 9245 |[0m [91m| [0m        give JsonTokenKind.LeftBracket;
[34m 9246 |[0m [91m| [0m    }
[34m 9247 |[0m [91m| [0m
[34m 9248 |[0m [91m| [0m    if value == ']' {
[34m 9249 |[0m [91m| [0m        give JsonTokenKind.RightBracket;
[34m 9250 |[0m [91m| [0m    }
[34m 9251 |[0m [91m| [0m
[34m 9252 |[0m [91m| [0m    if value == ':' {
[34m 9253 |[0m [91m| [0m        give JsonTokenKind.Colon;
[34m 9254 |[0m [91m| [0m    }
[34m 9255 |[0m [91m| [0m
[34m 9256 |[0m [91m| [0m    if value == ',' {
[34m 9257 |[0m [91m| [0m        give JsonTokenKind.Comma;
[34m 9258 |[0m [91m| [0m    }
[34m 9259 |[0m [91m| [0m
[34m 9260 |[0m [91m| [0m    give JsonTokenKind.Invalid;
[34m 9261 |[0m [91m| [0m}
[34m 9262 |[0m [91m| [0m
[34m 9263 |[0m [91m| [0mproc is_punctuation(
[34m 9264 |[0m [91m| [0m    value: char
[34m 9265 |[0m [91m| [0m) -> bool {
[34m 9266 |[0m [91m| [0m    give punctuation_kind(value) !=
[34m 9267 |[0m [91m| [0m         JsonTokenKind.Invalid;
[34m 9268 |[0m [91m| [0m}
[34m 9269 |[0m [91m| [0m
[34m 9270 |[0m [91m| [0mproc scan_punctuation(
[34m 9271 |[0m [91m| [0m    state: &JsonLexer
[34m 9272 |[0m [91m| [0m) -> JsonLexer {
[34m 9273 |[0m [91m| [0m    let mut result: JsonLexer =
[34m 9274 |[0m [91m| [0m        *state;
[34m 9275 |[0m [91m| [0m
[34m 9276 |[0m [91m| [0m    let beginning: JsonPosition =
[34m 9277 |[0m [91m| [0m        result.position;
[34m 9278 |[0m [91m| [0m
[34m 9279 |[0m [91m| [0m    let begin_index: usize =
[34m 9280 |[0m [91m| [0m        result.index;
[34m 9281 |[0m [91m| [0m
[34m 9282 |[0m [91m| [0m    let kind: JsonTokenKind =
[34m 9283 |[0m [91m| [0m        punctuation_kind(
[34m 9284 |[0m [91m| [0m            current(
[34m 9285 |[0m [91m| [0m                &result));
[34m 9286 |[0m [91m| [0m
[34m 9287 |[0m [91m| [0m    set result =
[34m 9288 |[0m [91m| [0m        advance_ascii_unit(
[34m 9289 |[0m [91m| [0m            &result);
[34m 9290 |[0m [91m| [0m
[34m 9291 |[0m [91m| [0m    let location: JsonSpan =
[34m 9292 |[0m [91m| [0m        span(
[34m 9293 |[0m [91m| [0m            beginning,
[34m 9294 |[0m [91m| [0m            result.position);
[34m 9295 |[0m [91m| [0m
[34m 9296 |[0m [91m| [0m    let lexeme: string =
[34m 9297 |[0m [91m| [0m        state_slice(
[34m 9298 |[0m [91m| [0m            &result,
[34m 9299 |[0m [91m| [0m            begin_index,
[34m 9300 |[0m [91m| [0m            result.index);
[34m 9301 |[0m [91m| [0m
[34m 9302 |[0m [91m| [0m    give emit(
[34m 9303 |[0m [91m| [0m        &result,
[34m 9304 |[0m [91m| [0m        token(
[34m 9305 |[0m [91m| [0m            kind,
[34m 9306 |[0m [91m| [0m            lexeme,
[34m 9307 |[0m [91m| [0m            lexeme,
[34m 9308 |[0m [91m| [0m            location));
[34m 9309 |[0m [91m| [0m}
[34m 9310 |[0m [91m| [0m
[34m 9311 |[0m [91m| [0m/// -------------------------------------------------------------------------
[34m 9312 |[0m [91m| [0m/// Literal matching
[34m 9313 |[0m [91m| [0m/// -------------------------------------------------------------------------
[34m 9314 |[0m [91m| [0m
[34m 9315 |[0m [91m| [0mproc source_matches_at(
[34m 9316 |[0m [91m| [0m    source: string,
[34m 9317 |[0m [91m| [0m    index: usize,
[34m 9318 |[0m [91m| [0m    expected: string
[34m 9319 |[0m [91m| [0m) -> bool {
[34m 9320 |[0m [91m| [0m    if index +
[34m 9321 |[0m [91m| [0m       expected.length >
[34m 9322 |[0m [91m| [0m       source.length {
[34m 9323 |[0m [91m| [0m        give false;
[34m 9324 |[0m [91m| [0m    }
[34m 9325 |[0m [91m| [0m
[34m 9326 |[0m [91m| [0m    let mut cursor: usize = 0;
[34m 9327 |[0m [91m| [0m
[34m 9328 |[0m [91m| [0m    while cursor <
[34m 9329 |[0m [91m| [0m          expected.length {
[34m 9330 |[0m [91m| [0m        if source[index + cursor] !=
[34m 9331 |[0m [91m| [0m           expected[cursor] {
[34m 9332 |[0m [91m| [0m            give false;
[34m 9333 |[0m [91m| [0m        }
[34m 9334 |[0m [91m| [0m
[34m 9335 |[0m [91m| [0m        set cursor += 1;
[34m 9336 |[0m [91m| [0m    }
[34m 9337 |[0m [91m| [0m
[34m 9338 |[0m [91m| [0m    give true;
[34m 9339 |[0m [91m| [0m}
[34m 9340 |[0m [91m| [0m
[34m 9341 |[0m [91m| [0mproc literal_boundary_valid(
[34m 9342 |[0m [91m| [0m    source: string,
[34m 9343 |[0m [91m| [0m    index: usize
[34m 9344 |[0m [91m| [0m) -> bool {
[34m 9345 |[0m [91m| [0m    if index >=
[34m 9346 |[0m [91m| [0m       source.length {
[34m 9347 |[0m [91m| [0m        give true;
[34m 9348 |[0m [91m| [0m    }
[34m 9349 |[0m [91m| [0m
[34m 9350 |[0m [91m| [0m    give is_literal_terminator(
[34m 9351 |[0m [91m| [0m        source[index]);
[34m 9352 |[0m [91m| [0m}
[34m 9353 |[0m [91m| [0m
[34m 9354 |[0m [91m| [0mproc scan_fixed_literal(
[34m 9355 |[0m [91m| [0m    state: &JsonLexer,
[34m 9356 |[0m [91m| [0m    expected: string,
[34m 9357 |[0m [91m| [0m    kind: JsonTokenKind,
[34m 9358 |[0m [91m| [0m    invalid_error: JsonLexerError
[34m 9359 |[0m [91m| [0m) -> JsonLexer {
[34m 9360 |[0m [91m| [0m    let mut result: JsonLexer =
[34m 9361 |[0m [91m| [0m        *state;
[34m 9362 |[0m [91m| [0m
[34m 9363 |[0m [91m| [0m    let beginning: JsonPosition =
[34m 9364 |[0m [91m| [0m        result.position;
[34m 9365 |[0m [91m| [0m
[34m 9366 |[0m [91m| [0m    let begin_index: usize =
[34m 9367 |[0m [91m| [0m        result.index;
[34m 9368 |[0m [91m| [0m
[34m 9369 |[0m [91m| [0m    if !source_matches_at(
[34m 9370 |[0m [91m| [0m        result.source,
[34m 9371 |[0m [91m| [0m        result.index,
[34m 9372 |[0m [91m| [0m        expected) {
[34m 9373 |[0m [91m| [0m        let mut end_index: usize =
[34m 9374 |[0m [91m| [0m            result.index;
[34m 9375 |[0m [91m| [0m
[34m 9376 |[0m [91m| [0m        while end_index <
[34m 9377 |[0m [91m| [0m              result.source.length &&
[34m 9378 |[0m [91m| [0m              is_literal_character(
[34m 9379 |[0m [91m| [0m                  result.source[
[34m 9380 |[0m [91m| [0m                      end_index]) {
[34m 9381 |[0m [91m| [0m            set end_index += 1;
[34m 9382 |[0m [91m| [0m        }
[34m 9383 |[0m [91m| [0m
[34m 9384 |[0m [91m| [0m        if end_index ==
[34m 9385 |[0m [91m| [0m           result.index {
[34m 9386 |[0m [91m| [0m            set end_index += 1;
[34m 9387 |[0m [91m| [0m        }
[34m 9388 |[0m [91m| [0m
[34m 9389 |[0m [91m| [0m        let found: string =
[34m 9390 |[0m [91m| [0m            source_slice(
[34m 9391 |[0m [91m| [0m                result.source,
[34m 9392 |[0m [91m| [0m                result.index,
[34m 9393 |[0m [91m| [0m                end_index);
[34m 9394 |[0m [91m| [0m
[34m 9395 |[0m [91m| [0m        let end_position:
[34m 9396 |[0m [91m| [0m            JsonPosition =
[34m 9397 |[0m [91m| [0m                advance_text(
[34m 9398 |[0m [91m| [0m                    &beginning,
[34m 9399 |[0m [91m| [0m                    found);
[34m 9400 |[0m [91m| [0m
[34m 9401 |[0m [91m| [0m        give fail(
[34m 9402 |[0m [91m| [0m            &result,
[34m 9403 |[0m [91m| [0m            invalid_error,
[34m 9404 |[0m [91m| [0m            "invalid JSON literal",
[34m 9405 |[0m [91m| [0m            "JSON literals must be exactly null, true or false",
[34m 9406 |[0m [91m| [0m            found,
[34m 9407 |[0m [91m| [0m            span(
[34m 9408 |[0m [91m| [0m                beginning,
[34m 9409 |[0m [91m| [0m                end_position));
[34m 9410 |[0m [91m| [0m    }
[34m 9411 |[0m [91m| [0m
[34m 9412 |[0m [91m| [0m    let literal_end: usize =
[34m 9413 |[0m [91m| [0m        result.index +
[34m 9414 |[0m [91m| [0m        expected.length;
[34m 9415 |[0m [91m| [0m
[34m 9416 |[0m [91m| [0m    if !literal_boundary_valid(
[34m 9417 |[0m [91m| [0m        result.source,
[34m 9418 |[0m [91m| [0m        literal_end) {
[34m 9419 |[0m [91m| [0m        let mut end_index: usize =
[34m 9420 |[0m [91m| [0m            literal_end;
[34m 9421 |[0m [91m| [0m
[34m 9422 |[0m [91m| [0m        while end_index <
[34m 9423 |[0m [91m| [0m              result.source.length &&
[34m 9424 |[0m [91m| [0m              is_literal_character(
[34m 9425 |[0m [91m| [0m                  result.source[
[34m 9426 |[0m [91m| [0m                      end_index]) {
[34m 9427 |[0m [91m| [0m            set end_index += 1;
[34m 9428 |[0m [91m| [0m        }
[34m 9429 |[0m [91m| [0m
[34m 9430 |[0m [91m| [0m        let found: string =
[34m 9431 |[0m [91m| [0m            source_slice(
[34m 9432 |[0m [91m| [0m                result.source,
[34m 9433 |[0m [91m| [0m                begin_index,
[34m 9434 |[0m [91m| [0m                end_index);
[34m 9435 |[0m [91m| [0m
[34m 9436 |[0m [91m| [0m        let end_position:
[34m 9437 |[0m [91m| [0m            JsonPosition =
[34m 9438 |[0m [91m| [0m                advance_text(
[34m 9439 |[0m [91m| [0m                    &beginning,
[34m 9440 |[0m [91m| [0m                    found);
[34m 9441 |[0m [91m| [0m
[34m 9442 |[0m [91m| [0m        give fail(
[34m 9443 |[0m [91m| [0m            &result,
[34m 9444 |[0m [91m| [0m            invalid_error,
[34m 9445 |[0m [91m| [0m            "invalid JSON literal",
[34m 9446 |[0m [91m| [0m            "characters cannot immediately follow a JSON literal",
[34m 9447 |[0m [91m| [0m            found,
[34m 9448 |[0m [91m| [0m            span(
[34m 9449 |[0m [91m| [0m                beginning,
[34m 9450 |[0m [91m| [0m                end_position));
[34m 9451 |[0m [91m| [0m    }
[34m 9452 |[0m [91m| [0m
[34m 9453 |[0m [91m| [0m    set result =
[34m 9454 |[0m [91m| [0m        advance_count(
[34m 9455 |[0m [91m| [0m            &result,
[34m 9456 |[0m [91m| [0m            expected.length);
[34m 9457 |[0m [91m| [0m
[34m 9458 |[0m [91m| [0m    let location: JsonSpan =
[34m 9459 |[0m [91m| [0m        span(
[34m 9460 |[0m [91m| [0m            beginning,
[34m 9461 |[0m [91m| [0m            result.position);
[34m 9462 |[0m [91m| [0m
[34m 9463 |[0m [91m| [0m    give emit(
[34m 9464 |[0m [91m| [0m        &result,
[34m 9465 |[0m [91m| [0m        token(
[34m 9466 |[0m [91m| [0m            kind,
[34m 9467 |[0m [91m| [0m            expected,
[34m 9468 |[0m [91m| [0m            expected,
[34m 9469 |[0m [91m| [0m            location));
[34m 9470 |[0m [91m| [0m}
[34m 9471 |[0m [91m| [0m
[34m 9472 |[0m [91m| [0mproc scan_null(
[34m 9473 |[0m [91m| [0m    state: &JsonLexer
[34m 9474 |[0m [91m| [0m) -> JsonLexer {
[34m 9475 |[0m [91m| [0m    give scan_fixed_literal(
[34m 9476 |[0m [91m| [0m        state,
[34m 9477 |[0m [91m| [0m        "null",
[34m 9478 |[0m [91m| [0m        JsonTokenKind.Null,
[34m 9479 |[0m [91m| [0m        JsonLexerError.InvalidNullLiteral);
[34m 9480 |[0m [91m| [0m}
[34m 9481 |[0m [91m| [0m
[34m 9482 |[0m [91m| [0mproc scan_true(
[34m 9483 |[0m [91m| [0m    state: &JsonLexer
[34m 9484 |[0m [91m| [0m) -> JsonLexer {
[34m 9485 |[0m [91m| [0m    give scan_fixed_literal(
[34m 9486 |[0m [91m| [0m        state,
[34m 9487 |[0m [91m| [0m        "true",
[34m 9488 |[0m [91m| [0m        JsonTokenKind.True,
[34m 9489 |[0m [91m| [0m        JsonLexerError.InvalidTrueLiteral);
[34m 9490 |[0m [91m| [0m}
[34m 9491 |[0m [91m| [0m
[34m 9492 |[0m [91m| [0mproc scan_false(
[34m 9493 |[0m [91m| [0m    state: &JsonLexer
[34m 9494 |[0m [91m| [0m) -> JsonLexer {
[34m 9495 |[0m [91m| [0m    give scan_fixed_literal(
[34m 9496 |[0m [91m| [0m        state,
[34m 9497 |[0m [91m| [0m        "false",
[34m 9498 |[0m [91m| [0m        JsonTokenKind.False,
[34m 9499 |[0m [91m| [0m        JsonLexerError.InvalidFalseLiteral);
[34m 9500 |[0m [91m| [0m}
[34m 9501 |[0m [91m| [0m
[34m 9502 |[0m [91m| [0m/// -------------------------------------------------------------------------
[34m 9503 |[0m [91m| [0m/// Number scanning
[34m 9504 |[0m [91m| [0m///
[34m 9505 |[0m [91m| [0m/// JSON number grammar:
[34m 9506 |[0m [91m| [0m///
[34m 9507 |[0m [91m| [0m///     number = [ "-" ] int [ frac ] [ exp ]
[34m 9508 |[0m [91m| [0m///
[34m 9509 |[0m [91m| [0m///     int    = "0" | digit1-9 *digit
[34m 9510 |[0m [91m| [0m///     frac   = "." 1*digit
[34m 9511 |[0m [91m| [0m///     exp    = ("e" | "E") ["-" | "+"] 1*digit
[34m 9512 |[0m [91m| [0m///
[34m 9513 |[0m [91m| [0m/// -------------------------------------------------------------------------
[34m 9514 |[0m [91m| [0m
[34m 9515 |[0m [91m| [0mproc scan_number(
[34m 9516 |[0m [91m| [0m    state: &JsonLexer
[34m 9517 |[0m [91m| [0m) -> JsonLexer {
[34m 9518 |[0m [91m| [0m    let mut result: JsonLexer =
[34m 9519 |[0m [91m| [0m        *state;
[34m 9520 |[0m [91m| [0m
[34m 9521 |[0m [91m| [0m    let beginning: JsonPosition =
[34m 9522 |[0m [91m| [0m        result.position;
[34m 9523 |[0m [91m| [0m
[34m 9524 |[0m [91m| [0m    let begin_index: usize =
[34m 9525 |[0m [91m| [0m        result.index;
[34m 9526 |[0m [91m| [0m
[34m 9527 |[0m [91m| [0m    if current(
[34m 9528 |[0m [91m| [0m        &result) == '-' {
[34m 9529 |[0m [91m| [0m        set result =
[34m 9530 |[0m [91m| [0m            advance_ascii_unit(
[34m 9531 |[0m [91m| [0m                &result);
[34m 9532 |[0m [91m| [0m
[34m 9533 |[0m [91m| [0m        if at_end(
[34m 9534 |[0m [91m| [0m            &result) ||
[34m 9535 |[0m [91m| [0m            !is_digit(
[34m 9536 |[0m [91m| [0m                current(
[34m 9537 |[0m [91m| [0m                    &result)) {
[34m 9538 |[0m [91m| [0m            give fail(
[34m 9539 |[0m [91m| [0m                &result,
[34m 9540 |[0m [91m| [0m                JsonLexerError.InvalidNumber,
[34m 9541 |[0m [91m| [0m                "invalid JSON number",
[34m 9542 |[0m [91m| [0m                "a minus sign must be followed by a decimal digit",
[34m 9543 |[0m [91m| [0m                "-",
[34m 9544 |[0m [91m| [0m                span(
[34m 9545 |[0m [91m| [0m                    beginning,
[34m 9546 |[0m [91m| [0m                    result.position));
[34m 9547 |[0m [91m| [0m        }
[34m 9548 |[0m [91m| [0m    }
[34m 9549 |[0m [91m| [0m
[34m 9550 |[0m [91m| [0m    if current(
[34m 9551 |[0m [91m| [0m        &result) == '0' {
[34m 9552 |[0m [91m| [0m        set result =
[34m 9553 |[0m [91m| [0m            advance_ascii_unit(
[34m 9554 |[0m [91m| [0m                &result);
[34m 9555 |[0m [91m| [0m
[34m 9556 |[0m [91m| [0m        if !at_end(
[34m 9557 |[0m [91m| [0m            &result) &&
[34m 9558 |[0m [91m| [0m            is_digit(
[34m 9559 |[0m [91m| [0m                current(
[34m 9560 |[0m [91m| [0m                    &result)) {
[34m 9561 |[0m [91m| [0m            let invalid_start:
[34m 9562 |[0m [91m| [0m                JsonPosition =
[34m 9563 |[0m [91m| [0m                    result.position;
[34m 9564 |[0m [91m| [0m
[34m 9565 |[0m [91m| [0m            let invalid_index:
[34m 9566 |[0m [91m| [0m                usize =
[34m 9567 |[0m [91m| [0m                    result.index;
[34m 9568 |[0m [91m| [0m
[34m 9569 |[0m [91m| [0m            while !at_end(
[34m 9570 |[0m [91m| [0m                &result) &&
[34m 9571 |[0m [91m| [0m                is_digit(
[34m 9572 |[0m [91m| [0m                    current(
[34m 9573 |[0m [91m| [0m                        &result)) {
[34m 9574 |[0m [91m| [0m                set result =
[34m 9575 |[0m [91m| [0m                    advance_ascii_unit(
[34m 9576 |[0m [91m| [0m                        &result);
[34m 9577 |[0m [91m| [0m            }
[34m 9578 |[0m [91m| [0m
[34m 9579 |[0m [91m| [0m            give fail(
[34m 9580 |[0m [91m| [0m                &result,
[34m 9581 |[0m [91m| [0m                JsonLexerError.InvalidNumberLeadingZero,
[34m 9582 |[0m [91m| [0m                "invalid JSON number",
[34m 9583 |[0m [91m| [0m                "leading zeroes are not permitted in JSON numbers",
[34m 9584 |[0m [91m| [0m                state_slice(
[34m 9585 |[0m [91m| [0m                    &result,
[34m 9586 |[0m [91m| [0m                    invalid_index,
[34m 9587 |[0m [91m| [0m                    result.index),
[34m 9588 |[0m [91m| [0m                span(
[34m 9589 |[0m [91m| [0m                    invalid_start,
[34m 9590 |[0m [91m| [0m                    result.position));
[34m 9591 |[0m [91m| [0m        }
[34m 9592 |[0m [91m| [0m    } else {
[34m 9593 |[0m [91m| [0m        if at_end(
[34m 9594 |[0m [91m| [0m            &result) ||
[34m 9595 |[0m [91m| [0m            !is_nonzero_digit(
[34m 9596 |[0m [91m| [0m                current(
[34m 9597 |[0m [91m| [0m                    &result)) {
[34m 9598 |[0m [91m| [0m            give fail_here(
[34m 9599 |[0m [91m| [0m                &result,
[34m 9600 |[0m [91m| [0m                JsonLexerError.InvalidNumber,
[34m 9601 |[0m [91m| [0m                "invalid JSON number",
[34m 9602 |[0m [91m| [0m                "expected a decimal digit");
[34m 9603 |[0m [91m| [0m        }
[34m 9604 |[0m [91m| [0m
[34m 9605 |[0m [91m| [0m        while !at_end(
[34m 9606 |[0m [91m| [0m            &result) &&
[34m 9607 |[0m [91m| [0m            is_digit(
[34m 9608 |[0m [91m| [0m                current(
[34m 9609 |[0m [91m| [0m                    &result)) {
[34m 9610 |[0m [91m| [0m            set result =
[34m 9611 |[0m [91m| [0m                advance_ascii_unit(
[34m 9612 |[0m [91m| [0m                    &result);
[34m 9613 |[0m [91m| [0m        }
[34m 9614 |[0m [91m| [0m    }
[34m 9615 |[0m [91m| [0m
[34m 9616 |[0m [91m| [0m    if !at_end(
[34m 9617 |[0m [91m| [0m        &result) &&
[34m 9618 |[0m [91m| [0m        current(
[34m 9619 |[0m [91m| [0m            &result) == '.' {
[34m 9620 |[0m [91m| [0m        let fraction_start:
[34m 9621 |[0m [91m| [0m            JsonPosition =
[34m 9622 |[0m [91m| [0m                result.position;
[34m 9623 |[0m [91m| [0m
[34m 9624 |[0m [91m| [0m        set result =
[34m 9625 |[0m [91m| [0m            advance_ascii_unit(
[34m 9626 |[0m [91m| [0m                &result);
[34m 9627 |[0m [91m| [0m
[34m 9628 |[0m [91m| [0m        if at_end(
[34m 9629 |[0m [91m| [0m            &result) ||
[34m 9630 |[0m [91m| [0m            !is_digit(
[34m 9631 |[0m [91m| [0m                current(
[34m 9632 |[0m [91m| [0m                    &result)) {
[34m 9633 |[0m [91m| [0m            give fail(
[34m 9634 |[0m [91m| [0m                &result,
[34m 9635 |[0m [91m| [0m                JsonLexerError.InvalidNumberFraction,
[34m 9636 |[0m [91m| [0m                "invalid JSON number fraction",
[34m 9637 |[0m [91m| [0m                "a decimal point must be followed by at least one digit",
[34m 9638 |[0m [91m| [0m                ".",
[34m 9639 |[0m [91m| [0m                span(
[34m 9640 |[0m [91m| [0m                    fraction_start,
[34m 9641 |[0m [91m| [0m                    result.position));
[34m 9642 |[0m [91m| [0m        }
[34m 9643 |[0m [91m| [0m
[34m 9644 |[0m [91m| [0m        while !at_end(
[34m 9645 |[0m [91m| [0m            &result) &&
[34m 9646 |[0m [91m| [0m            is_digit(
[34m 9647 |[0m [91m| [0m                current(
[34m 9648 |[0m [91m| [0m                    &result)) {
[34m 9649 |[0m [91m| [0m            set result =
[34m 9650 |[0m [91m| [0m                advance_ascii_unit(
[34m 9651 |[0m [91m| [0m                    &result);
[34m 9652 |[0m [91m| [0m        }
[34m 9653 |[0m [91m| [0m    }
[34m 9654 |[0m [91m| [0m
[34m 9655 |[0m [91m| [0m    if !at_end(
[34m 9656 |[0m [91m| [0m        &result) &&
[34m 9657 |[0m [91m| [0m        (current(
[34m 9658 |[0m [91m| [0m             &result) == 'e' ||
[34m 9659 |[0m [91m| [0m         current(
[34m 9660 |[0m [91m| [0m             &result) == 'E') {
[34m 9661 |[0m [91m| [0m        let exponent_start:
[34m 9662 |[0m [91m| [0m            JsonPosition =
[34m 9663 |[0m [91m| [0m                result.position;
[34m 9664 |[0m [91m| [0m
[34m 9665 |[0m [91m| [0m        set result =
[34m 9666 |[0m [91m| [0m            advance_ascii_unit(
[34m 9667 |[0m [91m| [0m                &result);
[34m 9668 |[0m [91m| [0m
[34m 9669 |[0m [91m| [0m        if !at_end(
[34m 9670 |[0m [91m| [0m            &result) &&
[34m 9671 |[0m [91m| [0m            (current(
[34m 9672 |[0m [91m| [0m                 &result) == '+' ||
[34m 9673 |[0m [91m| [0m             current(
[34m 9674 |[0m [91m| [0m                 &result) == '-') {
[34m 9675 |[0m [91m| [0m            set result =
[34m 9676 |[0m [91m| [0m                advance_ascii_unit(
[34m 9677 |[0m [91m| [0m                    &result);
[34m 9678 |[0m [91m| [0m        }
[34m 9679 |[0m [91m| [0m
[34m 9680 |[0m [91m| [0m        if at_end(
[34m 9681 |[0m [91m| [0m            &result) ||
[34m 9682 |[0m [91m| [0m            !is_digit(
[34m 9683 |[0m [91m| [0m                current(
[34m 9684 |[0m [91m| [0m                    &result)) {
[34m 9685 |[0m [91m| [0m            give fail(
[34m 9686 |[0m [91m| [0m                &result,
[34m 9687 |[0m [91m| [0m                JsonLexerError.InvalidNumberExponent,
[34m 9688 |[0m [91m| [0m                "invalid JSON number exponent",
[34m 9689 |[0m [91m| [0m                "an exponent must contain at least one decimal digit",
[34m 9690 |[0m [91m| [0m                state_slice(
[34m 9691 |[0m [91m| [0m                    &result,
[34m 9692 |[0m [91m| [0m                    begin_index,
[34m 9693 |[0m [91m| [0m                    result.index),
[34m 9694 |[0m [91m| [0m                span(
[34m 9695 |[0m [91m| [0m                    exponent_start,
[34m 9696 |[0m [91m| [0m                    result.position));
[34m 9697 |[0m [91m| [0m        }
[34m 9698 |[0m [91m| [0m
[34m 9699 |[0m [91m| [0m        while !at_end(
[34m 9700 |[0m [91m| [0m            &result) &&
[34m 9701 |[0m [91m| [0m            is_digit(
[34m 9702 |[0m [91m| [0m                current(
[34m 9703 |[0m [91m| [0m                    &result)) {
[34m 9704 |[0m [91m| [0m            set result =
[34m 9705 |[0m [91m| [0m                advance_ascii_unit(
[34m 9706 |[0m [91m| [0m                    &result);
[34m 9707 |[0m [91m| [0m        }
[34m 9708 |[0m [91m| [0m    }
[34m 9709 |[0m [91m| [0m
[34m 9710 |[0m [91m| [0m    if !at_end(
[34m 9711 |[0m [91m| [0m        &result) &&
[34m 9712 |[0m [91m| [0m        !is_number_terminator(
[34m 9713 |[0m [91m| [0m            current(
[34m 9714 |[0m [91m| [0m                &result)) {
[34m 9715 |[0m [91m| [0m        let invalid_start:
[34m 9716 |[0m [91m| [0m            JsonPosition =
[34m 9717 |[0m [91m| [0m                result.position;
[34m 9718 |[0m [91m| [0m
[34m 9719 |[0m [91m| [0m        let invalid_index:
[34m 9720 |[0m [91m| [0m            usize =
[34m 9721 |[0m [91m| [0m                result.index;
[34m 9722 |[0m [91m| [0m
[34m 9723 |[0m [91m| [0m        while !at_end(
[34m 9724 |[0m [91m| [0m            &result) &&
[34m 9725 |[0m [91m| [0m            !is_number_terminator(
[34m 9726 |[0m [91m| [0m                current(
[34m 9727 |[0m [91m| [0m                    &result)) &&
[34m 9728 |[0m [91m| [0m            !is_punctuation(
[34m 9729 |[0m [91m| [0m                current(
[34m 9730 |[0m [91m| [0m                    &result)) {
[34m 9731 |[0m [91m| [0m            set result =
[34m 9732 |[0m [91m| [0m                advance_ascii_unit(
[34m 9733 |[0m [91m| [0m                    &result);
[34m 9734 |[0m [91m| [0m        }
[34m 9735 |[0m [91m| [0m
[34m 9736 |[0m [91m| [0m        give fail(
[34m 9737 |[0m [91m| [0m            &result,
[34m 9738 |[0m [91m| [0m            JsonLexerError.InvalidNumber,
[34m 9739 |[0m [91m| [0m            "invalid character after JSON number",
[34m 9740 |[0m [91m| [0m            "JSON numbers must be followed by whitespace, ',', ']' or '}'",
[34m 9741 |[0m [91m| [0m            state_slice(
[34m 9742 |[0m [91m| [0m                &result,
[34m 9743 |[0m [91m| [0m                invalid_index,
[34m 9744 |[0m [91m| [0m                result.index),
[34m 9745 |[0m [91m| [0m            span(
[34m 9746 |[0m [91m| [0m                invalid_start,
[34m 9747 |[0m [91m| [0m                result.position));
[34m 9748 |[0m [91m| [0m    }
[34m 9749 |[0m [91m| [0m
[34m 9750 |[0m [91m| [0m    let length: usize =
[34m 9751 |[0m [91m| [0m        result.index -
[34m 9752 |[0m [91m| [0m        begin_index;
[34m 9753 |[0m [91m| [0m
[34m 9754 |[0m [91m| [0m    if length >
[34m 9755 |[0m [91m| [0m       result.limits.max_number_length {
[34m 9756 |[0m [91m| [0m        give fail(
[34m 9757 |[0m [91m| [0m            &result,
[34m 9758 |[0m [91m| [0m            JsonLexerError.NumberTooLong,
[34m 9759 |[0m [91m| [0m            "JSON number is too long",
[34m 9760 |[0m [91m| [0m            "the configured JSON number length limit was exceeded",
[34m 9761 |[0m [91m| [0m            state_slice(
[34m 9762 |[0m [91m| [0m                &result,
[34m 9763 |[0m [91m| [0m                begin_index,
[34m 9764 |[0m [91m| [0m                result.index),
[34m 9765 |[0m [91m| [0m            span(
[34m 9766 |[0m [91m| [0m                beginning,
[34m 9767 |[0m [91m| [0m                result.position));
[34m 9768 |[0m [91m| [0m    }
[34m 9769 |[0m [91m| [0m
[34m 9770 |[0m [91m| [0m    let lexeme: string =
[34m 9771 |[0m [91m| [0m        state_slice(
[34m 9772 |[0m [91m| [0m            &result,
[34m 9773 |[0m [91m| [0m            begin_index,
[34m 9774 |[0m [91m| [0m            result.index);
[34m 9775 |[0m [91m| [0m
[34m 9776 |[0m [91m| [0m    give emit(
[34m 9777 |[0m [91m| [0m        &result,
[34m 9778 |[0m [91m| [0m        token(
[34m 9779 |[0m [91m| [0m            JsonTokenKind.Number,
[34m 9780 |[0m [91m| [0m            lexeme,
[34m 9781 |[0m [91m| [0m            lexeme,
[34m 9782 |[0m [91m| [0m            span(
[34m 9783 |[0m [91m| [0m                beginning,
[34m 9784 |[0m [91m| [0m                result.position)));
[34m 9785 |[0m [91m| [0m}
[34m 9786 |[0m [91m| [0m
[34m 9787 |[0m [91m| [0m/// -------------------------------------------------------------------------
[34m 9788 |[0m [91m| [0m/// String scanning
[34m 9789 |[0m [91m| [0m///
[34m 9790 |[0m [91m| [0m/// The token lexeme includes surrounding quotation marks.
[34m 9791 |[0m [91m| [0m/// The token value contains decoded string contents.
[34m 9792 |[0m [91m| [0m/// -------------------------------------------------------------------------
[34m 9793 |[0m [91m| [0m
[34m 9794 |[0m [91m| [0mproc scan_string(
[34m 9795 |[0m [91m| [0m    state: &JsonLexer
[34m 9796 |[0m [91m| [0m) -> JsonLexer {
[34m 9797 |[0m [91m| [0m    let mut result: JsonLexer =
[34m 9798 |[0m [91m| [0m        *state;
[34m 9799 |[0m [91m| [0m
[34m 9800 |[0m [91m| [0m    let beginning: JsonPosition =
[34m 9801 |[0m [91m| [0m        result.position;
[34m 9802 |[0m [91m| [0m
[34m 9803 |[0m [91m| [0m    let begin_index: usize =
[34m 9804 |[0m [91m| [0m        result.index;
[34m 9805 |[0m [91m| [0m
[34m 9806 |[0m [91m| [0m    set result =
[34m 9807 |[0m [91m| [0m        advance_ascii_unit(
[34m 9808 |[0m [91m| [0m            &result);
[34m 9809 |[0m [91m| [0m
[34m 9810 |[0m [91m| [0m    let content_begin: usize =
[34m 9811 |[0m [91m| [0m        result.index;
[34m 9812 |[0m [91m| [0m
[34m 9813 |[0m [91m| [0m    let mut decoded: string = "";
[34m 9814 |[0m [91m| [0m
[34m 9815 |[0m [91m| [0m    let mut decoded_length: usize = 0;
[34m 9816 |[0m [91m| [0m
[34m 9817 |[0m [91m| [0m    while !at_end(
[34m 9818 |[0m [91m| [0m        &result) {
[34m 9819 |[0m [91m| [0m        let value: char =
[34m 9820 |[0m [91m| [0m            current(
[34m 9821 |[0m [91m| [0m                &result);
[34m 9822 |[0m [91m| [0m
[34m 9823 |[0m [91m| [0m        if value == '"' {
[34m 9824 |[0m [91m| [0m            set result =
[34m 9825 |[0m [91m| [0m                advance_ascii_unit(
[34m 9826 |[0m [91m| [0m                    &result);
[34m 9827 |[0m [91m| [0m
[34m 9828 |[0m [91m| [0m            let lexeme: string =
[34m 9829 |[0m [91m| [0m                state_slice(
[34m 9830 |[0m [91m| [0m                    &result,
[34m 9831 |[0m [91m| [0m                    begin_index,
[34m 9832 |[0m [91m| [0m                    result.index);
[34m 9833 |[0m [91m| [0m
[34m 9834 |[0m [91m| [0m            give emit(
[34m 9835 |[0m [91m| [0m                &result,
[34m 9836 |[0m [91m| [0m                token(
[34m 9837 |[0m [91m| [0m                    JsonTokenKind.String,
[34m 9838 |[0m [91m| [0m                    lexeme,
[34m 9839 |[0m [91m| [0m                    decoded,
[34m 9840 |[0m [91m| [0m                    span(
[34m 9841 |[0m [91m| [0m                        beginning,
[34m 9842 |[0m [91m| [0m                        result.position)));
[34m 9843 |[0m [91m| [0m        }
[34m 9844 |[0m [91m| [0m
[34m 9845 |[0m [91m| [0m        if value == '\\' {
[34m 9846 |[0m [91m| [0m            let escape_start:
[34m 9847 |[0m [91m| [0m                JsonPosition =
[34m 9848 |[0m [91m| [0m                    result.position;
[34m 9849 |[0m [91m| [0m
[34m 9850 |[0m [91m| [0m            let escape_index:
[34m 9851 |[0m [91m| [0m                usize =
[34m 9852 |[0m [91m| [0m                    result.index;
[34m 9853 |[0m [91m| [0m
[34m 9854 |[0m [91m| [0m            let escaped:
[34m 9855 |[0m [91m| [0m                JsonEscapeResult =
[34m 9856 |[0m [91m| [0m                    decode_escape(
[34m 9857 |[0m [91m| [0m                        result.source,
[34m 9858 |[0m [91m| [0m                        escape_index);
[34m 9859 |[0m [91m| [0m
[34m 9860 |[0m [91m| [0m            if !escaped.ok {
[34m 9861 |[0m [91m| [0m                let mapped_error:
[34m 9862 |[0m [91m| [0m                    JsonLexerError =
[34m 9863 |[0m [91m| [0m                        JsonLexerError.InvalidStringEscape;
[34m 9864 |[0m [91m| [0m
[34m 9865 |[0m [91m| [0m                let mut detail: string =
[34m 9866 |[0m [91m| [0m                    escape_error_name(
[34m 9867 |[0m [91m| [0m                        escaped.error);
[34m 9868 |[0m [91m| [0m
[34m 9869 |[0m [91m| [0m                if escaped.error ==
[34m 9870 |[0m [91m| [0m                       JsonEscapeError.InvalidHexDigit ||
[34m 9871 |[0m [91m| [0m                   escaped.error ==
[34m 9872 |[0m [91m| [0m                       JsonEscapeError.IncompleteUnicodeEscape ||
[34m 9873 |[0m [91m| [0m                   escaped.error ==
[34m 9874 |[0m [91m| [0m                       JsonEscapeError.UnexpectedLowSurrogate ||
[34m 9875 |[0m [91m| [0m                   escaped.error ==
[34m 9876 |[0m [91m| [0m                       JsonEscapeError.MissingLowSurrogate ||
[34m 9877 |[0m [91m| [0m                   escaped.error ==
[34m 9878 |[0m [91m| [0m                       JsonEscapeError.InvalidLowSurrogate ||
[34m 9879 |[0m [91m| [0m                   escaped.error ==
[34m 9880 |[0m [91m| [0m                       JsonEscapeError.InvalidUnicodeScalar {
[34m 9881 |[0m [91m| [0m                    set detail =
[34m 9882 |[0m [91m| [0m                        "invalid Unicode escape: " +
[34m 9883 |[0m [91m| [0m                        detail;
[34m 9884 |[0m [91m| [0m                }
[34m 9885 |[0m [91m| [0m
[34m 9886 |[0m [91m| [0m                give fail(
[34m 9887 |[0m [91m| [0m                    &result,
[34m 9888 |[0m [91m| [0m                    mapped_error,
[34m 9889 |[0m [91m| [0m                    "invalid escape sequence in JSON string",
[34m 9890 |[0m [91m| [0m                    detail,
[34m 9891 |[0m [91m| [0m                    state_slice(
[34m 9892 |[0m [91m| [0m                        &result,
[34m 9893 |[0m [91m| [0m                        escape_index,
[34m 9894 |[0m [91m| [0m                        escaped.error_span.end.offset),
[34m 9895 |[0m [91m| [0m                    escaped.error_span);
[34m 9896 |[0m [91m| [0m            }
[34m 9897 |[0m [91m| [0m
[34m 9898 |[0m [91m| [0m            let text: string =
[34m 9899 |[0m [91m| [0m                escape_text(
[34m 9900 |[0m [91m| [0m                    &escaped.value);
[34m 9901 |[0m [91m| [0m
[34m 9902 |[0m [91m| [0m            set decoded =
[34m 9903 |[0m [91m| [0m                decoded +
[34m 9904 |[0m [91m| [0m                text;
[34m 9905 |[0m [91m| [0m
[34m 9906 |[0m [91m| [0m            set decoded_length +=
[34m 9907 |[0m [91m| [0m                text.length;
[34m 9908 |[0m [91m| [0m
[34m 9909 |[0m [91m| [0m            if decoded_length >
[34m 9910 |[0m [91m| [0m               result.limits.max_string_length {
[34m 9911 |[0m [91m| [0m                give fail(
[34m 9912 |[0m [91m| [0m                    &result,
[34m 9913 |[0m [91m| [0m                    JsonLexerError.StringTooLong,
[34m 9914 |[0m [91m| [0m                    "JSON string is too long",
[34m 9915 |[0m [91m| [0m                    "the configured decoded JSON string length limit was exceeded",
[34m 9916 |[0m [91m| [0m                    "",
[34m 9917 |[0m [91m| [0m                    span(
[34m 9918 |[0m [91m| [0m                        beginning,
[34m 9919 |[0m [91m| [0m                        escape_start));
[34m 9920 |[0m [91m| [0m            }
[34m 9921 |[0m [91m| [0m
[34m 9922 |[0m [91m| [0m            set result =
[34m 9923 |[0m [91m| [0m                advance_count(
[34m 9924 |[0m [91m| [0m                    &result,
[34m 9925 |[0m [91m| [0m                    escaped.value.consumed);
[34m 9926 |[0m [91m| [0m
[34m 9927 |[0m [91m| [0m            continue;
[34m 9928 |[0m [91m| [0m        }
[34m 9929 |[0m [91m| [0m
[34m 9930 |[0m [91m| [0m        let scalar: u64 =
[34m 9931 |[0m [91m| [0m            value as u64;
[34m 9932 |[0m [91m| [0m
[34m 9933 |[0m [91m| [0m        if scalar < 0x20 {
[34m 9934 |[0m [91m| [0m            let control_start:
[34m 9935 |[0m [91m| [0m                JsonPosition =
[34m 9936 |[0m [91m| [0m                    result.position;
[34m 9937 |[0m [91m| [0m
[34m 9938 |[0m [91m| [0m            let after:
[34m 9939 |[0m [91m| [0m                JsonLexer =
[34m 9940 |[0m [91m| [0m                    advance_one(
[34m 9941 |[0m [91m| [0m                        &result);
[34m 9942 |[0m [91m| [0m
[34m 9943 |[0m [91m| [0m            give fail(
[34m 9944 |[0m [91m| [0m                &result,
[34m 9945 |[0m [91m| [0m                JsonLexerError.UnescapedControlCharacter,
[34m 9946 |[0m [91m| [0m                "unescaped control character in JSON string",
[34m 9947 |[0m [91m| [0m                "characters U+0000 through U+001F must be escaped inside JSON strings",
[34m 9948 |[0m [91m| [0m                "" + value,
[34m 9949 |[0m [91m| [0m                span(
[34m 9950 |[0m [91m| [0m                    control_start,
[34m 9951 |[0m [91m| [0m                    after.position));
[34m 9952 |[0m [91m| [0m        }
[34m 9953 |[0m [91m| [0m
[34m 9954 |[0m [91m| [0m        set decoded =
[34m 9955 |[0m [91m| [0m            decoded +
[34m 9956 |[0m [91m| [0m            value;
[34m 9957 |[0m [91m| [0m
[34m 9958 |[0m [91m| [0m        set decoded_length += 1;
[34m 9959 |[0m [91m| [0m
[34m 9960 |[0m [91m| [0m        if decoded_length >
[34m 9961 |[0m [91m| [0m           result.limits.max_string_length {
[34m 9962 |[0m [91m| [0m            give fail(
[34m 9963 |[0m [91m| [0m                &result,
[34m 9964 |[0m [91m| [0m                JsonLexerError.StringTooLong,
[34m 9965 |[0m [91m| [0m                "JSON string is too long",
[34m 9966 |[0m [91m| [0m                "the configured decoded JSON string length limit was exceeded",
[34m 9967 |[0m [91m| [0m                "",
[34m 9968 |[0m [91m| [0m                span(
[34m 9969 |[0m [91m| [0m                    beginning,
[34m 9970 |[0m [91m| [0m                    result.position));
[34m 9971 |[0m [91m| [0m        }
[34m 9972 |[0m [91m| [0m
[34m 9973 |[0m [91m| [0m        set result =
[34m 9974 |[0m [91m| [0m            advance_one(
[34m 9975 |[0m [91m| [0m                &result);
[34m 9976 |[0m [91m| [0m    }
[34m 9977 |[0m [91m| [0m
[34m 9978 |[0m [91m| [0m    give fail(
[34m 9979 |[0m [91m| [0m        &result,
[34m 9980 |[0m [91m| [0m        JsonLexerError.UnterminatedString,
[34m 9981 |[0m [91m| [0m        "unterminated JSON string",
[34m 9982 |[0m [91m| [0m        "expected a closing quotation mark",
[34m 9983 |[0m [91m| [0m        state_slice(
[34m 9984 |[0m [91m| [0m            &result,
[34m 9985 |[0m [91m| [0m            content_begin,
[34m 9986 |[0m [91m| [0m            result.index),
[34m 9987 |[0m [91m| [0m        span(
[34m 9988 |[0m [91m| [0m            beginning,
[34m 9989 |[0m [91m| [0m            result.position));
[34m 9990 |[0m [91m| [0m}
[34m 9991 |[0m [91m| [0m
[34m 9992 |[0m [91m| [0m/// -------------------------------------------------------------------------
[34m 9993 |[0m [91m| [0m/// Unknown input
[34m 9994 |[0m [91m| [0m/// -------------------------------------------------------------------------
[34m 9995 |[0m [91m| [0m
[34m 9996 |[0m [91m| [0mproc scan_invalid_literal(
[34m 9997 |[0m [91m| [0m    state: &JsonLexer
[34m 9998 |[0m [91m| [0m) -> JsonLexer {
[34m 9999 |[0m [91m| [0m    let mut result: JsonLexer =
[34m10000 |[0m [91m| [0m        *state;
[34m10001 |[0m [91m| [0m
[34m10002 |[0m [91m| [0m    let beginning: JsonPosition =
[34m10003 |[0m [91m| [0m        result.position;
[34m10004 |[0m [91m| [0m
[34m10005 |[0m [91m| [0m    let begin_index: usize =
[34m10006 |[0m [91m| [0m        result.index;
[34m10007 |[0m [91m| [0m
[34m10008 |[0m [91m| [0m    while !at_end(
[34m10009 |[0m [91m| [0m        &result) &&
[34m10010 |[0m [91m| [0m        is_literal_character(
[34m10011 |[0m [91m| [0m            current(
[34m10012 |[0m [91m| [0m                &result)) {
[34m10013 |[0m [91m| [0m        set result =
[34m10014 |[0m [91m| [0m            advance_ascii_unit(
[34m10015 |[0m [91m| [0m                &result);
[34m10016 |[0m [91m| [0m    }
[34m10017 |[0m [91m| [0m
[34m10018 |[0m [91m| [0m    if result.index ==
[34m10019 |[0m [91m| [0m       begin_index {
[34m10020 |[0m [91m| [0m        set result =
[34m10021 |[0m [91m| [0m            advance_one(
[34m10022 |[0m [91m| [0m                &result);
[34m10023 |[0m [91m| [0m    }
[34m10024 |[0m [91m| [0m
[34m10025 |[0m [91m| [0m    let found: string =
[34m10026 |[0m [91m| [0m        state_slice(
[34m10027 |[0m [91m| [0m            &result,
[34m10028 |[0m [91m| [0m            begin_index,
[34m10029 |[0m [91m| [0m            result.index);
[34m10030 |[0m [91m| [0m
[34m10031 |[0m [91m| [0m    give fail(
[34m10032 |[0m [91m| [0m        &result,
[34m10033 |[0m [91m| [0m        JsonLexerError.InvalidLiteral,
[34m10034 |[0m [91m| [0m        "invalid JSON literal",
[34m10035 |[0m [91m| [0m        "valid JSON literals are null, true and false",
[34m10036 |[0m [91m| [0m        found,
[34m10037 |[0m [91m| [0m        span(
[34m10038 |[0m [91m| [0m            beginning,
[34m10039 |[0m [91m| [0m            result.position));
[34m10040 |[0m [91m| [0m}
[34m10041 |[0m [91m| [0m
[34m10042 |[0m [91m| [0mproc scan_unexpected(
[34m10043 |[0m [91m| [0m    state: &JsonLexer
[34m10044 |[0m [91m| [0m) -> JsonLexer {
[34m10045 |[0m [91m| [0m    let beginning:
[34m10046 |[0m [91m| [0m        JsonPosition =
[34m10047 |[0m [91m| [0m            state.position;
[34m10048 |[0m [91m| [0m
[34m10049 |[0m [91m| [0m    let found: string =
[34m10050 |[0m [91m| [0m        "" +
[34m10051 |[0m [91m| [0m        current(state);
[34m10052 |[0m [91m| [0m
[34m10053 |[0m [91m| [0m    let after: JsonLexer =
[34m10054 |[0m [91m| [0m        advance_one(
[34m10055 |[0m [91m| [0m            state);
[34m10056 |[0m [91m| [0m
[34m10057 |[0m [91m| [0m    give fail(
[34m10058 |[0m [91m| [0m        state,
[34m10059 |[0m [91m| [0m        JsonLexerError.UnexpectedCharacter,
[34m10060 |[0m [91m| [0m        "unexpected character in JSON input",
[34m10061 |[0m [91m| [0m        "the character does not begin a valid JSON token",
[34m10062 |[0m [91m| [0m        found,
[34m10063 |[0m [91m| [0m        span(
[34m10064 |[0m [91m| [0m            beginning,
[34m10065 |[0m [91m| [0m            after.position));
[34m10066 |[0m [91m| [0m}
[34m10067 |[0m [91m| [0m
[34m10068 |[0m [91m| [0m/// -------------------------------------------------------------------------
[34m10069 |[0m [91m| [0m/// One-token dispatch
[34m10070 |[0m [91m| [0m/// -------------------------------------------------------------------------
[34m10071 |[0m [91m| [0m
[34m10072 |[0m [91m| [0mproc scan_next(
[34m10073 |[0m [91m| [0m    state: &JsonLexer
[34m10074 |[0m [91m| [0m) -> JsonLexer {
[34m10075 |[0m [91m| [0m    let mut result: JsonLexer =
[34m10076 |[0m [91m| [0m        skip_whitespace(
[34m10077 |[0m [91m| [0m            state);
[34m10078 |[0m [91m| [0m
[34m10079 |[0m [91m| [0m    if result.failed ||
[34m10080 |[0m [91m| [0m       at_end(
[34m10081 |[0m [91m| [0m           &result) {
[34m10082 |[0m [91m| [0m        give result;
[34m10083 |[0m [91m| [0m    }
[34m10084 |[0m [91m| [0m
[34m10085 |[0m [91m| [0m    let value: char =
[34m10086 |[0m [91m| [0m        current(
[34m10087 |[0m [91m| [0m            &result);
[34m10088 |[0m [91m| [0m
[34m10089 |[0m [91m| [0m    if is_punctuation(
[34m10090 |[0m [91m| [0m        value) {
[34m10091 |[0m [91m| [0m        give scan_punctuation(
[34m10092 |[0m [91m| [0m            &result);
[34m10093 |[0m [91m| [0m    }
[34m10094 |[0m [91m| [0m
[34m10095 |[0m [91m| [0m    if value == '"' {
[34m10096 |[0m [91m| [0m        give scan_string(
[34m10097 |[0m [91m| [0m            &result);
[34m10098 |[0m [91m| [0m    }
[34m10099 |[0m [91m| [0m
[34m10100 |[0m [91m| [0m    if value == '-' ||
[34m10101 |[0m [91m| [0m       is_digit(value) {
[34m10102 |[0m [91m| [0m        give scan_number(
[34m10103 |[0m [91m| [0m            &result);
[34m10104 |[0m [91m| [0m    }
[34m10105 |[0m [91m| [0m
[34m10106 |[0m [91m| [0m    if value == 'n' {
[34m10107 |[0m [91m| [0m        give scan_null(
[34m10108 |[0m [91m| [0m            &result);
[34m10109 |[0m [91m| [0m    }
[34m10110 |[0m [91m| [0m
[34m10111 |[0m [91m| [0m    if value == 't' {
[34m10112 |[0m [91m| [0m        give scan_true(
[34m10113 |[0m [91m| [0m            &result);
[34m10114 |[0m [91m| [0m    }
[34m10115 |[0m [91m| [0m
[34m10116 |[0m [91m| [0m    if value == 'f' {
[34m10117 |[0m [91m| [0m        give scan_false(
[34m10118 |[0m [91m| [0m            &result);
[34m10119 |[0m [91m| [0m    }
[34m10120 |[0m [91m| [0m
[34m10121 |[0m [91m| [0m    if (value >= 'a' &&
[34m10122 |[0m [91m| [0m        value <= 'z') ||
[34m10123 |[0m [91m| [0m       (value >= 'A' &&
[34m10124 |[0m [91m| [0m        value <= 'Z') ||
[34m10125 |[0m [91m| [0m       value == '_' {
[34m10126 |[0m [91m| [0m        give scan_invalid_literal(
[34m10127 |[0m [91m| [0m            &result);
[34m10128 |[0m [91m| [0m    }
[34m10129 |[0m [91m| [0m
[34m10130 |[0m [91m| [0m    give scan_unexpected(
[34m10131 |[0m [91m| [0m        &result);
[34m10132 |[0m [91m| [0m}
[34m10133 |[0m [91m| [0m
[34m10134 |[0m [91m| [0m/// -------------------------------------------------------------------------
[34m10135 |[0m [91m| [0m/// Full lexing
[34m10136 |[0m [91m| [0m/// -------------------------------------------------------------------------
[34m10137 |[0m [91m| [0m
[34m10138 |[0m [91m| [0mproc run(
[34m10139 |[0m [91m| [0m    initial: JsonLexer
[34m10140 |[0m [91m| [0m) -> JsonLexerResult {
[34m10141 |[0m [91m| [0m    let mut state: JsonLexer =
[34m10142 |[0m [91m| [0m        initial;
[34m10143 |[0m [91m| [0m
[34m10144 |[0m [91m| [0m    if !limits_valid(
[34m10145 |[0m [91m| [0m        &state.limits) {
[34m10146 |[0m [91m| [0m        let error: JsonLexerDiagnostic =
[34m10147 |[0m [91m| [0m            diagnostic(
[34m10148 |[0m [91m| [0m                JsonLexerError.Internal,
[34m10149 |[0m [91m| [0m                "invalid JSON lexer limits",
[34m10150 |[0m [91m| [0m                "all JSON lexer limits must be greater than zero",
[34m10151 |[0m [91m| [0m                "Vérifiez les limites configurées avant de lancer l'analyse JSON",
[34m10152 |[0m [91m| [0m                "",
[34m10153 |[0m [91m| [0m                empty_span());
[34m10154 |[0m [91m| [0m
[34m10155 |[0m [91m| [0m        give lexer_failure(
[34m10156 |[0m [91m| [0m            state.tokens,
[34m10157 |[0m [91m| [0m            state.token_count,
[34m10158 |[0m [91m| [0m            error);
[34m10159 |[0m [91m| [0m    }
[34m10160 |[0m [91m| [0m
[34m10161 |[0m [91m| [0m    if state.source.length >
[34m10162 |[0m [91m| [0m       state.limits.max_source_length {
[34m10163 |[0m [91m| [0m        let source_end:
[34m10164 |[0m [91m| [0m            JsonPosition =
[34m10165 |[0m [91m| [0m                position_after(
[34m10166 |[0m [91m| [0m                    state.source);
[34m10167 |[0m [91m| [0m
[34m10168 |[0m [91m| [0m        let error: JsonLexerDiagnostic =
[34m10169 |[0m [91m| [0m            diagnostic(
[34m10170 |[0m [91m| [0m                JsonLexerError.SourceTooLarge,
[34m10171 |[0m [91m| [0m                "JSON source is too large",
[34m10172 |[0m [91m| [0m                "the configured JSON source length limit was exceeded",
[34m10173 |[0m [91m| [0m                "Réduisez le document ou augmentez max_source_length",
[34m10174 |[0m [91m| [0m                "",
[34m10175 |[0m [91m| [0m                span(
[34m10176 |[0m [91m| [0m                    start(),
[34m10177 |[0m [91m| [0m                    source_end));
[34m10178 |[0m [91m| [0m
[34m10179 |[0m [91m| [0m        give lexer_failure(
[34m10180 |[0m [91m| [0m            state.tokens,
[34m10181 |[0m [91m| [0m            state.token_count,
[34m10182 |[0m [91m| [0m            error);
[34m10183 |[0m [91m| [0m    }
[34m10184 |[0m [91m| [0m
[34m10185 |[0m [91m| [0m    while !at_end(
[34m10186 |[0m [91m| [0m        &state) &&
[34m10187 |[0m [91m| [0m        !state.failed {
[34m10188 |[0m [91m| [0m        set state =
[34m10189 |[0m [91m| [0m            scan_next(
[34m10190 |[0m [91m| [0m                &state);
[34m10191 |[0m [91m| [0m    }
[34m10192 |[0m [91m| [0m
[34m10193 |[0m [91m| [0m    if state.failed {
[34m10194 |[0m [91m| [0m        give lexer_failure(
[34m10195 |[0m [91m| [0m            state.tokens,
[34m10196 |[0m [91m| [0m            state.token_count,
[34m10197 |[0m [91m| [0m            state.error);
[34m10198 |[0m [91m| [0m    }
[34m10199 |[0m [91m| [0m
[34m10200 |[0m [91m| [0m    set state =
[34m10201 |[0m [91m| [0m        skip_whitespace(
[34m10202 |[0m [91m| [0m            &state);
[34m10203 |[0m [91m| [0m
[34m10204 |[0m [91m| [0m    if state.failed {
[34m10205 |[0m [91m| [0m        give lexer_failure(
[34m10206 |[0m [91m| [0m            state.tokens,
[34m10207 |[0m [91m| [0m            state.token_count,
[34m10208 |[0m [91m| [0m            state.error);
[34m10209 |[0m [91m| [0m    }
[34m10210 |[0m [91m| [0m
[34m10211 |[0m [91m| [0m    set state =
[34m10212 |[0m [91m| [0m        emit(
[34m10213 |[0m [91m| [0m            &state,
[34m10214 |[0m [91m| [0m            end_token(
[34m10215 |[0m [91m| [0m                state.position));
[34m10216 |[0m [91m| [0m
[34m10217 |[0m [91m| [0m    if state.failed {
[34m10218 |[0m [91m| [0m        give lexer_failure(
[34m10219 |[0m [91m| [0m            state.tokens,
[34m10220 |[0m [91m| [0m            state.token_count,
[34m10221 |[0m [91m| [0m            state.error);
[34m10222 |[0m [91m| [0m    }
[34m10223 |[0m [91m| [0m
[34m10224 |[0m [91m| [0m    give lexer_success(
[34m10225 |[0m [91m| [0m        state.tokens,
[34m10226 |[0m [91m| [0m        state.token_count);
[34m10227 |[0m [91m| [0m}
[34m10228 |[0m [91m| [0m
[34m10229 |[0m [91m| [0mproc lex_with_limits(
[34m10230 |[0m [91m| [0m    source: string,
[34m10231 |[0m [91m| [0m    lexer_limits: JsonLexerLimits
[34m10232 |[0m [91m| [0m) -> JsonLexerResult {
[34m10233 |[0m [91m| [0m    give run(
[34m10234 |[0m [91m| [0m        lexer_with_limits(
[34m10235 |[0m [91m| [0m            source,
[34m10236 |[0m [91m| [0m            lexer_limits));
[34m10237 |[0m [91m| [0m}
[34m10238 |[0m [91m| [0m
[34m10239 |[0m [91m| [0mexport proc lex(
[34m10240 |[0m [91m| [0m    source: string
[34m10241 |[0m [91m| [0m) -> JsonLexerResult {
[34m10242 |[0m [91m| [0m    give run(
[34m10243 |[0m [91m| [0m        lexer(source));
[34m10244 |[0m [91m| [0m}
[34m10245 |[0m [91m| [0m
[34m10246 |[0m [91m| [0m/// -------------------------------------------------------------------------
[34m10247 |[0m [91m| [0m/// Token result queries
[34m10248 |[0m [91m| [0m/// -------------------------------------------------------------------------
[34m10249 |[0m [91m| [0m
[34m10250 |[0m [91m| [0mproc token_count(
[34m10251 |[0m [91m| [0m    result: &JsonLexerResult
[34m10252 |[0m [91m| [0m) -> usize {
[34m10253 |[0m [91m| [0m    give result.token_count;
[34m10254 |[0m [91m| [0m}
[34m10255 |[0m [91m| [0m
[34m10256 |[0m [91m| [0mproc empty(
[34m10257 |[0m [91m| [0m    result: &JsonLexerResult
[34m10258 |[0m [91m| [0m) -> bool {
[34m10259 |[0m [91m| [0m    give result.token_count <= 1;
[34m10260 |[0m [91m| [0m}
[34m10261 |[0m [91m| [0m
[34m10262 |[0m [91m| [0mproc token_at(
[34m10263 |[0m [91m| [0m    result: &JsonLexerResult,
[34m10264 |[0m [91m| [0m    index: usize
[34m10265 |[0m [91m| [0m) -> JsonToken {
[34m10266 |[0m [91m| [0m    if index >=
[34m10267 |[0m [91m| [0m       result.token_count {
[34m10268 |[0m [91m| [0m        give invalid_token();
[34m10269 |[0m [91m| [0m    }
[34m10270 |[0m [91m| [0m
[34m10271 |[0m [91m| [0m    give result.tokens[index];
[34m10272 |[0m [91m| [0m}
[34m10273 |[0m [91m| [0m
[34m10274 |[0m [91m| [0mproc first_token(
[34m10275 |[0m [91m| [0m    result: &JsonLexerResult
[34m10276 |[0m [91m| [0m) -> JsonToken {
[34m10277 |[0m [91m| [0m    if result.token_count == 0 {
[34m10278 |[0m [91m| [0m        give invalid_token();
[34m10279 |[0m [91m| [0m    }
[34m10280 |[0m [91m| [0m
[34m10281 |[0m [91m| [0m    give result.tokens[0];
[34m10282 |[0m [91m| [0m}
[34m10283 |[0m [91m| [0m
[34m10284 |[0m [91m| [0mproc last_token(
[34m10285 |[0m [91m| [0m    result: &JsonLexerResult
[34m10286 |[0m [91m| [0m) -> JsonToken {
[34m10287 |[0m [91m| [0m    if result.token_count == 0 {
[34m10288 |[0m [91m| [0m        give invalid_token();
[34m10289 |[0m [91m| [0m    }
[34m10290 |[0m [91m| [0m
[34m10291 |[0m [91m| [0m    give result.tokens[
[34m10292 |[0m [91m| [0m        result.token_count - 1];
[34m10293 |[0m [91m| [0m}
[34m10294 |[0m [91m| [0m
[34m10295 |[0m [91m| [0mproc significant_token_count(
[34m10296 |[0m [91m| [0m    result: &JsonLexerResult
[34m10297 |[0m [91m| [0m) -> usize {
[34m10298 |[0m [91m| [0m    if result.token_count == 0 {
[34m10299 |[0m [91m| [0m        give 0;
[34m10300 |[0m [91m| [0m    }
[34m10301 |[0m [91m| [0m
[34m10302 |[0m [91m| [0m    if result.tokens[
[34m10303 |[0m [91m| [0m           result.token_count - 1].kind ==
[34m10304 |[0m [91m| [0m       JsonTokenKind.End {
[34m10305 |[0m [91m| [0m        give result.token_count - 1;
[34m10306 |[0m [91m| [0m    }
[34m10307 |[0m [91m| [0m
[34m10308 |[0m [91m| [0m    give result.token_count;
[34m10309 |[0m [91m| [0m}
[34m10310 |[0m [91m| [0m
[34m10311 |[0m [91m| [0mproc has_error(
[34m10312 |[0m [91m| [0m    result: &JsonLexerResult
[34m10313 |[0m [91m| [0m) -> bool {
[34m10314 |[0m [91m| [0m    give !result.ok;
[34m10315 |[0m [91m| [0m}
[34m10316 |[0m [91m| [0m
[34m10317 |[0m [91m| [0m/// -------------------------------------------------------------------------
[34m10318 |[0m [91m| [0m/// Token counting by kind
[34m10319 |[0m [91m| [0m/// -------------------------------------------------------------------------
[34m10320 |[0m [91m| [0m
[34m10321 |[0m [91m| [0mproc count_kind(
[34m10322 |[0m [91m| [0m    result: &JsonLexerResult,
[34m10323 |[0m [91m| [0m    kind: JsonTokenKind
[34m10324 |[0m [91m| [0m) -> usize {
[34m10325 |[0m [91m| [0m    let mut count: usize = 0;
[34m10326 |[0m [91m| [0m
[34m10327 |[0m [91m| [0m    let mut index: usize = 0;
[34m10328 |[0m [91m| [0m
[34m10329 |[0m [91m| [0m    while index <
[34m10330 |[0m [91m| [0m          result.token_count {
[34m10331 |[0m [91m| [0m        if result.tokens[index].kind ==
[34m10332 |[0m [91m| [0m           kind {
[34m10333 |[0m [91m| [0m            set count += 1;
[34m10334 |[0m [91m| [0m        }
[34m10335 |[0m [91m| [0m
[34m10336 |[0m [91m| [0m        set index += 1;
[34m10337 |[0m [91m| [0m    }
[34m10338 |[0m [91m| [0m
[34m10339 |[0m [91m| [0m    give count;
[34m10340 |[0m [91m| [0m}
[34m10341 |[0m [91m| [0m
[34m10342 |[0m [91m| [0mproc string_count(
[34m10343 |[0m [91m| [0m    result: &JsonLexerResult
[34m10344 |[0m [91m| [0m) -> usize {
[34m10345 |[0m [91m| [0m    give count_kind(
[34m10346 |[0m [91m| [0m        result,
[34m10347 |[0m [91m| [0m        JsonTokenKind.String);
[34m10348 |[0m [91m| [0m}
[34m10349 |[0m [91m| [0m
[34m10350 |[0m [91m| [0mproc number_count(
[34m10351 |[0m [91m| [0m    result: &JsonLexerResult
[34m10352 |[0m [91m| [0m) -> usize {
[34m10353 |[0m [91m| [0m    give count_kind(
[34m10354 |[0m [91m| [0m        result,
[34m10355 |[0m [91m| [0m        JsonTokenKind.Number);
[34m10356 |[0m [91m| [0m}
[34m10357 |[0m [91m| [0m
[34m10358 |[0m [91m| [0mproc literal_count(
[34m10359 |[0m [91m| [0m    result: &JsonLexerResult
[34m10360 |[0m [91m| [0m) -> usize {
[34m10361 |[0m [91m| [0m    give count_kind(
[34m10362 |[0m [91m| [0m               result,
[34m10363 |[0m [91m| [0m               JsonTokenKind.Null) +
[34m10364 |[0m [91m| [0m         count_kind(
[34m10365 |[0m [91m| [0m               result,
[34m10366 |[0m [91m| [0m               JsonTokenKind.True) +
[34m10367 |[0m [91m| [0m         count_kind(
[34m10368 |[0m [91m| [0m               result,
[34m10369 |[0m [91m| [0m               JsonTokenKind.False) +
[34m10370 |[0m [91m| [0m         count_kind(
[34m10371 |[0m [91m| [0m               result,
[34m10372 |[0m [91m| [0m               JsonTokenKind.Number) +
[34m10373 |[0m [91m| [0m         count_kind(
[34m10374 |[0m [91m| [0m               result,
[34m10375 |[0m [91m| [0m               JsonTokenKind.String);
[34m10376 |[0m [91m| [0m}
[34m10377 |[0m [91m| [0m
[34m10378 |[0m [91m| [0m/// -------------------------------------------------------------------------
[34m10379 |[0m [91m| [0m/// Structural statistics
[34m10380 |[0m [91m| [0m/// -------------------------------------------------------------------------
[34m10381 |[0m [91m| [0m
[34m10382 |[0m [91m| [0mproc opening_container_count(
[34m10383 |[0m [91m| [0m    result: &JsonLexerResult
[34m10384 |[0m [91m| [0m) -> usize {
[34m10385 |[0m [91m| [0m    give count_kind(
[34m10386 |[0m [91m| [0m               result,
[34m10387 |[0m [91m| [0m               JsonTokenKind.LeftBrace) +
[34m10388 |[0m [91m| [0m         count_kind(
[34m10389 |[0m [91m| [0m               result,
[34m10390 |[0m [91m| [0m               JsonTokenKind.LeftBracket);
[34m10391 |[0m [91m| [0m}
[34m10392 |[0m [91m| [0m
[34m10393 |[0m [91m| [0mproc closing_container_count(
[34m10394 |[0m [91m| [0m    result: &JsonLexerResult
[34m10395 |[0m [91m| [0m) -> usize {
[34m10396 |[0m [91m| [0m    give count_kind(
[34m10397 |[0m [91m| [0m               result,
[34m10398 |[0m [91m| [0m               JsonTokenKind.RightBrace) +
[34m10399 |[0m [91m| [0m         count_kind(
[34m10400 |[0m [91m| [0m               result,
[34m10401 |[0m [91m| [0m               JsonTokenKind.RightBracket);
[34m10402 |[0m [91m| [0m}
[34m10403 |[0m [91m| [0m
[34m10404 |[0m [91m| [0m/// -------------------------------------------------------------------------
[34m10405 |[0m [91m| [0m/// Token equality
[34m10406 |[0m [91m| [0m/// -------------------------------------------------------------------------
[34m10407 |[0m [91m| [0m
[34m10408 |[0m [91m| [0mproc tokens_equal(
[34m10409 |[0m [91m| [0m    left: &JsonToken,
[34m10410 |[0m [91m| [0m    right: &JsonToken
[34m10411 |[0m [91m| [0m) -> bool {
[34m10412 |[0m [91m| [0m    give left.kind ==
[34m10413 |[0m [91m| [0m             right.kind &&
[34m10414 |[0m [91m| [0m         left.lexeme ==
[34m10415 |[0m [91m| [0m             right.lexeme &&
[34m10416 |[0m [91m| [0m         left.value ==
[34m10417 |[0m [91m| [0m             right.value &&
[34m10418 |[0m [91m| [0m         spans_equal(
[34m10419 |[0m [91m| [0m             &left.span,
[34m10420 |[0m [91m| [0m             &right.span);
[34m10421 |[0m [91m| [0m}
[34m10422 |[0m [91m| [0m
[34m10423 |[0m [91m| [0m/// -------------------------------------------------------------------------
[34m10424 |[0m [91m| [0m/// Result validation
[34m10425 |[0m [91m| [0m/// -------------------------------------------------------------------------
[34m10426 |[0m [91m| [0m
[34m10427 |[0m [91m| [0mproc validate_token(
[34m10428 |[0m [91m| [0m    value: &JsonToken
[34m10429 |[0m [91m| [0m) -> bool {
[34m10430 |[0m [91m| [0m    if !span_valid(
[34m10431 |[0m [91m| [0m        &value.span) {
[34m10432 |[0m [91m| [0m        give false;
[34m10433 |[0m [91m| [0m    }
[34m10434 |[0m [91m| [0m
[34m10435 |[0m [91m| [0m    if value.kind ==
[34m10436 |[0m [91m| [0m       JsonTokenKind.Invalid {
[34m10437 |[0m [91m| [0m        give false;
[34m10438 |[0m [91m| [0m    }
[34m10439 |[0m [91m| [0m
[34m10440 |[0m [91m| [0m    if value.kind ==
[34m10441 |[0m [91m| [0m       JsonTokenKind.End {
[34m10442 |[0m [91m| [0m        give value.lexeme.length == 0;
[34m10443 |[0m [91m| [0m    }
[34m10444 |[0m [91m| [0m
[34m10445 |[0m [91m| [0m    give value.lexeme.length != 0;
[34m10446 |[0m [91m| [0m}
[34m10447 |[0m [91m| [0m
[34m10448 |[0m [91m| [0mproc validate_result(
[34m10449 |[0m [91m| [0m    result: &JsonLexerResult
[34m10450 |[0m [91m| [0m) -> bool {
[34m10451 |[0m [91m| [0m    if !result.ok {
[34m10452 |[0m [91m| [0m        give result.error.error !=
[34m10453 |[0m [91m| [0m             JsonLexerError.None;
[34m10454 |[0m [91m| [0m    }
[34m10455 |[0m [91m| [0m
[34m10456 |[0m [91m| [0m    if result.token_count == 0 {
[34m10457 |[0m [91m| [0m        give false;
[34m10458 |[0m [91m| [0m    }
[34m10459 |[0m [91m| [0m
[34m10460 |[0m [91m| [0m    if result.tokens.length <
[34m10461 |[0m [91m| [0m       result.token_count {
[34m10462 |[0m [91m| [0m        give false;
[34m10463 |[0m [91m| [0m    }
[34m10464 |[0m [91m| [0m
[34m10465 |[0m [91m| [0m    let mut index: usize = 0;
[34m10466 |[0m [91m| [0m
[34m10467 |[0m [91m| [0m    while index <
[34m10468 |[0m [91m| [0m          result.token_count {
[34m10469 |[0m [91m| [0m        if !validate_token(
[34m10470 |[0m [91m| [0m            &result.tokens[index]) {
[34m10471 |[0m [91m| [0m            give false;
[34m10472 |[0m [91m| [0m        }
[34m10473 |[0m [91m| [0m
[34m10474 |[0m [91m| [0m        set index += 1;
[34m10475 |[0m [91m| [0m    }
[34m10476 |[0m [91m| [0m
[34m10477 |[0m [91m| [0m    give result.tokens[
[34m10478 |[0m [91m| [0m        result.token_count - 1].kind ==
[34m10479 |[0m [91m| [0m            JsonTokenKind.End;
[34m10480 |[0m [91m| [0m}
[34m10481 |[0m [91m| [0m
[34m10482 |[0m [91m| [0m/// -------------------------------------------------------------------------
[34m10483 |[0m [91m| [0m/// Tests — empty input
[34m10484 |[0m [91m| [0m/// -------------------------------------------------------------------------
[34m10485 |[0m [91m| [0m
[34m10486 |[0m [91m| [0mtest "json lexer empty input" {
[34m10487 |[0m [91m| [0m    let result: JsonLexerResult =
[34m10488 |[0m [91m| [0m        lex("");
[34m10489 |[0m [91m| [0m
[34m10490 |[0m [91m| [0m    assert result.ok;
[34m10491 |[0m [91m| [0m
[34m10492 |[0m [91m| [0m    assert result.token_count == 1;
[34m10493 |[0m [91m| [0m
[34m10494 |[0m [91m| [0m    assert result.tokens[0].kind ==
[34m10495 |[0m [91m| [0m        JsonTokenKind.End;
[34m10496 |[0m [91m| [0m
[34m10497 |[0m [91m| [0m    assert validate_result(
[34m10498 |[0m [91m| [0m        &result);
[34m10499 |[0m [91m| [0m}
[34m10500 |[0m [91m| [0m
[34m10501 |[0m [91m| [0mtest "json lexer whitespace only" {
[34m10502 |[0m [91m| [0m    let result: JsonLexerResult =
[34m10503 |[0m [91m| [0m        lex(
[34m10504 |[0m [91m| [0m            " \t\r\n ");
[34m10505 |[0m [91m| [0m
[34m10506 |[0m [91m| [0m    assert result.ok;
[34m10507 |[0m [91m| [0m
[34m10508 |[0m [91m| [0m    assert result.token_count == 1;
[34m10509 |[0m [91m| [0m
[34m10510 |[0m [91m| [0m    assert result.tokens[0].kind ==
[34m10511 |[0m [91m| [0m        JsonTokenKind.End;
[34m10512 |[0m [91m| [0m
[34m10513 |[0m [91m| [0m    assert result.tokens[0].span.start.line ==
[34m10514 |[0m [91m| [0m        1;
[34m10515 |[0m [91m| [0m}
[34m10516 |[0m [91m| [0m
[34m10517 |[0m [91m| [0m/// -------------------------------------------------------------------------
[34m10518 |[0m [91m| [0m/// Tests — punctuation
[34m10519 |[0m [91m| [0m/// -------------------------------------------------------------------------
[34m10520 |[0m [91m| [0m
[34m10521 |[0m [91m| [0mtest "json lexer punctuation" {
[34m10522 |[0m [91m| [0m    let result: JsonLexerResult =
[34m10523 |[0m [91m| [0m        lex(
[34m10524 |[0m [91m| [0m            "{}[]:,");
[34m10525 |[0m [91m| [0m
[34m10526 |[0m [91m| [0m    assert result.ok;
[34m10527 |[0m [91m| [0m
[34m10528 |[0m [91m| [0m    assert result.token_count == 7;
[34m10529 |[0m [91m| [0m
[34m10530 |[0m [91m| [0m    assert result.tokens[0].kind ==
[34m10531 |[0m [91m| [0m        JsonTokenKind.LeftBrace;
[34m10532 |[0m [91m| [0m
[34m10533 |[0m [91m| [0m    assert result.tokens[1].kind ==
[34m10534 |[0m [91m| [0m        JsonTokenKind.RightBrace;
[34m10535 |[0m [91m| [0m
[34m10536 |[0m [91m| [0m    assert result.tokens[2].kind ==
[34m10537 |[0m [91m| [0m        JsonTokenKind.LeftBracket;
[34m10538 |[0m [91m| [0m
[34m10539 |[0m [91m| [0m    assert result.tokens[3].kind ==
[34m10540 |[0m [91m| [0m        JsonTokenKind.RightBracket;
[34m10541 |[0m [91m| [0m
[34m10542 |[0m [91m| [0m    assert result.tokens[4].kind ==
[34m10543 |[0m [91m| [0m        JsonTokenKind.Colon;
[34m10544 |[0m [91m| [0m
[34m10545 |[0m [91m| [0m    assert result.tokens[5].kind ==
[34m10546 |[0m [91m| [0m        JsonTokenKind.Comma;
[34m10547 |[0m [91m| [0m
[34m10548 |[0m [91m| [0m    assert result.tokens[6].kind ==
[34m10549 |[0m [91m| [0m        JsonTokenKind.End;
[34m10550 |[0m [91m| [0m}
[34m10551 |[0m [91m| [0m
[34m10552 |[0m [91m| [0m/// -------------------------------------------------------------------------
[34m10553 |[0m [91m| [0m/// Tests — literals
[34m10554 |[0m [91m| [0m/// -------------------------------------------------------------------------
[34m10555 |[0m [91m| [0m
[34m10556 |[0m [91m| [0mtest "json lexer null" {
[34m10557 |[0m [91m| [0m    let result: JsonLexerResult =
[34m10558 |[0m [91m| [0m        lex("null");
[34m10559 |[0m [91m| [0m
[34m10560 |[0m [91m| [0m    assert result.ok;
[34m10561 |[0m [91m| [0m
[34m10562 |[0m [91m| [0m    assert result.tokens[0].kind ==
[34m10563 |[0m [91m| [0m        JsonTokenKind.Null;
[34m10564 |[0m [91m| [0m
[34m10565 |[0m [91m| [0m    assert result.tokens[0].lexeme ==
[34m10566 |[0m [91m| [0m        "null";
[34m10567 |[0m [91m| [0m}
[34m10568 |[0m [91m| [0m
[34m10569 |[0m [91m| [0mtest "json lexer true" {
[34m10570 |[0m [91m| [0m    let result: JsonLexerResult =
[34m10571 |[0m [91m| [0m        lex("true");
[34m10572 |[0m [91m| [0m
[34m10573 |[0m [91m| [0m    assert result.ok;
[34m10574 |[0m [91m| [0m
[34m10575 |[0m [91m| [0m    assert result.tokens[0].kind ==
[34m10576 |[0m [91m| [0m        JsonTokenKind.True;
[34m10577 |[0m [91m| [0m}
[34m10578 |[0m [91m| [0m
[34m10579 |[0m [91m| [0mtest "json lexer false" {
[34m10580 |[0m [91m| [0m    let result: JsonLexerResult =
[34m10581 |[0m [91m| [0m        lex("false");
[34m10582 |[0m [91m| [0m
[34m10583 |[0m [91m| [0m    assert result.ok;
[34m10584 |[0m [91m| [0m
[34m10585 |[0m [91m| [0m    assert result.tokens[0].kind ==
[34m10586 |[0m [91m| [0m        JsonTokenKind.False;
[34m10587 |[0m [91m| [0m}
[34m10588 |[0m [91m| [0m
[34m10589 |[0m [91m| [0mtest "json lexer rejects malformed null" {
[34m10590 |[0m [91m| [0m    let result: JsonLexerResult =
[34m10591 |[0m [91m| [0m        lex("nul");
[34m10592 |[0m [91m| [0m
[34m10593 |[0m [91m| [0m    assert !result.ok;
[34m10594 |[0m [91m| [0m
[34m10595 |[0m [91m| [0m    assert result.error.error ==
[34m10596 |[0m [91m| [0m        JsonLexerError.InvalidNullLiteral;
[34m10597 |[0m [91m| [0m}
[34m10598 |[0m [91m| [0m
[34m10599 |[0m [91m| [0mtest "json lexer rejects literal suffix" {
[34m10600 |[0m [91m| [0m    let result: JsonLexerResult =
[34m10601 |[0m [91m| [0m        lex("trueValue");
[34m10602 |[0m [91m| [0m
[34m10603 |[0m [91m| [0m    assert !result.ok;
[34m10604 |[0m [91m| [0m
[34m10605 |[0m [91m| [0m    assert result.error.error ==
[34m10606 |[0m [91m| [0m        JsonLexerError.InvalidTrueLiteral;
[34m10607 |[0m [91m| [0m}
[34m10608 |[0m [91m| [0m
[34m10609 |[0m [91m| [0m/// -------------------------------------------------------------------------
[34m10610 |[0m [91m| [0m/// Tests — integers
[34m10611 |[0m [91m| [0m/// -------------------------------------------------------------------------
[34m10612 |[0m [91m| [0m
[34m10613 |[0m [91m| [0mtest "json lexer zero" {
[34m10614 |[0m [91m| [0m    let result: JsonLexerResult =
[34m10615 |[0m [91m| [0m        lex("0");
[34m10616 |[0m [91m| [0m
[34m10617 |[0m [91m| [0m    assert result.ok;
[34m10618 |[0m [91m| [0m
[34m10619 |[0m [91m| [0m    assert result.tokens[0].kind ==
[34m10620 |[0m [91m| [0m        JsonTokenKind.Number;
[34m10621 |[0m [91m| [0m
[34m10622 |[0m [91m| [0m    assert result.tokens[0].value ==
[34m10623 |[0m [91m| [0m        "0";
[34m10624 |[0m [91m| [0m}
[34m10625 |[0m [91m| [0m
[34m10626 |[0m [91m| [0mtest "json lexer positive integer" {
[34m10627 |[0m [91m| [0m    let result: JsonLexerResult =
[34m10628 |[0m [91m| [0m        lex("42");
[34m10629 |[0m [91m| [0m
[34m10630 |[0m [91m| [0m    assert result.ok;
[34m10631 |[0m [91m| [0m
[34m10632 |[0m [91m| [0m    assert result.tokens[0].value ==
[34m10633 |[0m [91m| [0m        "42";
[34m10634 |[0m [91m| [0m}
[34m10635 |[0m [91m| [0m
[34m10636 |[0m [91m| [0mtest "json lexer negative integer" {
[34m10637 |[0m [91m| [0m    let result: JsonLexerResult =
[34m10638 |[0m [91m| [0m        lex("-42");
[34m10639 |[0m [91m| [0m
[34m10640 |[0m [91m| [0m    assert result.ok;
[34m10641 |[0m [91m| [0m
[34m10642 |[0m [91m| [0m    assert result.tokens[0].value ==
[34m10643 |[0m [91m| [0m        "-42";
[34m10644 |[0m [91m| [0m}
[34m10645 |[0m [91m| [0m
[34m10646 |[0m [91m| [0mtest "json lexer large integer" {
[34m10647 |[0m [91m| [0m    let result: JsonLexerResult =
[34m10648 |[0m [91m| [0m        lex(
[34m10649 |[0m [91m| [0m            "9223372036854775807");
[34m10650 |[0m [91m| [0m
[34m10651 |[0m [91m| [0m    assert result.ok;
[34m10652 |[0m [91m| [0m
[34m10653 |[0m [91m| [0m    assert result.tokens[0].kind ==
[34m10654 |[0m [91m| [0m        JsonTokenKind.Number;
[34m10655 |[0m [91m| [0m}
[34m10656 |[0m [91m| [0m
[34m10657 |[0m [91m| [0mtest "json lexer rejects leading zero" {
[34m10658 |[0m [91m| [0m    let result: JsonLexerResult =
[34m10659 |[0m [91m| [0m        lex("01");
[34m10660 |[0m [91m| [0m
[34m10661 |[0m [91m| [0m    assert !result.ok;
[34m10662 |[0m [91m| [0m
[34m10663 |[0m [91m| [0m    assert result.error.error ==
[34m10664 |[0m [91m| [0m        JsonLexerError.InvalidNumberLeadingZero;
[34m10665 |[0m [91m| [0m}
[34m10666 |[0m [91m| [0m
[34m10667 |[0m [91m| [0mtest "json lexer rejects negative leading zero" {
[34m10668 |[0m [91m| [0m    let result: JsonLexerResult =
[34m10669 |[0m [91m| [0m        lex("-01");
[34m10670 |[0m [91m| [0m
[34m10671 |[0m [91m| [0m    assert !result.ok;
[34m10672 |[0m [91m| [0m
[34m10673 |[0m [91m| [0m    assert result.error.error ==
[34m10674 |[0m [91m| [0m        JsonLexerError.InvalidNumberLeadingZero;
[34m10675 |[0m [91m| [0m}
[34m10676 |[0m [91m| [0m
[34m10677 |[0m [91m| [0mtest "json lexer rejects lone minus" {
[34m10678 |[0m [91m| [0m    let result: JsonLexerResult =
[34m10679 |[0m [91m| [0m        lex("-");
[34m10680 |[0m [91m| [0m
[34m10681 |[0m [91m| [0m    assert !result.ok;
[34m10682 |[0m [91m| [0m
[34m10683 |[0m [91m| [0m    assert result.error.error ==
[34m10684 |[0m [91m| [0m        JsonLexerError.InvalidNumber;
[34m10685 |[0m [91m| [0m}
[34m10686 |[0m [91m| [0m
[34m10687 |[0m [91m| [0m/// -------------------------------------------------------------------------
[34m10688 |[0m [91m| [0m/// Tests — fractions
[34m10689 |[0m [91m| [0m/// -------------------------------------------------------------------------
[34m10690 |[0m [91m| [0m
[34m10691 |[0m [91m| [0mtest "json lexer decimal" {
[34m10692 |[0m [91m| [0m    let result: JsonLexerResult =
[34m10693 |[0m [91m| [0m        lex("42.5");
[34m10694 |[0m [91m| [0m
[34m10695 |[0m [91m| [0m    assert result.ok;
[34m10696 |[0m [91m| [0m
[34m10697 |[0m [91m| [0m    assert result.tokens[0].value ==
[34m10698 |[0m [91m| [0m        "42.5";
[34m10699 |[0m [91m| [0m}
[34m10700 |[0m [91m| [0m
[34m10701 |[0m [91m| [0mtest "json lexer negative decimal" {
[34m10702 |[0m [91m| [0m    let result: JsonLexerResult =
[34m10703 |[0m [91m| [0m        lex("-0.125");
[34m10704 |[0m [91m| [0m
[34m10705 |[0m [91m| [0m    assert result.ok;
[34m10706 |[0m [91m| [0m
[34m10707 |[0m [91m| [0m    assert result.tokens[0].value ==
[34m10708 |[0m [91m| [0m        "-0.125";
[34m10709 |[0m [91m| [0m}
[34m10710 |[0m [91m| [0m
[34m10711 |[0m [91m| [0mtest "json lexer rejects missing fraction digits" {
[34m10712 |[0m [91m| [0m    let result: JsonLexerResult =
[34m10713 |[0m [91m| [0m        lex("42.");
[34m10714 |[0m [91m| [0m
[34m10715 |[0m [91m| [0m    assert !result.ok;
[34m10716 |[0m [91m| [0m
[34m10717 |[0m [91m| [0m    assert result.error.error ==
[34m10718 |[0m [91m| [0m        JsonLexerError.InvalidNumberFraction;
[34m10719 |[0m [91m| [0m}
[34m10720 |[0m [91m| [0m
[34m10721 |[0m [91m| [0mtest "json lexer rejects leading decimal point" {
[34m10722 |[0m [91m| [0m    let result: JsonLexerResult =
[34m10723 |[0m [91m| [0m        lex(".5");
[34m10724 |[0m [91m| [0m
[34m10725 |[0m [91m| [0m    assert !result.ok;
[34m10726 |[0m [91m| [0m
[34m10727 |[0m [91m| [0m    assert result.error.error ==
[34m10728 |[0m [91m| [0m        JsonLexerError.UnexpectedCharacter;
[34m10729 |[0m [91m| [0m}
[34m10730 |[0m [91m| [0m
[34m10731 |[0m [91m| [0m/// -------------------------------------------------------------------------
[34m10732 |[0m [91m| [0m/// Tests — exponent
[34m10733 |[0m [91m| [0m/// -------------------------------------------------------------------------
[34m10734 |[0m [91m| [0m
[34m10735 |[0m [91m| [0mtest "json lexer positive exponent" {
[34m10736 |[0m [91m| [0m    let result: JsonLexerResult =
[34m10737 |[0m [91m| [0m        lex("1e10");
[34m10738 |[0m [91m| [0m
[34m10739 |[0m [91m| [0m    assert result.ok;
[34m10740 |[0m [91m| [0m
[34m10741 |[0m [91m| [0m    assert result.tokens[0].value ==
[34m10742 |[0m [91m| [0m        "1e10";
[34m10743 |[0m [91m| [0m}
[34m10744 |[0m [91m| [0m
[34m10745 |[0m [91m| [0mtest "json lexer uppercase exponent" {
[34m10746 |[0m [91m| [0m    let result: JsonLexerResult =
[34m10747 |[0m [91m| [0m        lex("1E10");
[34m10748 |[0m [91m| [0m
[34m10749 |[0m [91m| [0m    assert result.ok;
[34m10750 |[0m [91m| [0m}
[34m10751 |[0m [91m| [0m
[34m10752 |[0m [91m| [0mtest "json lexer signed exponent" {
[34m10753 |[0m [91m| [0m    let positive: JsonLexerResult =
[34m10754 |[0m [91m| [0m        lex("1e+10");
[34m10755 |[0m [91m| [0m
[34m10756 |[0m [91m| [0m    let negative: JsonLexerResult =
[34m10757 |[0m [91m| [0m        lex("1e-10");
[34m10758 |[0m [91m| [0m
[34m10759 |[0m [91m| [0m    assert positive.ok;
[34m10760 |[0m [91m| [0m    assert negative.ok;
[34m10761 |[0m [91m| [0m}
[34m10762 |[0m [91m| [0m
[34m10763 |[0m [91m| [0mtest "json lexer decimal exponent" {
[34m10764 |[0m [91m| [0m    let result: JsonLexerResult =
[34m10765 |[0m [91m| [0m        lex("-12.5e+20");
[34m10766 |[0m [91m| [0m
[34m10767 |[0m [91m| [0m    assert result.ok;
[34m10768 |[0m [91m| [0m
[34m10769 |[0m [91m| [0m    assert result.tokens[0].value ==
[34m10770 |[0m [91m| [0m        "-12.5e+20";
[34m10771 |[0m [91m| [0m}
[34m10772 |[0m [91m| [0m
[34m10773 |[0m [91m| [0mtest "json lexer rejects empty exponent" {
[34m10774 |[0m [91m| [0m    let result: JsonLexerResult =
[34m10775 |[0m [91m| [0m        lex("1e");
[34m10776 |[0m [91m| [0m
[34m10777 |[0m [91m| [0m    assert !result.ok;
[34m10778 |[0m [91m| [0m
[34m10779 |[0m [91m| [0m    assert result.error.error ==
[34m10780 |[0m [91m| [0m        JsonLexerError.InvalidNumberExponent;
[34m10781 |[0m [91m| [0m}
[34m10782 |[0m [91m| [0m
[34m10783 |[0m [91m| [0mtest "json lexer rejects signed empty exponent" {
[34m10784 |[0m [91m| [0m    let result: JsonLexerResult =
[34m10785 |[0m [91m| [0m        lex("1e+");
[34m10786 |[0m [91m| [0m
[34m10787 |[0m [91m| [0m    assert !result.ok;
[34m10788 |[0m [91m| [0m
[34m10789 |[0m [91m| [0m    assert result.error.error ==
[34m10790 |[0m [91m| [0m        JsonLexerError.InvalidNumberExponent;
[34m10791 |[0m [91m| [0m}
[34m10792 |[0m [91m| [0m
[34m10793 |[0m [91m| [0m/// -------------------------------------------------------------------------
[34m10794 |[0m [91m| [0m/// Tests — strings
[34m10795 |[0m [91m| [0m/// -------------------------------------------------------------------------
[34m10796 |[0m [91m| [0m
[34m10797 |[0m [91m| [0mtest "json lexer empty string" {
[34m10798 |[0m [91m| [0m    let result: JsonLexerResult =
[34m10799 |[0m [91m| [0m        lex("\"\"");
[34m10800 |[0m [91m| [0m
[34m10801 |[0m [91m| [0m    assert result.ok;
[34m10802 |[0m [91m| [0m
[34m10803 |[0m [91m| [0m    assert result.tokens[0].kind ==
[34m10804 |[0m [91m| [0m        JsonTokenKind.String;
[34m10805 |[0m [91m| [0m
[34m10806 |[0m [91m| [0m    assert result.tokens[0].value ==
[34m10807 |[0m [91m| [0m        "";
[34m10808 |[0m [91m| [0m}
[34m10809 |[0m [91m| [0m
[34m10810 |[0m [91m| [0mtest "json lexer ordinary string" {
[34m10811 |[0m [91m| [0m    let result: JsonLexerResult =
[34m10812 |[0m [91m| [0m        lex("\"Vitte\"");
[34m10813 |[0m [91m| [0m
[34m10814 |[0m [91m| [0m    assert result.ok;
[34m10815 |[0m [91m| [0m
[34m10816 |[0m [91m| [0m    assert result.tokens[0].lexeme ==
[34m10817 |[0m [91m| [0m        "\"Vitte\"";
[34m10818 |[0m [91m| [0m
[34m10819 |[0m [91m| [0m    assert result.tokens[0].value ==
[34m10820 |[0m [91m| [0m        "Vitte";
[34m10821 |[0m [91m| [0m}
[34m10822 |[0m [91m| [0m
[34m10823 |[0m [91m| [0mtest "json lexer escaped quote" {
[34m10824 |[0m [91m| [0m    let result: JsonLexerResult =
[34m10825 |[0m [91m| [0m        lex(
[34m10826 |[0m [91m| [0m            "\"Vitte \\\"JSON\\\"\"");
[34m10827 |[0m [91m| [0m
[34m10828 |[0m [91m| [0m    assert result.ok;
[34m10829 |[0m [91m| [0m
[34m10830 |[0m [91m| [0m    assert result.tokens[0].value ==
[34m10831 |[0m [91m| [0m        "Vitte \"JSON\"";
[34m10832 |[0m [91m| [0m}
[34m10833 |[0m [91m| [0m
[34m10834 |[0m [91m| [0mtest "json lexer escaped backslash" {
[34m10835 |[0m [91m| [0m    let result: JsonLexerResult =
[34m10836 |[0m [91m| [0m        lex(
[34m10837 |[0m [91m| [0m            "\"a\\\\b\"");
[34m10838 |[0m [91m| [0m
[34m10839 |[0m [91m| [0m    assert result.ok;
[34m10840 |[0m [91m| [0m
[34m10841 |[0m [91m| [0m    assert result.tokens[0].value ==
[34m10842 |[0m [91m| [0m        "a\\b";
[34m10843 |[0m [91m| [0m}
[34m10844 |[0m [91m| [0m
[34m10845 |[0m [91m| [0mtest "json lexer escaped slash" {
[34m10846 |[0m [91m| [0m    let result: JsonLexerResult =
[34m10847 |[0m [91m| [0m        lex(
[34m10848 |[0m [91m| [0m            "\"a\\/b\"");
[34m10849 |[0m [91m| [0m
[34m10850 |[0m [91m| [0m    assert result.ok;
[34m10851 |[0m [91m| [0m
[34m10852 |[0m [91m| [0m    assert result.tokens[0].value ==
[34m10853 |[0m [91m| [0m        "a/b";
[34m10854 |[0m [91m| [0m}
[34m10855 |[0m [91m| [0m
[34m10856 |[0m [91m| [0mtest "json lexer escaped controls" {
[34m10857 |[0m [91m| [0m    let result: JsonLexerResult =
[34m10858 |[0m [91m| [0m        lex(
[34m10859 |[0m [91m| [0m            "\"a\\nb\\tc\\rd\\be\\f\"");
[34m10860 |[0m [91m| [0m
[34m10861 |[0m [91m| [0m    assert result.ok;
[34m10862 |[0m [91m| [0m
[34m10863 |[0m [91m| [0m    assert result.tokens[0].value ==
[34m10864 |[0m [91m| [0m        "a\nb\tc\rd\be\f";
[34m10865 |[0m [91m| [0m}
[34m10866 |[0m [91m| [0m
[34m10867 |[0m [91m| [0mtest "json lexer unicode escape" {
[34m10868 |[0m [91m| [0m    let result: JsonLexerResult =
[34m10869 |[0m [91m| [0m        lex(
[34m10870 |[0m [91m| [0m            "\"caf\\u00E9\"");
[34m10871 |[0m [91m| [0m
[34m10872 |[0m [91m| [0m    assert result.ok;
[34m10873 |[0m [91m| [0m
[34m10874 |[0m [91m| [0m    assert result.tokens[0].kind ==
[34m10875 |[0m [91m| [0m        JsonTokenKind.String;
[34m10876 |[0m [91m| [0m}
[34m10877 |[0m [91m| [0m
[34m10878 |[0m [91m| [0mtest "json lexer surrogate pair" {
[34m10879 |[0m [91m| [0m    let result: JsonLexerResult =
[34m10880 |[0m [91m| [0m        lex(
[34m10881 |[0m [91m| [0m            "\"\\uD83D\\uDE00\"");
[34m10882 |[0m [91m| [0m
[34m10883 |[0m [91m| [0m    assert result.ok;
[34m10884 |[0m [91m| [0m
[34m10885 |[0m [91m| [0m    assert result.tokens[0].kind ==
[34m10886 |[0m [91m| [0m        JsonTokenKind.String;
[34m10887 |[0m [91m| [0m}
[34m10888 |[0m [91m| [0m
[34m10889 |[0m [91m| [0mtest "json lexer rejects invalid escape" {
[34m10890 |[0m [91m| [0m    let result: JsonLexerResult =
[34m10891 |[0m [91m| [0m        lex(
[34m10892 |[0m [91m| [0m            "\"\\x\"");
[34m10893 |[0m [91m| [0m
[34m10894 |[0m [91m| [0m    assert !result.ok;
[34m10895 |[0m [91m| [0m
[34m10896 |[0m [91m| [0m    assert result.error.error ==
[34m10897 |[0m [91m| [0m        JsonLexerError.InvalidStringEscape;
[34m10898 |[0m [91m| [0m}
[34m10899 |[0m [91m| [0m
[34m10900 |[0m [91m| [0mtest "json lexer rejects incomplete unicode escape" {
[34m10901 |[0m [91m| [0m    let result: JsonLexerResult =
[34m10902 |[0m [91m| [0m        lex(
[34m10903 |[0m [91m| [0m            "\"\\u12\"");
[34m10904 |[0m [91m| [0m
[34m10905 |[0m [91m| [0m    assert !result.ok;
[34m10906 |[0m [91m| [0m
[34m10907 |[0m [91m| [0m    assert result.error.error ==
[34m10908 |[0m [91m| [0m        JsonLexerError.InvalidStringEscape;
[34m10909 |[0m [91m| [0m}
[34m10910 |[0m [91m| [0m
[34m10911 |[0m [91m| [0mtest "json lexer rejects unescaped newline in string" {
[34m10912 |[0m [91m| [0m    let result: JsonLexerResult =
[34m10913 |[0m [91m| [0m        lex(
[34m10914 |[0m [91m| [0m            "\"first\nsecond\"");
[34m10915 |[0m [91m| [0m
[34m10916 |[0m [91m| [0m    assert !result.ok;
[34m10917 |[0m [91m| [0m
[34m10918 |[0m [91m| [0m    assert result.error.error ==
[34m10919 |[0m [91m| [0m        JsonLexerError.UnescapedControlCharacter;
[34m10920 |[0m [91m| [0m}
[34m10921 |[0m [91m| [0m
[34m10922 |[0m [91m| [0mtest "json lexer rejects unterminated string" {
[34m10923 |[0m [91m| [0m    let result: JsonLexerResult =
[34m10924 |[0m [91m| [0m        lex(
[34m10925 |[0m [91m| [0m            "\"Vitte");
[34m10926 |[0m [91m| [0m
[34m10927 |[0m [91m| [0m    assert !result.ok;
[34m10928 |[0m [91m| [0m
[34m10929 |[0m [91m| [0m    assert result.error.error ==
[34m10930 |[0m [91m| [0m        JsonLexerError.UnterminatedString;
[34m10931 |[0m [91m| [0m}
[34m10932 |[0m [91m| [0m
[34m10933 |[0m [91m| [0m/// -------------------------------------------------------------------------
[34m10934 |[0m [91m| [0m/// Tests — complete arrays
[34m10935 |[0m [91m| [0m/// -------------------------------------------------------------------------
[34m10936 |[0m [91m| [0m
[34m10937 |[0m [91m| [0mtest "json lexer empty array" {
[34m10938 |[0m [91m| [0m    let result: JsonLexerResult =
[34m10939 |[0m [91m| [0m        lex("[]");
[34m10940 |[0m [91m| [0m
[34m10941 |[0m [91m| [0m    assert result.ok;
[34m10942 |[0m [91m| [0m
[34m10943 |[0m [91m| [0m    assert result.token_count == 3;
[34m10944 |[0m [91m| [0m
[34m10945 |[0m [91m| [0m    assert result.tokens[0].kind ==
[34m10946 |[0m [91m| [0m        JsonTokenKind.LeftBracket;
[34m10947 |[0m [91m| [0m
[34m10948 |[0m [91m| [0m    assert result.tokens[1].kind ==
[34m10949 |[0m [91m| [0m        JsonTokenKind.RightBracket;
[34m10950 |[0m [91m| [0m
[34m10951 |[0m [91m| [0m    assert result.tokens[2].kind ==
[34m10952 |[0m [91m| [0m        JsonTokenKind.End;
[34m10953 |[0m [91m| [0m}
[34m10954 |[0m [91m| [0m
[34m10955 |[0m [91m| [0mtest "json lexer scalar array" {
[34m10956 |[0m [91m| [0m    let result: JsonLexerResult =
[34m10957 |[0m [91m| [0m        lex(
[34m10958 |[0m [91m| [0m            "[null,true,false,42,-1.5,\"Vitte\"]");
[34m10959 |[0m [91m| [0m
[34m10960 |[0m [91m| [0m    assert result.ok;
[34m10961 |[0m [91m| [0m
[34m10962 |[0m [91m| [0m    assert count_kind(
[34m10963 |[0m [91m| [0m        &result,
[34m10964 |[0m [91m| [0m        JsonTokenKind.Null) == 1;
[34m10965 |[0m [91m| [0m
[34m10966 |[0m [91m| [0m    assert count_kind(
[34m10967 |[0m [91m| [0m        &result,
[34m10968 |[0m [91m| [0m        JsonTokenKind.True) == 1;
[34m10969 |[0m [91m| [0m
[34m10970 |[0m [91m| [0m    assert count_kind(
[34m10971 |[0m [91m| [0m        &result,
[34m10972 |[0m [91m| [0m        JsonTokenKind.False) == 1;
[34m10973 |[0m [91m| [0m
[34m10974 |[0m [91m| [0m    assert number_count(
[34m10975 |[0m [91m| [0m        &result) == 2;
[34m10976 |[0m [91m| [0m
[34m10977 |[0m [91m| [0m    assert string_count(
[34m10978 |[0m [91m| [0m        &result) == 1;
[34m10979 |[0m [91m| [0m}
[34m10980 |[0m [91m| [0m
[34m10981 |[0m [91m| [0m/// -------------------------------------------------------------------------
[34m10982 |[0m [91m| [0m/// Tests — complete objects
[34m10983 |[0m [91m| [0m/// -------------------------------------------------------------------------
[34m10984 |[0m [91m| [0m
[34m10985 |[0m [91m| [0mtest "json lexer empty object" {
[34m10986 |[0m [91m| [0m    let result: JsonLexerResult =
[34m10987 |[0m [91m| [0m        lex("{}");
[34m10988 |[0m [91m| [0m
[34m10989 |[0m [91m| [0m    assert result.ok;
[34m10990 |[0m [91m| [0m
[34m10991 |[0m [91m| [0m    assert result.tokens[0].kind ==
[34m10992 |[0m [91m| [0m        JsonTokenKind.LeftBrace;
[34m10993 |[0m [91m| [0m
[34m10994 |[0m [91m| [0m    assert result.tokens[1].kind ==
[34m10995 |[0m [91m| [0m        JsonTokenKind.RightBrace;
[34m10996 |[0m [91m| [0m}
[34m10997 |[0m [91m| [0m
[34m10998 |[0m [91m| [0mtest "json lexer simple object" {
[34m10999 |[0m [91m| [0m    let result: JsonLexerResult =
[34m11000 |[0m [91m| [0m        lex(
[34m11001 |[0m [91m| [0m            "{\"name\":\"Vitte\",\"version\":1}");
[34m11002 |[0m [91m| [0m
[34m11003 |[0m [91m| [0m    assert result.ok;
[34m11004 |[0m [91m| [0m
[34m11005 |[0m [91m| [0m    assert string_count(
[34m11006 |[0m [91m| [0m        &result) == 3;
[34m11007 |[0m [91m| [0m
[34m11008 |[0m [91m| [0m    assert number_count(
[34m11009 |[0m [91m| [0m        &result) == 1;
[34m11010 |[0m [91m| [0m
[34m11011 |[0m [91m| [0m    assert count_kind(
[34m11012 |[0m [91m| [0m        &result,
[34m11013 |[0m [91m| [0m        JsonTokenKind.Colon) == 2;
[34m11014 |[0m [91m| [0m
[34m11015 |[0m [91m| [0m    assert count_kind(
[34m11016 |[0m [91m| [0m        &result,
[34m11017 |[0m [91m| [0m        JsonTokenKind.Comma) == 1;
[34m11018 |[0m [91m| [0m}
[34m11019 |[0m [91m| [0m
[34m11020 |[0m [91m| [0m/// -------------------------------------------------------------------------
[34m11021 |[0m [91m| [0m/// Tests — whitespace
[34m11022 |[0m [91m| [0m/// -------------------------------------------------------------------------
[34m11023 |[0m [91m| [0m
[34m11024 |[0m [91m| [0mtest "json lexer accepts JSON whitespace" {
[34m11025 |[0m [91m| [0m    let result: JsonLexerResult =
[34m11026 |[0m [91m| [0m        lex(
[34m11027 |[0m [91m| [0m            " \t\r\n { \n \"value\" \t : \r 42 \n } ");
[34m11028 |[0m [91m| [0m
[34m11029 |[0m [91m| [0m    assert result.ok;
[34m11030 |[0m [91m| [0m
[34m11031 |[0m [91m| [0m    assert significant_token_count(
[34m11032 |[0m [91m| [0m        &result) == 5;
[34m11033 |[0m [91m| [0m}
[34m11034 |[0m [91m| [0m
[34m11035 |[0m [91m| [0mtest "json lexer tracks multiline positions" {
[34m11036 |[0m [91m| [0m    let result: JsonLexerResult =
[34m11037 |[0m [91m| [0m        lex(
[34m11038 |[0m [91m| [0m            "{\n  \"value\": 42\n}");
[34m11039 |[0m [91m| [0m
[34m11040 |[0m [91m| [0m    assert result.ok;
[34m11041 |[0m [91m| [0m
[34m11042 |[0m [91m| [0m    assert result.tokens[1].kind ==
[34m11043 |[0m [91m| [0m        JsonTokenKind.String;
[34m11044 |[0m [91m| [0m
[34m11045 |[0m [91m| [0m    assert result.tokens[1].span.start.line ==
[34m11046 |[0m [91m| [0m        1;
[34m11047 |[0m [91m| [0m
[34m11048 |[0m [91m| [0m    assert result.tokens[1].span.start.column ==
[34m11049 |[0m [91m| [0m        2;
[34m11050 |[0m [91m| [0m}
[34m11051 |[0m [91m| [0m
[34m11052 |[0m [91m| [0mtest "json lexer tracks crlf positions" {
[34m11053 |[0m [91m| [0m    let result: JsonLexerResult =
[34m11054 |[0m [91m| [0m        lex(
[34m11055 |[0m [91m| [0m            "{\r\n  \"value\": 42\r\n}");
[34m11056 |[0m [91m| [0m
[34m11057 |[0m [91m| [0m    assert result.ok;
[34m11058 |[0m [91m| [0m
[34m11059 |[0m [91m| [0m    assert result.tokens[1].span.start.line ==
[34m11060 |[0m [91m| [0m        1;
[34m11061 |[0m [91m| [0m
[34m11062 |[0m [91m| [0m    assert result.tokens[1].span.start.column ==
[34m11063 |[0m [91m| [0m        2;
[34m11064 |[0m [91m| [0m}
[34m11065 |[0m [91m| [0m
[34m11066 |[0m [91m| [0m/// -------------------------------------------------------------------------
[34m11067 |[0m [91m| [0m/// Tests — invalid extensions
[34m11068 |[0m [91m| [0m/// -------------------------------------------------------------------------
[34m11069 |[0m [91m| [0m
[34m11070 |[0m [91m| [0mtest "json lexer rejects comments" {
[34m11071 |[0m [91m| [0m    let result: JsonLexerResult =
[34m11072 |[0m [91m| [0m        lex(
[34m11073 |[0m [91m| [0m            "{\"a\":1 // comment\n}");
[34m11074 |[0m [91m| [0m
[34m11075 |[0m [91m| [0m    assert !result.ok;
[34m11076 |[0m [91m| [0m
[34m11077 |[0m [91m| [0m    assert result.error.error ==
[34m11078 |[0m [91m| [0m        JsonLexerError.UnexpectedCharacter;
[34m11079 |[0m [91m| [0m}
[34m11080 |[0m [91m| [0m
[34m11081 |[0m [91m| [0mtest "json lexer rejects block comments" {
[34m11082 |[0m [91m| [0m    let result: JsonLexerResult =
[34m11083 |[0m [91m| [0m        lex(
[34m11084 |[0m [91m| [0m            "{\"a\":1 /* comment */}");
[34m11085 |[0m [91m| [0m
[34m11086 |[0m [91m| [0m    assert !result.ok;
[34m11087 |[0m [91m| [0m
[34m11088 |[0m [91m| [0m    assert result.error.error ==
[34m11089 |[0m [91m| [0m        JsonLexerError.UnexpectedCharacter;
[34m11090 |[0m [91m| [0m}
[34m11091 |[0m [91m| [0m
[34m11092 |[0m [91m| [0mtest "json lexer rejects single quoted strings" {
[34m11093 |[0m [91m| [0m    let result: JsonLexerResult =
[34m11094 |[0m [91m| [0m        lex(
[34m11095 |[0m [91m| [0m            "{'a':1}");
[34m11096 |[0m [91m| [0m
[34m11097 |[0m [91m| [0m    assert !result.ok;
[34m11098 |[0m [91m| [0m
[34m11099 |[0m [91m| [0m    assert result.error.error ==
[34m11100 |[0m [91m| [0m        JsonLexerError.UnexpectedCharacter;
[34m11101 |[0m [91m| [0m}
[34m11102 |[0m [91m| [0m
[34m11103 |[0m [91m| [0mtest "json lexer rejects plus number" {
[34m11104 |[0m [91m| [0m    let result: JsonLexerResult =
[34m11105 |[0m [91m| [0m        lex("+42");
[34m11106 |[0m [91m| [0m
[34m11107 |[0m [91m| [0m    assert !result.ok;
[34m11108 |[0m [91m| [0m
[34m11109 |[0m [91m| [0m    assert result.error.error ==
[34m11110 |[0m [91m| [0m        JsonLexerError.UnexpectedCharacter;
[34m11111 |[0m [91m| [0m}
[34m11112 |[0m [91m| [0m
[34m11113 |[0m [91m| [0mtest "json lexer rejects hexadecimal number" {
[34m11114 |[0m [91m| [0m    let result: JsonLexerResult =
[34m11115 |[0m [91m| [0m        lex("0x2A");
[34m11116 |[0m [91m| [0m
[34m11117 |[0m [91m| [0m    assert !result.ok;
[34m11118 |[0m [91m| [0m
[34m11119 |[0m [91m| [0m    assert result.error.error ==
[34m11120 |[0m [91m| [0m        JsonLexerError.InvalidNumber;
[34m11121 |[0m [91m| [0m}
[34m11122 |[0m [91m| [0m
[34m11123 |[0m [91m| [0mtest "json lexer rejects NaN" {
[34m11124 |[0m [91m| [0m    let result: JsonLexerResult =
[34m11125 |[0m [91m| [0m        lex("NaN");
[34m11126 |[0m [91m| [0m
[34m11127 |[0m [91m| [0m    assert !result.ok;
[34m11128 |[0m [91m| [0m
[34m11129 |[0m [91m| [0m    assert result.error.error ==
[34m11130 |[0m [91m| [0m        JsonLexerError.InvalidLiteral;
[34m11131 |[0m [91m| [0m}
[34m11132 |[0m [91m| [0m
[34m11133 |[0m [91m| [0mtest "json lexer rejects Infinity" {
[34m11134 |[0m [91m| [0m    let result: JsonLexerResult =
[34m11135 |[0m [91m| [0m        lex("Infinity");
[34m11136 |[0m [91m| [0m
[34m11137 |[0m [91m| [0m    assert !result.ok;
[34m11138 |[0m [91m| [0m
[34m11139 |[0m [91m| [0m    assert result.error.error ==
[34m11140 |[0m [91m| [0m        JsonLexerError.InvalidLiteral;
[34m11141 |[0m [91m| [0m}
[34m11142 |[0m [91m| [0m
[34m11143 |[0m [91m| [0m/// -------------------------------------------------------------------------
[34m11144 |[0m [91m| [0m/// Tests — token spans
[34m11145 |[0m [91m| [0m/// -------------------------------------------------------------------------
[34m11146 |[0m [91m| [0m
[34m11147 |[0m [91m| [0mtest "json lexer number span" {
[34m11148 |[0m [91m| [0m    let result: JsonLexerResult =
[34m11149 |[0m [91m| [0m        lex("42");
[34m11150 |[0m [91m| [0m
[34m11151 |[0m [91m| [0m    assert result.ok;
[34m11152 |[0m [91m| [0m
[34m11153 |[0m [91m| [0m    assert result.tokens[0].span.start.offset ==
[34m11154 |[0m [91m| [0m        0;
[34m11155 |[0m [91m| [0m
[34m11156 |[0m [91m| [0m    assert result.tokens[0].span.end.offset ==
[34m11157 |[0m [91m| [0m        2;
[34m11158 |[0m [91m| [0m}
[34m11159 |[0m [91m| [0m
[34m11160 |[0m [91m| [0mtest "json lexer string span includes quotes" {
[34m11161 |[0m [91m| [0m    let result: JsonLexerResult =
[34m11162 |[0m [91m| [0m        lex("\"Vitte\"");
[34m11163 |[0m [91m| [0m
[34m11164 |[0m [91m| [0m    assert result.ok;
[34m11165 |[0m [91m| [0m
[34m11166 |[0m [91m| [0m    assert result.tokens[0].span.start.offset ==
[34m11167 |[0m [91m| [0m        0;
[34m11168 |[0m [91m| [0m
[34m11169 |[0m [91m| [0m    assert result.tokens[0].span.end.offset ==
[34m11170 |[0m [91m| [0m        7;
[34m11171 |[0m [91m| [0m}
[34m11172 |[0m [91m| [0m
[34m11173 |[0m [91m| [0mtest "json lexer object token spans" {
[34m11174 |[0m [91m| [0m    let result: JsonLexerResult =
[34m11175 |[0m [91m| [0m        lex(
[34m11176 |[0m [91m| [0m            "{\"x\":1}");
[34m11177 |[0m [91m| [0m
[34m11178 |[0m [91m| [0m    assert result.ok;
[34m11179 |[0m [91m| [0m
[34m11180 |[0m [91m| [0m    assert result.tokens[0].span.start.offset ==
[34m11181 |[0m [91m| [0m        0;
[34m11182 |[0m [91m| [0m
[34m11183 |[0m [91m| [0m    assert result.tokens[0].span.end.offset ==
[34m11184 |[0m [91m| [0m        1;
[34m11185 |[0m [91m| [0m
[34m11186 |[0m [91m| [0m    assert result.tokens[1].span.start.offset ==
[34m11187 |[0m [91m| [0m        1;
[34m11188 |[0m [91m| [0m
[34m11189 |[0m [91m| [0m    assert result.tokens[1].span.end.offset ==
[34m11190 |[0m [91m| [0m        4;
[34m11191 |[0m [91m| [0m
[34m11192 |[0m [91m| [0m    assert result.tokens[2].span.start.offset ==
[34m11193 |[0m [91m| [0m        4;
[34m11194 |[0m [91m| [0m
[34m11195 |[0m [91m| [0m    assert result.tokens[2].span.end.offset ==
[34m11196 |[0m [91m| [0m        5;
[34m11197 |[0m [91m| [0m
[34m11198 |[0m [91m| [0m    assert result.tokens[3].span.start.offset ==
[34m11199 |[0m [91m| [0m        5;
[34m11200 |[0m [91m| [0m
[34m11201 |[0m [91m| [0m    assert result.tokens[3].span.end.offset ==
[34m11202 |[0m [91m| [0m        6;
[34m11203 |[0m [91m| [0m
[34m11204 |[0m [91m| [0m    assert result.tokens[4].span.start.offset ==
[34m11205 |[0m [91m| [0m        6;
[34m11206 |[0m [91m| [0m
[34m11207 |[0m [91m| [0m    assert result.tokens[4].span.end.offset ==
[34m11208 |[0m [91m| [0m        7;
[34m11209 |[0m [91m| [0m}
[34m11210 |[0m [91m| [0m
[34m11211 |[0m [91m| [0m/// -------------------------------------------------------------------------
[34m11212 |[0m [91m| [0m/// Tests — limits
[34m11213 |[0m [91m| [0m/// -------------------------------------------------------------------------
[34m11214 |[0m [91m| [0m
[34m11215 |[0m [91m| [0mtest "json lexer source limit" {
[34m11216 |[0m [91m| [0m    let lexer_limits: JsonLexerLimits =
[34m11217 |[0m [91m| [0m        limits(
[34m11218 |[0m [91m| [0m            100,
[34m11219 |[0m [91m| [0m            100,
[34m11220 |[0m [91m| [0m            100,
[34m11221 |[0m [91m| [0m            4);
[34m11222 |[0m [91m| [0m
[34m11223 |[0m [91m| [0m    let result: JsonLexerResult =
[34m11224 |[0m [91m| [0m        lex_with_limits(
[34m11225 |[0m [91m| [0m            "\"Vitte\"",
[34m11226 |[0m [91m| [0m            lexer_limits);
[34m11227 |[0m [91m| [0m
[34m11228 |[0m [91m| [0m    assert !result.ok;
[34m11229 |[0m [91m| [0m
[34m11230 |[0m [91m| [0m    assert result.error.error ==
[34m11231 |[0m [91m| [0m        JsonLexerError.SourceTooLarge;
[34m11232 |[0m [91m| [0m}
[34m11233 |[0m [91m| [0m
[34m11234 |[0m [91m| [0mtest "json lexer number limit" {
[34m11235 |[0m [91m| [0m    let lexer_limits: JsonLexerLimits =
[34m11236 |[0m [91m| [0m        limits(
[34m11237 |[0m [91m| [0m            100,
[34m11238 |[0m [91m| [0m            100,
[34m11239 |[0m [91m| [0m            3,
[34m11240 |[0m [91m| [0m            100);
[34m11241 |[0m [91m| [0m
[34m11242 |[0m [91m| [0m    let result: JsonLexerResult =
[34m11243 |[0m [91m| [0m        lex_with_limits(
[34m11244 |[0m [91m| [0m            "1234",
[34m11245 |[0m [91m| [0m            lexer_limits);
[34m11246 |[0m [91m| [0m
[34m11247 |[0m [91m| [0m    assert !result.ok;
[34m11248 |[0m [91m| [0m
[34m11249 |[0m [91m| [0m    assert result.error.error ==
[34m11250 |[0m [91m| [0m        JsonLexerError.NumberTooLong;
[34m11251 |[0m [91m| [0m}
[34m11252 |[0m [91m| [0m
[34m11253 |[0m [91m| [0mtest "json lexer string limit" {
[34m11254 |[0m [91m| [0m    let lexer_limits: JsonLexerLimits =
[34m11255 |[0m [91m| [0m        limits(
[34m11256 |[0m [91m| [0m            100,
[34m11257 |[0m [91m| [0m            3,
[34m11258 |[0m [91m| [0m            100,
[34m11259 |[0m [91m| [0m            100);
[34m11260 |[0m [91m| [0m
[34m11261 |[0m [91m| [0m    let result: JsonLexerResult =
[34m11262 |[0m [91m| [0m        lex_with_limits(
[34m11263 |[0m [91m| [0m            "\"Vitte\"",
[34m11264 |[0m [91m| [0m            lexer_limits);
[34m11265 |[0m [91m| [0m
[34m11266 |[0m [91m| [0m    assert !result.ok;
[34m11267 |[0m [91m| [0m
[34m11268 |[0m [91m| [0m    assert result.error.error ==
[34m11269 |[0m [91m| [0m        JsonLexerError.StringTooLong;
[34m11270 |[0m [91m| [0m}
[34m11271 |[0m [91m| [0m
[34m11272 |[0m [91m| [0mtest "json lexer token limit" {
[34m11273 |[0m [91m| [0m    let lexer_limits: JsonLexerLimits =
[34m11274 |[0m [91m| [0m        limits(
[34m11275 |[0m [91m| [0m            3,
[34m11276 |[0m [91m| [0m            100,
[34m11277 |[0m [91m| [0m            100,
[34m11278 |[0m [91m| [0m            100);
[34m11279 |[0m [91m| [0m
[34m11280 |[0m [91m| [0m    let result: JsonLexerResult =
[34m11281 |[0m [91m| [0m        lex_with_limits(
[34m11282 |[0m [91m| [0m            "[1,2]",
[34m11283 |[0m [91m| [0m            lexer_limits);
[34m11284 |[0m [91m| [0m
[34m11285 |[0m [91m| [0m    assert !result.ok;
[34m11286 |[0m [91m| [0m
[34m11287 |[0m [91m| [0m    assert result.error.error ==
[34m11288 |[0m [91m| [0m        JsonLexerError.TooManyTokens;
[34m11289 |[0m [91m| [0m}
[34m11290 |[0m [91m| [0m
[34m11291 |[0m [91m| [0m/// -------------------------------------------------------------------------
[34m11292 |[0m [91m| [0m/// Tests — realistic document
[34m11293 |[0m [91m| [0m/// -------------------------------------------------------------------------
[34m11294 |[0m [91m| [0m
[34m11295 |[0m [91m| [0mtest "json lexer realistic document" {
[34m11296 |[0m [91m| [0m    let source: string =
[34m11297 |[0m [91m| [0m        "{\n" +
[34m11298 |[0m [91m| [0m        "  \"language\": \"Vitte\",\n" +
[34m11299 |[0m [91m| [0m        "  \"version\": 1,\n" +
[34m11300 |[0m [91m| [0m        "  \"native\": true,\n" +
[34m11301 |[0m [91m| [0m        "  \"backend\": \"C17\",\n" +
[34m11302 |[0m [91m| [0m        "  \"nothing\": null,\n" +
[34m11303 |[0m [91m| [0m        "  \"numbers\": [0, -1, 42.5, 1e10],\n" +
[34m11304 |[0m [91m| [0m        "  \"nested\": {\n" +
[34m11305 |[0m [91m| [0m        "    \"enabled\": false,\n" +
[34m11306 |[0m [91m| [0m        "    \"message\": \"hello\\nworld\"\n" +
[34m11307 |[0m [91m| [0m        "  }\n" +
[34m11308 |[0m [91m| [0m        "}";
[34m11309 |[0m [91m| [0m
[34m11310 |[0m [91m| [0m    let result: JsonLexerResult =
[34m11311 |[0m [91m| [0m        lex(source);
[34m11312 |[0m [91m| [0m
[34m11313 |[0m [91m| [0m    assert result.ok;
[34m11314 |[0m [91m| [0m
[34m11315 |[0m [91m| [0m    assert validate_result(
[34m11316 |[0m [91m| [0m        &result);
[34m11317 |[0m [91m| [0m
[34m11318 |[0m [91m| [0m    assert count_kind(
[34m11319 |[0m [91m| [0m        &result,
[34m11320 |[0m [91m| [0m        JsonTokenKind.Null) == 1;
[34m11321 |[0m [91m| [0m
[34m11322 |[0m [91m| [0m    assert count_kind(
[34m11323 |[0m [91m| [0m        &result,
[34m11324 |[0m [91m| [0m        JsonTokenKind.True) == 1;
[34m11325 |[0m [91m| [0m
[34m11326 |[0m [91m| [0m    assert count_kind(
[34m11327 |[0m [91m| [0m        &result,
[34m11328 |[0m [91m| [0m        JsonTokenKind.False) == 1;
[34m11329 |[0m [91m| [0m
[34m11330 |[0m [91m| [0m    assert number_count(
[34m11331 |[0m [91m| [0m        &result) == 5;
[34m11332 |[0m [91m| [0m
[34m11333 |[0m [91m| [0m    assert string_count(
[34m11334 |[0m [91m| [0m        &result) == 11;
[34m11335 |[0m [91m| [0m
[34m11336 |[0m [91m| [0m    assert opening_container_count(
[34m11337 |[0m [91m| [0m        &result) == 3;
[34m11338 |[0m [91m| [0m
[34m11339 |[0m [91m| [0m    assert closing_container_count(
[34m11340 |[0m [91m| [0m        &result) == 3;
[34m11341 |[0m [91m| [0m}
[34m11342 |[0m [91m| [0m
[34m11343 |[0m [91m| [0m/// -------------------------------------------------------------------------
[34m11344 |[0m [91m| [0m/// Tests — deterministic tokenization
[34m11345 |[0m [91m| [0m/// -------------------------------------------------------------------------
[34m11346 |[0m [91m| [0m
[34m11347 |[0m [91m| [0mtest "json lexer deterministic" {
[34m11348 |[0m [91m| [0m    let source: string =
[34m11349 |[0m [91m| [0m        "{\"a\":[1,2,3],\"b\":true,\"c\":\"Vitte\"}";
[34m11350 |[0m [91m| [0m
[34m11351 |[0m [91m| [0m    let left: JsonLexerResult =
[34m11352 |[0m [91m| [0m        lex(source);
[34m11353 |[0m [91m| [0m
[34m11354 |[0m [91m| [0m    let right: JsonLexerResult =
[34m11355 |[0m [91m| [0m        lex(source);
[34m11356 |[0m [91m| [0m
[34m11357 |[0m [91m| [0m    assert left.ok;
[34m11358 |[0m [91m| [0m    assert right.ok;
[34m11359 |[0m [91m| [0m
[34m11360 |[0m [91m| [0m    assert left.token_count ==
[34m11361 |[0m [91m| [0m        right.token_count;
[34m11362 |[0m [91m| [0m
[34m11363 |[0m [91m| [0m    let mut index: usize = 0;
[34m11364 |[0m [91m| [0m
[34m11365 |[0m [91m| [0m    while index <
[34m11366 |[0m [91m| [0m          left.token_count {
[34m11367 |[0m [91m| [0m        assert tokens_equal(
[34m11368 |[0m [91m| [0m            &left.tokens[index],
[34m11369 |[0m [91m| [0m            &right.tokens[index]);
[34m11370 |[0m [91m| [0m
[34m11371 |[0m [91m| [0m        set index += 1;
[34m11372 |[0m [91m| [0m    }
[34m11373 |[0m [91m| [0m}
[34m11374 |[0m [91m\ [0m}
      [34m| [0m[91mThis declaration hides a visible declaration with the same name.[0m
  [32m[1mhelp[0m: Review the highlighted construct and correct the risky behavior or document why it is intentional. at parse.vit:8270:8

[1m[33mwarning[0m[[1mW0030[0m]: [1mdeclaration shadows another declaration[0m
  [2mphase: name-resolution | category: shadowing[0m
  [2mcontext:[0m semantic analysis
  [34m--> [0mparse.vit:8452:1
     [34m|[0m
[34m8452 |[0m [91m/ [0mproc token(
[34m8453 |[0m [91m| [0m    kind: JsonTokenKind,
[34m8454 |[0m [91m| [0m    lexeme: string,
[34m8455 |[0m [91m| [0m    value: string,
[34m8456 |[0m [91m| [0m    location: JsonSpan
[34m8457 |[0m [91m| [0m) -> JsonToken {
[34m8458 |[0m [91m| [0m    give JsonToken {
[34m8459 |[0m [91m| [0m        kind: kind,
[34m8460 |[0m [91m| [0m
[34m8461 |[0m [91m| [0m        lexeme: lexeme,
[34m8462 |[0m [91m| [0m
[34m8463 |[0m [91m| [0m        value: value,
[34m8464 |[0m [91m| [0m
[34m8465 |[0m [91m| [0m        span: location,
[34m8466 |[0m [91m| [0m    };
[34m8467 |[0m [91m\ [0m}
     [34m| [0m[91mThis declaration hides a visible declaration with the same name.[0m
  [32m[1mhelp[0m: Review the highlighted construct and correct the risky behavior or document why it is intentional. at parse.vit:8452:1

[1m[33mwarning[0m[[1mW0030[0m]: [1mdeclaration shadows another declaration[0m
  [2mphase: name-resolution | category: shadowing[0m
  [2mcontext:[0m semantic analysis
  [34m--> [0mparse.vit:8843:1
     [34m|[0m
[34m8843 |[0m [91m/ [0mproc lexer(
[34m8844 |[0m [91m| [0m    source: string
[34m8845 |[0m [91m| [0m) -> JsonLexer {
[34m8846 |[0m [91m| [0m    give lexer_with_limits(
[34m8847 |[0m [91m| [0m        source,
[34m8848 |[0m [91m| [0m        default_limits());
[34m8849 |[0m [91m\ [0m}
     [34m| [0m[91mThis declaration hides a visible declaration with the same name.[0m
  [32m[1mhelp[0m: Review the highlighted construct and correct the risky behavior or document why it is intentional. at parse.vit:8843:1

[1m[33mwarning[0m[[1mW0030[0m]: [1mdeclaration shadows another declaration[0m
  [2mphase: name-resolution | category: shadowing[0m
  [2mcontext:[0m semantic analysis
  [34m--> [0mparse.vit:8616:5
     [34m|[0m
[34m8616 |[0m     error: JsonLexerError,
     [34m|[0m     [91m^~~~~~~~~~~~~~~~~~~~~[0m [91mThis declaration hides a visible declaration with the same name.[0m
  [32m[1mhelp[0m: Review the highlighted construct and correct the risky behavior or document why it is intentional. at parse.vit:8616:5

[1m[33mwarning[0m[[1mW0030[0m]: [1mdeclaration shadows another declaration[0m
  [2mphase: name-resolution | category: shadowing[0m
  [2mcontext:[0m semantic analysis
  [34m--> [0mparse.vit:8641:5
     [34m|[0m
[34m8641 |[0m     error: JsonLexerError
     [34m|[0m     [91m^~~~~~~~~~~~~~~~~~~~~[0m [91mThis declaration hides a visible declaration with the same name.[0m
  [32m[1mhelp[0m: Review the highlighted construct and correct the risky behavior or document why it is intentional. at parse.vit:8641:5

[1m[33mwarning[0m[[1mW0030[0m]: [1mdeclaration shadows another declaration[0m
  [2mphase: name-resolution | category: shadowing[0m
  [2mcontext:[0m semantic analysis
  [34m--> [0mparse.vit:8686:5
     [34m|[0m
[34m8686 |[0m     error: JsonLexerError
     [34m|[0m     [91m^~~~~~~~~~~~~~~~~~~~~[0m [91mThis declaration hides a visible declaration with the same name.[0m
  [32m[1mhelp[0m: Review the highlighted construct and correct the risky behavior or document why it is intentional. at parse.vit:8686:5

[1m[33mwarning[0m[[1mW0030[0m]: [1mdeclaration shadows another declaration[0m
  [2mphase: name-resolution | category: shadowing[0m
  [2mcontext:[0m semantic analysis
  [34m--> [0mparse.vit:8803:5
     [34m|[0m
[34m8803 |[0m     error: JsonLexerDiagnostic
     [34m|[0m     [91m^~~~~~~~~~~~~~~~~~~~~~~~~~[0m [91mThis declaration hides a visible declaration with the same name.[0m
  [32m[1mhelp[0m: Review the highlighted construct and correct the risky behavior or document why it is intentional. at parse.vit:8803:5

[1m[33mwarning[0m[[1mW0030[0m]: [1mdeclaration shadows another declaration[0m
  [2mphase: name-resolution | category: shadowing[0m
  [2mcontext:[0m semantic analysis
  [34m--> [0mparse.vit:9080:5
     [34m|[0m
[34m9080 |[0m     end: usize
     [34m|[0m     [91m^~~~~~~~~~[0m [91mThis declaration hides a visible declaration with the same name.[0m
  [32m[1mhelp[0m: Review the highlighted construct and correct the risky behavior or document why it is intentional. at parse.vit:9080:5

[1m[33mwarning[0m[[1mW0030[0m]: [1mdeclaration shadows another declaration[0m
  [2mphase: name-resolution | category: shadowing[0m
  [2mcontext:[0m semantic analysis
  [34m--> [0mparse.vit:9104:5
     [34m|[0m
[34m9104 |[0m     end: usize
     [34m|[0m     [91m^~~~~~~~~~[0m [91mThis declaration hides a visible declaration with the same name.[0m
  [32m[1mhelp[0m: Review the highlighted construct and correct the risky behavior or document why it is intentional. at parse.vit:9104:5

[1m[33mwarning[0m[[1mW0030[0m]: [1mdeclaration shadows another declaration[0m
  [2mphase: name-resolution | category: shadowing[0m
  [2mcontext:[0m semantic analysis
  [34m--> [0mparse.vit:9118:5
     [34m|[0m
[34m9118 |[0m     error: JsonLexerError,
     [34m|[0m     [91m^~~~~~~~~~~~~~~~~~~~~[0m [91mThis declaration hides a visible declaration with the same name.[0m
  [32m[1mhelp[0m: Review the highlighted construct and correct the risky behavior or document why it is intentional. at parse.vit:9118:5

[1m[33mwarning[0m[[1mW0030[0m]: [1mdeclaration shadows another declaration[0m
  [2mphase: name-resolution | category: shadowing[0m
  [2mcontext:[0m semantic analysis
  [34m--> [0mparse.vit:9147:5
     [34m|[0m
[34m9147 |[0m     error: JsonLexerError,
     [34m|[0m     [91m^~~~~~~~~~~~~~~~~~~~~[0m [91mThis declaration hides a visible declaration with the same name.[0m
  [32m[1mhelp[0m: Review the highlighted construct and correct the risky behavior or document why it is intentional. at parse.vit:9147:5

[1m[33mwarning[0m[[1mW0030[0m]: [1mdeclaration shadows another declaration[0m
  [2mphase: name-resolution | category: shadowing[0m
  [2mcontext:[0m semantic analysis
  [34m--> [0mparse.vit:11379:8
      [34m|[0m
[34m11379 |[0m [91m/ [0mexport space parser {
[34m11380 |[0m [91m| [0m/// JSON parser.
[34m11381 |[0m [91m| [0m///
[34m11382 |[0m [91m| [0m/// Canonical recursive-descent parser for the Vitte JSON module.
[34m11383 |[0m [91m| [0m///
[34m11384 |[0m [91m| [0m/// Grammar:
[34m11385 |[0m [91m| [0m///
[34m11386 |[0m [91m| [0m///     json
[34m11387 |[0m [91m| [0m///         ::= value EOF
[34m11388 |[0m [91m| [0m///
[34m11389 |[0m [91m| [0m///     value
[34m11390 |[0m [91m| [0m///         ::= "null"
[34m11391 |[0m [91m| [0m///          |  "true"
[34m11392 |[0m [91m| [0m///          |  "false"
[34m11393 |[0m [91m| [0m///          |  number
[34m11394 |[0m [91m| [0m///          |  string
[34m11395 |[0m [91m| [0m///          |  array
[34m11396 |[0m [91m| [0m///          |  object
[34m11397 |[0m [91m| [0m///
[34m11398 |[0m [91m| [0m///     array
[34m11399 |[0m [91m| [0m///         ::= "[" "]"
[34m11400 |[0m [91m| [0m///          |  "[" value { "," value } "]"
[34m11401 |[0m [91m| [0m///
[34m11402 |[0m [91m| [0m///     object
[34m11403 |[0m [91m| [0m///         ::= "{" "}"
[34m11404 |[0m [91m| [0m///          |  "{" member { "," member } "}"
[34m11405 |[0m [91m| [0m///
[34m11406 |[0m [91m| [0m///     member
[34m11407 |[0m [91m| [0m///         ::= string ":" value
[34m11408 |[0m [91m| [0m///
[34m11409 |[0m [91m| [0m/// Responsibilities:
[34m11410 |[0m [91m| [0m/// - parse complete JSON documents;
[34m11411 |[0m [91m| [0m/// - dispatch scalar and aggregate values;
[34m11412 |[0m [91m| [0m/// - enforce complete token consumption;
[34m11413 |[0m [91m| [0m/// - preserve source spans;
[34m11414 |[0m [91m| [0m/// - enforce nesting and document limits;
[34m11415 |[0m [91m| [0m/// - expose precise structured diagnostics;
[34m11416 |[0m [91m| [0m/// - collect parser statistics;
[34m11417 |[0m [91m| [0m/// - provide reusable value-level parsing for array/object parsers.
[34m11418 |[0m [91m| [0m///
[34m11419 |[0m [91m| [0m/// The lexer is responsible for validating lexical JSON syntax.
[34m11420 |[0m [91m| [0m/// This parser consumes only canonical `JsonToken` values.
[34m11421 |[0m [91m| [0m
[34m11422 |[0m [91m| [0m
[34m11423 |[0m [91m| [0m
[34m11424 |[0m [91m| [0muse json::error::position::*;
[34m11425 |[0m [91m| [0muse json::lexer::lexer::*;
[34m11426 |[0m [91m| [0muse json::lexer::token::*;
[34m11427 |[0m [91m| [0muse json::core::value::{
[34m11428 |[0m [91m| [0m    JsonValueKind,
[34m11429 |[0m [91m| [0m    JsonValueError,
[34m11430 |[0m [91m| [0m    JsonCompare,
[34m11431 |[0m [91m| [0m    JsonValue,
[34m11432 |[0m [91m| [0m    JsonMember,
[34m11433 |[0m [91m| [0m    null_value,
[34m11434 |[0m [91m| [0m    boolean,
[34m11435 |[0m [91m| [0m    integer,
[34m11436 |[0m [91m| [0m    floating,
[34m11437 |[0m [91m| [0m    string,
[34m11438 |[0m [91m| [0m    array,
[34m11439 |[0m [91m| [0m    object,
[34m11440 |[0m [91m| [0m    member,
[34m11441 |[0m [91m| [0m    empty_array,
[34m11442 |[0m [91m| [0m    empty_object,
[34m11443 |[0m [91m| [0m    is_null,
[34m11444 |[0m [91m| [0m    is_bool,
[34m11445 |[0m [91m| [0m    is_integer,
[34m11446 |[0m [91m| [0m    is_float,
[34m11447 |[0m [91m| [0m    is_number,
[34m11448 |[0m [91m| [0m    is_string,
[34m11449 |[0m [91m| [0m    is_array,
[34m11450 |[0m [91m| [0m    is_object,
[34m11451 |[0m [91m| [0m    bool_or,
[34m11452 |[0m [91m| [0m    integer_or,
[34m11453 |[0m [91m| [0m    float_or,
[34m11454 |[0m [91m| [0m    number_or,
[34m11455 |[0m [91m| [0m    string_or,
[34m11456 |[0m [91m| [0m    array_len,
[34m11457 |[0m [91m| [0m    array_get_ref,
[34m11458 |[0m [91m| [0m    object_len,
[34m11459 |[0m [91m| [0m    object_get_ref,
[34m11460 |[0m [91m| [0m    object_member_ref,
[34m11461 |[0m [91m| [0m    equals,
[34m11462 |[0m [91m| [0m    depth,
[34m11463 |[0m [91m| [0m    has_duplicate_keys,
[34m11464 |[0m [91m| [0m    validate
[34m11465 |[0m [91m| [0m};
[34m11466 |[0m [91m| [0m
[34m11467 |[0m [91m| [0mconst JSON_PARSER_DEFAULT_MAX_DEPTH: usize = 512;
[34m11468 |[0m [91m| [0mconst JSON_PARSER_DEFAULT_MAX_VALUES: usize = 1048576;
[34m11469 |[0m [91m| [0mconst JSON_PARSER_DEFAULT_MAX_ARRAY_ELEMENTS: usize = 1048576;
[34m11470 |[0m [91m| [0mconst JSON_PARSER_DEFAULT_MAX_OBJECT_MEMBERS: usize = 1048576;
[34m11471 |[0m [91m| [0mconst JSON_PARSER_DEFAULT_MAX_KEY_LENGTH: usize = 16777216;
[34m11472 |[0m [91m| [0m
[34m11473 |[0m [91m| [0mpick JsonParserDuplicateKeyPolicy {
[34m11474 |[0m [91m| [0m    Allow,
[34m11475 |[0m [91m| [0m    Reject,
[34m11476 |[0m [91m| [0m    KeepFirst,
[34m11477 |[0m [91m| [0m    KeepLast,
[34m11478 |[0m [91m| [0m}
[34m11479 |[0m [91m| [0m
[34m11480 |[0m [91m| [0mexport pick JsonParserError {
[34m11481 |[0m [91m| [0m    None,
[34m11482 |[0m [91m| [0m
[34m11483 |[0m [91m| [0m    EmptyDocument,
[34m11484 |[0m [91m| [0m    UnexpectedEnd,
[34m11485 |[0m [91m| [0m    UnexpectedToken,
[34m11486 |[0m [91m| [0m    TrailingToken,
[34m11487 |[0m [91m| [0m
[34m11488 |[0m [91m| [0m    InvalidNull,
[34m11489 |[0m [91m| [0m    InvalidBoolean,
[34m11490 |[0m [91m| [0m    InvalidNumber,
[34m11491 |[0m [91m| [0m    InvalidString,
[34m11492 |[0m [91m| [0m
[34m11493 |[0m [91m| [0m    ExpectedValue,
[34m11494 |[0m [91m| [0m
[34m11495 |[0m [91m| [0m    ExpectedArrayValue,
[34m11496 |[0m [91m| [0m    ExpectedArrayCommaOrEnd,
[34m11497 |[0m [91m| [0m    ArrayTrailingComma,
[34m11498 |[0m [91m| [0m    UnterminatedArray,
[34m11499 |[0m [91m| [0m
[34m11500 |[0m [91m| [0m    ExpectedObjectKey,
[34m11501 |[0m [91m| [0m    ExpectedObjectColon,
[34m11502 |[0m [91m| [0m    ExpectedObjectValue,
[34m11503 |[0m [91m| [0m    ExpectedObjectCommaOrEnd,
[34m11504 |[0m [91m| [0m    ObjectTrailingComma,
[34m11505 |[0m [91m| [0m    UnterminatedObject,
[34m11506 |[0m [91m| [0m
[34m11507 |[0m [91m| [0m    DuplicateObjectKey,
[34m11508 |[0m [91m| [0m
[34m11509 |[0m [91m| [0m    TooManyValues,
[34m11510 |[0m [91m| [0m    TooManyArrayElements,
[34m11511 |[0m [91m| [0m    TooManyObjectMembers,
[34m11512 |[0m [91m| [0m    ObjectKeyTooLong,
[34m11513 |[0m [91m| [0m    DepthExceeded,
[34m11514 |[0m [91m| [0m
[34m11515 |[0m [91m| [0m    InvalidTokenStream,
[34m11516 |[0m [91m| [0m
[34m11517 |[0m [91m| [0m    Internal,
[34m11518 |[0m [91m| [0m}
[34m11519 |[0m [91m| [0m
[34m11520 |[0m [91m| [0mexport pick JsonParserPhase {
[34m11521 |[0m [91m| [0m    None,
[34m11522 |[0m [91m| [0m    Document,
[34m11523 |[0m [91m| [0m    Value,
[34m11524 |[0m [91m| [0m    Array,
[34m11525 |[0m [91m| [0m    Object,
[34m11526 |[0m [91m| [0m}
[34m11527 |[0m [91m| [0m
[34m11528 |[0m [91m| [0mexport form JsonParserLimits {
[34m11529 |[0m [91m| [0m    max_depth: usize,
[34m11530 |[0m [91m| [0m
[34m11531 |[0m [91m| [0m    max_values: usize,
[34m11532 |[0m [91m| [0m
[34m11533 |[0m [91m| [0m    max_array_elements: usize,
[34m11534 |[0m [91m| [0m
[34m11535 |[0m [91m| [0m    max_object_members: usize,
[34m11536 |[0m [91m| [0m
[34m11537 |[0m [91m| [0m    max_key_length: usize,
[34m11538 |[0m [91m| [0m
[34m11539 |[0m [91m| [0m    duplicate_keys:
[34m11540 |[0m [91m| [0m        JsonParserDuplicateKeyPolicy,
[34m11541 |[0m [91m| [0m}
[34m11542 |[0m [91m| [0m
[34m11543 |[0m [91m| [0mexport form JsonParserDiagnostic {
[34m11544 |[0m [91m| [0m    error: JsonParserError,
[34m11545 |[0m [91m| [0m
[34m11546 |[0m [91m| [0m    phase: JsonParserPhase,
[34m11547 |[0m [91m| [0m
[34m11548 |[0m [91m| [0m    code: string,
[34m11549 |[0m [91m| [0m
[34m11550 |[0m [91m| [0m    message: string,
[34m11551 |[0m [91m| [0m
[34m11552 |[0m [91m| [0m    detail: string,
[34m11553 |[0m [91m| [0m
[34m11554 |[0m [91m| [0m    /// Optional beginner-friendly fix suggestion.
[34m11555 |[0m [91m| [0m    /// Empty when the parser cannot safely suggest a correction.
[34m11556 |[0m [91m| [0m    suggestion: string,
[34m11557 |[0m [91m| [0m
[34m11558 |[0m [91m| [0m    expected: string,
[34m11559 |[0m [91m| [0m
[34m11560 |[0m [91m| [0m    found: string,
[34m11561 |[0m [91m| [0m
[34m11562 |[0m [91m| [0m    key: string,
[34m11563 |[0m [91m| [0m
[34m11564 |[0m [91m| [0m    span: JsonSpan,
[34m11565 |[0m [91m| [0m
[34m11566 |[0m [91m| [0m    related_span: JsonSpan,
[34m11567 |[0m [91m| [0m
[34m11568 |[0m [91m| [0m    has_related_span: bool,
[34m11569 |[0m [91m| [0m}
[34m11570 |[0m [91m| [0m
[34m11571 |[0m [91m| [0mexport form JsonParserStatistics {
[34m11572 |[0m [91m| [0m    token_count: usize,
[34m11573 |[0m [91m| [0m
[34m11574 |[0m [91m| [0m    consumed_token_count: usize,
[34m11575 |[0m [91m| [0m
[34m11576 |[0m [91m| [0m    value_count: usize,
[34m11577 |[0m [91m| [0m
[34m11578 |[0m [91m| [0m    scalar_count: usize,
[34m11579 |[0m [91m| [0m
[34m11580 |[0m [91m| [0m    null_count: usize,
[34m11581 |[0m [91m| [0m
[34m11582 |[0m [91m| [0m    boolean_count: usize,
[34m11583 |[0m [91m| [0m
[34m11584 |[0m [91m| [0m    integer_count: usize,
[34m11585 |[0m [91m| [0m
[34m11586 |[0m [91m| [0m    float_count: usize,
[34m11587 |[0m [91m| [0m
[34m11588 |[0m [91m| [0m    string_count: usize,
[34m11589 |[0m [91m| [0m
[34m11590 |[0m [91m| [0m    array_count: usize,
[34m11591 |[0m [91m| [0m
[34m11592 |[0m [91m| [0m    object_count: usize,
[34m11593 |[0m [91m| [0m
[34m11594 |[0m [91m| [0m    array_element_count: usize,
[34m11595 |[0m [91m| [0m
[34m11596 |[0m [91m| [0m    object_member_count: usize,
[34m11597 |[0m [91m| [0m
[34m11598 |[0m [91m| [0m    maximum_depth: usize,
[34m11599 |[0m [91m| [0m}
[34m11600 |[0m [91m| [0m
[34m11601 |[0m [91m| [0mform JsonParserState {
[34m11602 |[0m [91m| [0m    tokens: [JsonToken],
[34m11603 |[0m [91m| [0m
[34m11604 |[0m [91m| [0m    cursor: usize,
[34m11605 |[0m [91m| [0m
[34m11606 |[0m [91m| [0m    depth: usize,
[34m11607 |[0m [91m| [0m
[34m11608 |[0m [91m| [0m    limits: JsonParserLimits,
[34m11609 |[0m [91m| [0m
[34m11610 |[0m [91m| [0m    statistics: JsonParserStatistics,
[34m11611 |[0m [91m| [0m
[34m11612 |[0m [91m| [0m    diagnostic: JsonParserDiagnostic,
[34m11613 |[0m [91m| [0m
[34m11614 |[0m [91m| [0m    failed: bool,
[34m11615 |[0m [91m| [0m}
[34m11616 |[0m [91m| [0m
[34m11617 |[0m [91m| [0mform JsonValueParseResult {
[34m11618 |[0m [91m| [0m    ok: bool,
[34m11619 |[0m [91m| [0m
[34m11620 |[0m [91m| [0m    value: JsonValue,
[34m11621 |[0m [91m| [0m
[34m11622 |[0m [91m| [0m    next: usize,
[34m11623 |[0m [91m| [0m
[34m11624 |[0m [91m| [0m    diagnostic_message: string,
[34m11625 |[0m [91m| [0m
[34m11626 |[0m [91m| [0m    diagnostic_span: JsonSpan,
[34m11627 |[0m [91m| [0m}
[34m11628 |[0m [91m| [0m
[34m11629 |[0m [91m| [0mexport form JsonParseResult {
[34m11630 |[0m [91m| [0m    ok: bool,
[34m11631 |[0m [91m| [0m
[34m11632 |[0m [91m| [0m    value: JsonValue,
[34m11633 |[0m [91m| [0m
[34m11634 |[0m [91m| [0m    next: usize,
[34m11635 |[0m [91m| [0m
[34m11636 |[0m [91m| [0m    diagnostic: JsonParserDiagnostic,
[34m11637 |[0m [91m| [0m
[34m11638 |[0m [91m| [0m    statistics: JsonParserStatistics,
[34m11639 |[0m [91m| [0m}
[34m11640 |[0m [91m| [0m
[34m11641 |[0m [91m| [0m/// -------------------------------------------------------------------------
[34m11642 |[0m [91m| [0m/// Defaults
[34m11643 |[0m [91m| [0m/// -------------------------------------------------------------------------
[34m11644 |[0m [91m| [0m
[34m11645 |[0m [91m| [0mproc default_limits() -> JsonParserLimits {
[34m11646 |[0m [91m| [0m    give JsonParserLimits {
[34m11647 |[0m [91m| [0m        max_depth:
[34m11648 |[0m [91m| [0m            JSON_PARSER_DEFAULT_MAX_DEPTH,
[34m11649 |[0m [91m| [0m
[34m11650 |[0m [91m| [0m        max_values:
[34m11651 |[0m [91m| [0m            JSON_PARSER_DEFAULT_MAX_VALUES,
[34m11652 |[0m [91m| [0m
[34m11653 |[0m [91m| [0m        max_array_elements:
[34m11654 |[0m [91m| [0m            JSON_PARSER_DEFAULT_MAX_ARRAY_ELEMENTS,
[34m11655 |[0m [91m| [0m
[34m11656 |[0m [91m| [0m        max_object_members:
[34m11657 |[0m [91m| [0m            JSON_PARSER_DEFAULT_MAX_OBJECT_MEMBERS,
[34m11658 |[0m [91m| [0m
[34m11659 |[0m [91m| [0m        max_key_length:
[34m11660 |[0m [91m| [0m            JSON_PARSER_DEFAULT_MAX_KEY_LENGTH,
[34m11661 |[0m [91m| [0m
[34m11662 |[0m [91m| [0m        duplicate_keys:
[34m11663 |[0m [91m| [0m            JsonParserDuplicateKeyPolicy.Allow,
[34m11664 |[0m [91m| [0m    };
[34m11665 |[0m [91m| [0m}
[34m11666 |[0m [91m| [0m
[34m11667 |[0m [91m| [0mproc strict_limits() -> JsonParserLimits {
[34m11668 |[0m [91m| [0m    let mut result:
[34m11669 |[0m [91m| [0m        JsonParserLimits =
[34m11670 |[0m [91m| [0m            default_limits();
[34m11671 |[0m [91m| [0m
[34m11672 |[0m [91m| [0m    set result.duplicate_keys =
[34m11673 |[0m [91m| [0m        JsonParserDuplicateKeyPolicy.Reject;
[34m11674 |[0m [91m| [0m
[34m11675 |[0m [91m| [0m    give result;
[34m11676 |[0m [91m| [0m}
[34m11677 |[0m [91m| [0m
[34m11678 |[0m [91m| [0mproc limits(
[34m11679 |[0m [91m| [0m    max_depth: usize,
[34m11680 |[0m [91m| [0m    max_values: usize,
[34m11681 |[0m [91m| [0m    max_array_elements: usize,
[34m11682 |[0m [91m| [0m    max_object_members: usize,
[34m11683 |[0m [91m| [0m    max_key_length: usize,
[34m11684 |[0m [91m| [0m    duplicate_keys: JsonParserDuplicateKeyPolicy
[34m11685 |[0m [91m| [0m) -> JsonParserLimits {
[34m11686 |[0m [91m| [0m    give JsonParserLimits {
[34m11687 |[0m [91m| [0m        max_depth: max_depth,
[34m11688 |[0m [91m| [0m
[34m11689 |[0m [91m| [0m        max_values: max_values,
[34m11690 |[0m [91m| [0m
[34m11691 |[0m [91m| [0m        max_array_elements:
[34m11692 |[0m [91m| [0m            max_array_elements,
[34m11693 |[0m [91m| [0m
[34m11694 |[0m [91m| [0m        max_object_members:
[34m11695 |[0m [91m| [0m            max_object_members,
[34m11696 |[0m [91m| [0m
[34m11697 |[0m [91m| [0m        max_key_length:
[34m11698 |[0m [91m| [0m            max_key_length,
[34m11699 |[0m [91m| [0m
[34m11700 |[0m [91m| [0m        duplicate_keys:
[34m11701 |[0m [91m| [0m            duplicate_keys,
[34m11702 |[0m [91m| [0m    };
[34m11703 |[0m [91m| [0m}
[34m11704 |[0m [91m| [0m
[34m11705 |[0m [91m| [0mproc limits_valid(
[34m11706 |[0m [91m| [0m    value: &JsonParserLimits
[34m11707 |[0m [91m| [0m) -> bool {
[34m11708 |[0m [91m| [0m    give value.max_depth > 0 &&
[34m11709 |[0m [91m| [0m         value.max_values > 0 &&
[34m11710 |[0m [91m| [0m         value.max_array_elements > 0 &&
[34m11711 |[0m [91m| [0m         value.max_object_members > 0 &&
[34m11712 |[0m [91m| [0m         value.max_key_length > 0;
[34m11713 |[0m [91m| [0m}
[34m11714 |[0m [91m| [0m
[34m11715 |[0m [91m| [0m/// -------------------------------------------------------------------------
[34m11716 |[0m [91m| [0m/// Empty/default structures
[34m11717 |[0m [91m| [0m/// -------------------------------------------------------------------------
[34m11718 |[0m [91m| [0m
[34m11719 |[0m [91m| [0mproc empty_statistics() -> JsonParserStatistics {
[34m11720 |[0m [91m| [0m    give JsonParserStatistics {
[34m11721 |[0m [91m| [0m        token_count: 0,
[34m11722 |[0m [91m| [0m
[34m11723 |[0m [91m| [0m        consumed_token_count: 0,
[34m11724 |[0m [91m| [0m
[34m11725 |[0m [91m| [0m        value_count: 0,
[34m11726 |[0m [91m| [0m
[34m11727 |[0m [91m| [0m        scalar_count: 0,
[34m11728 |[0m [91m| [0m
[34m11729 |[0m [91m| [0m        null_count: 0,
[34m11730 |[0m [91m| [0m
[34m11731 |[0m [91m| [0m        boolean_count: 0,
[34m11732 |[0m [91m| [0m
[34m11733 |[0m [91m| [0m        integer_count: 0,
[34m11734 |[0m [91m| [0m
[34m11735 |[0m [91m| [0m        float_count: 0,
[34m11736 |[0m [91m| [0m
[34m11737 |[0m [91m| [0m        string_count: 0,
[34m11738 |[0m [91m| [0m
[34m11739 |[0m [91m| [0m        array_count: 0,
[34m11740 |[0m [91m| [0m
[34m11741 |[0m [91m| [0m        object_count: 0,
[34m11742 |[0m [91m| [0m
[34m11743 |[0m [91m| [0m        array_element_count: 0,
[34m11744 |[0m [91m| [0m
[34m11745 |[0m [91m| [0m        object_member_count: 0,
[34m11746 |[0m [91m| [0m
[34m11747 |[0m [91m| [0m        maximum_depth: 0,
[34m11748 |[0m [91m| [0m    };
[34m11749 |[0m [91m| [0m}
[34m11750 |[0m [91m| [0m
[34m11751 |[0m [91m| [0mproc no_diagnostic() -> JsonParserDiagnostic {
[34m11752 |[0m [91m| [0m    give JsonParserDiagnostic {
[34m11753 |[0m [91m| [0m        error:
[34m11754 |[0m [91m| [0m            JsonParserError.None,
[34m11755 |[0m [91m| [0m
[34m11756 |[0m [91m| [0m        phase:
[34m11757 |[0m [91m| [0m            JsonParserPhase.None,
[34m11758 |[0m [91m| [0m
[34m11759 |[0m [91m| [0m        code: "",
[34m11760 |[0m [91m| [0m
[34m11761 |[0m [91m| [0m        message: "",
[34m11762 |[0m [91m| [0m
[34m11763 |[0m [91m| [0m        detail: "",
[34m11764 |[0m [91m| [0m
[34m11765 |[0m [91m| [0m        suggestion: "",
[34m11766 |[0m [91m| [0m
[34m11767 |[0m [91m| [0m        expected: "",
[34m11768 |[0m [91m| [0m
[34m11769 |[0m [91m| [0m        found: "",
[34m11770 |[0m [91m| [0m
[34m11771 |[0m [91m| [0m        key: "",
[34m11772 |[0m [91m| [0m
[34m11773 |[0m [91m| [0m        span:
[34m11774 |[0m [91m| [0m            empty_span(),
[34m11775 |[0m [91m| [0m
[34m11776 |[0m [91m| [0m        related_span:
[34m11777 |[0m [91m| [0m            empty_span(),
[34m11778 |[0m [91m| [0m
[34m11779 |[0m [91m| [0m        has_related_span:
[34m11780 |[0m [91m| [0m            false,
[34m11781 |[0m [91m| [0m    };
[34m11782 |[0m [91m| [0m}
[34m11783 |[0m [91m| [0m
[34m11784 |[0m [91m| [0mproc empty_result() -> JsonParseResult {
[34m11785 |[0m [91m| [0m    give JsonParseResult {
[34m11786 |[0m [91m| [0m        ok: false,
[34m11787 |[0m [91m| [0m
[34m11788 |[0m [91m| [0m        value: null_value(),
[34m11789 |[0m [91m| [0m
[34m11790 |[0m [91m| [0m        next: 0,
[34m11791 |[0m [91m| [0m
[34m11792 |[0m [91m| [0m        diagnostic:
[34m11793 |[0m [91m| [0m            no_diagnostic(),
[34m11794 |[0m [91m| [0m
[34m11795 |[0m [91m| [0m        statistics:
[34m11796 |[0m [91m| [0m            empty_statistics(),
[34m11797 |[0m [91m| [0m    };
[34m11798 |[0m [91m| [0m}
[34m11799 |[0m [91m| [0m
[34m11800 |[0m [91m| [0m/// -------------------------------------------------------------------------
[34m11801 |[0m [91m| [0m/// Error metadata
[34m11802 |[0m [91m| [0m/// -------------------------------------------------------------------------
[34m11803 |[0m [91m| [0m
[34m11804 |[0m [91m| [0mproc error_name(
[34m11805 |[0m [91m| [0m    error: JsonParserError
[34m11806 |[0m [91m| [0m) -> string {
[34m11807 |[0m [91m| [0m    if error ==
[34m11808 |[0m [91m| [0m       JsonParserError.None {
[34m11809 |[0m [91m| [0m        give "none";
[34m11810 |[0m [91m| [0m    }
[34m11811 |[0m [91m| [0m
[34m11812 |[0m [91m| [0m    if error ==
[34m11813 |[0m [91m| [0m       JsonParserError.EmptyDocument {
[34m11814 |[0m [91m| [0m        give "empty-document";
[34m11815 |[0m [91m| [0m    }
[34m11816 |[0m [91m| [0m
[34m11817 |[0m [91m| [0m    if error ==
[34m11818 |[0m [91m| [0m       JsonParserError.UnexpectedEnd {
[34m11819 |[0m [91m| [0m        give "unexpected-end";
[34m11820 |[0m [91m| [0m    }
[34m11821 |[0m [91m| [0m
[34m11822 |[0m [91m| [0m    if error ==
[34m11823 |[0m [91m| [0m       JsonParserError.UnexpectedToken {
[34m11824 |[0m [91m| [0m        give "unexpected-token";
[34m11825 |[0m [91m| [0m    }
[34m11826 |[0m [91m| [0m
[34m11827 |[0m [91m| [0m    if error ==
[34m11828 |[0m [91m| [0m       JsonParserError.TrailingToken {
[34m11829 |[0m [91m| [0m        give "trailing-token";
[34m11830 |[0m [91m| [0m    }
[34m11831 |[0m [91m| [0m
[34m11832 |[0m [91m| [0m    if error ==
[34m11833 |[0m [91m| [0m       JsonParserError.InvalidNull {
[34m11834 |[0m [91m| [0m        give "invalid-null";
[34m11835 |[0m [91m| [0m    }
[34m11836 |[0m [91m| [0m
[34m11837 |[0m [91m| [0m    if error ==
[34m11838 |[0m [91m| [0m       JsonParserError.InvalidBoolean {
[34m11839 |[0m [91m| [0m        give "invalid-boolean";
[34m11840 |[0m [91m| [0m    }
[34m11841 |[0m [91m| [0m
[34m11842 |[0m [91m| [0m    if error ==
[34m11843 |[0m [91m| [0m       JsonParserError.InvalidNumber {
[34m11844 |[0m [91m| [0m        give "invalid-number";
[34m11845 |[0m [91m| [0m    }
[34m11846 |[0m [91m| [0m
[34m11847 |[0m [91m| [0m    if error ==
[34m11848 |[0m [91m| [0m       JsonParserError.InvalidString {
[34m11849 |[0m [91m| [0m        give "invalid-string";
[34m11850 |[0m [91m| [0m    }
[34m11851 |[0m [91m| [0m
[34m11852 |[0m [91m| [0m    if error ==
[34m11853 |[0m [91m| [0m       JsonParserError.ExpectedValue {
[34m11854 |[0m [91m| [0m        give "expected-value";
[34m11855 |[0m [91m| [0m    }
[34m11856 |[0m [91m| [0m
[34m11857 |[0m [91m| [0m    if error ==
[34m11858 |[0m [91m| [0m       JsonParserError.ExpectedArrayValue {
[34m11859 |[0m [91m| [0m        give "expected-array-value";
[34m11860 |[0m [91m| [0m    }
[34m11861 |[0m [91m| [0m
[34m11862 |[0m [91m| [0m    if error ==
[34m11863 |[0m [91m| [0m       JsonParserError.ExpectedArrayCommaOrEnd {
[34m11864 |[0m [91m| [0m        give "expected-array-comma-or-end";
[34m11865 |[0m [91m| [0m    }
[34m11866 |[0m [91m| [0m
[34m11867 |[0m [91m| [0m    if error ==
[34m11868 |[0m [91m| [0m       JsonParserError.ArrayTrailingComma {
[34m11869 |[0m [91m| [0m        give "array-trailing-comma";
[34m11870 |[0m [91m| [0m    }
[34m11871 |[0m [91m| [0m
[34m11872 |[0m [91m| [0m    if error ==
[34m11873 |[0m [91m| [0m       JsonParserError.UnterminatedArray {
[34m11874 |[0m [91m| [0m        give "unterminated-array";
[34m11875 |[0m [91m| [0m    }
[34m11876 |[0m [91m| [0m
[34m11877 |[0m [91m| [0m    if error ==
[34m11878 |[0m [91m| [0m       JsonParserError.ExpectedObjectKey {
[34m11879 |[0m [91m| [0m        give "expected-object-key";
[34m11880 |[0m [91m| [0m    }
[34m11881 |[0m [91m| [0m
[34m11882 |[0m [91m| [0m    if error ==
[34m11883 |[0m [91m| [0m       JsonParserError.ExpectedObjectColon {
[34m11884 |[0m [91m| [0m        give "expected-object-colon";
[34m11885 |[0m [91m| [0m    }
[34m11886 |[0m [91m| [0m
[34m11887 |[0m [91m| [0m    if error ==
[34m11888 |[0m [91m| [0m       JsonParserError.ExpectedObjectValue {
[34m11889 |[0m [91m| [0m        give "expected-object-value";
[34m11890 |[0m [91m| [0m    }
[34m11891 |[0m [91m| [0m
[34m11892 |[0m [91m| [0m    if error ==
[34m11893 |[0m [91m| [0m       JsonParserError.ExpectedObjectCommaOrEnd {
[34m11894 |[0m [91m| [0m        give "expected-object-comma-or-end";
[34m11895 |[0m [91m| [0m    }
[34m11896 |[0m [91m| [0m
[34m11897 |[0m [91m| [0m    if error ==
[34m11898 |[0m [91m| [0m       JsonParserError.ObjectTrailingComma {
[34m11899 |[0m [91m| [0m        give "object-trailing-comma";
[34m11900 |[0m [91m| [0m    }
[34m11901 |[0m [91m| [0m
[34m11902 |[0m [91m| [0m    if error ==
[34m11903 |[0m [91m| [0m       JsonParserError.UnterminatedObject {
[34m11904 |[0m [91m| [0m        give "unterminated-object";
[34m11905 |[0m [91m| [0m    }
[34m11906 |[0m [91m| [0m
[34m11907 |[0m [91m| [0m    if error ==
[34m11908 |[0m [91m| [0m       JsonParserError.DuplicateObjectKey {
[34m11909 |[0m [91m| [0m        give "duplicate-object-key";
[34m11910 |[0m [91m| [0m    }
[34m11911 |[0m [91m| [0m
[34m11912 |[0m [91m| [0m    if error ==
[34m11913 |[0m [91m| [0m       JsonParserError.TooManyValues {
[34m11914 |[0m [91m| [0m        give "too-many-values";
[34m11915 |[0m [91m| [0m    }
[34m11916 |[0m [91m| [0m
[34m11917 |[0m [91m| [0m    if error ==
[34m11918 |[0m [91m| [0m       JsonParserError.TooManyArrayElements {
[34m11919 |[0m [91m| [0m        give "too-many-array-elements";
[34m11920 |[0m [91m| [0m    }
[34m11921 |[0m [91m| [0m
[34m11922 |[0m [91m| [0m    if error ==
[34m11923 |[0m [91m| [0m       JsonParserError.TooManyObjectMembers {
[34m11924 |[0m [91m| [0m        give "too-many-object-members";
[34m11925 |[0m [91m| [0m    }
[34m11926 |[0m [91m| [0m
[34m11927 |[0m [91m| [0m    if error ==
[34m11928 |[0m [91m| [0m       JsonParserError.ObjectKeyTooLong {
[34m11929 |[0m [91m| [0m        give "object-key-too-long";
[34m11930 |[0m [91m| [0m    }
[34m11931 |[0m [91m| [0m
[34m11932 |[0m [91m| [0m    if error ==
[34m11933 |[0m [91m| [0m       JsonParserError.DepthExceeded {
[34m11934 |[0m [91m| [0m        give "depth-exceeded";
[34m11935 |[0m [91m| [0m    }
[34m11936 |[0m [91m| [0m
[34m11937 |[0m [91m| [0m    if error ==
[34m11938 |[0m [91m| [0m       JsonParserError.InvalidTokenStream {
[34m11939 |[0m [91m| [0m        give "invalid-token-stream";
[34m11940 |[0m [91m| [0m    }
[34m11941 |[0m [91m| [0m
[34m11942 |[0m [91m| [0m    give "internal";
[34m11943 |[0m [91m| [0m}
[34m11944 |[0m [91m| [0m
[34m11945 |[0m [91m| [0mproc error_code(
[34m11946 |[0m [91m| [0m    error: JsonParserError
[34m11947 |[0m [91m| [0m) -> string {
[34m11948 |[0m [91m| [0m    if error ==
[34m11949 |[0m [91m| [0m       JsonParserError.None {
[34m11950 |[0m [91m| [0m        give "";
[34m11951 |[0m [91m| [0m    }
[34m11952 |[0m [91m| [0m
[34m11953 |[0m [91m| [0m    if error ==
[34m11954 |[0m [91m| [0m       JsonParserError.EmptyDocument {
[34m11955 |[0m [91m| [0m        give "JSON-PARSE-001";
[34m11956 |[0m [91m| [0m    }
[34m11957 |[0m [91m| [0m
[34m11958 |[0m [91m| [0m    if error ==
[34m11959 |[0m [91m| [0m       JsonParserError.UnexpectedEnd {
[34m11960 |[0m [91m| [0m        give "JSON-PARSE-002";
[34m11961 |[0m [91m| [0m    }
[34m11962 |[0m [91m| [0m
[34m11963 |[0m [91m| [0m    if error ==
[34m11964 |[0m [91m| [0m       JsonParserError.UnexpectedToken {
[34m11965 |[0m [91m| [0m        give "JSON-PARSE-003";
[34m11966 |[0m [91m| [0m    }
[34m11967 |[0m [91m| [0m
[34m11968 |[0m [91m| [0m    if error ==
[34m11969 |[0m [91m| [0m       JsonParserError.TrailingToken {
[34m11970 |[0m [91m| [0m        give "JSON-PARSE-004";
[34m11971 |[0m [91m| [0m    }
[34m11972 |[0m [91m| [0m
[34m11973 |[0m [91m| [0m    if error ==
[34m11974 |[0m [91m| [0m       JsonParserError.InvalidNull {
[34m11975 |[0m [91m| [0m        give "JSON-PARSE-010";
[34m11976 |[0m [91m| [0m    }
[34m11977 |[0m [91m| [0m
[34m11978 |[0m [91m| [0m    if error ==
[34m11979 |[0m [91m| [0m       JsonParserError.InvalidBoolean {
[34m11980 |[0m [91m| [0m        give "JSON-PARSE-011";
[34m11981 |[0m [91m| [0m    }
[34m11982 |[0m [91m| [0m
[34m11983 |[0m [91m| [0m    if error ==
[34m11984 |[0m [91m| [0m       JsonParserError.InvalidNumber {
[34m11985 |[0m [91m| [0m        give "JSON-PARSE-012";
[34m11986 |[0m [91m| [0m    }
[34m11987 |[0m [91m| [0m
[34m11988 |[0m [91m| [0m    if error ==
[34m11989 |[0m [91m| [0m       JsonParserError.InvalidString {
[34m11990 |[0m [91m| [0m        give "JSON-PARSE-013";
[34m11991 |[0m [91m| [0m    }
[34m11992 |[0m [91m| [0m
[34m11993 |[0m [91m| [0m    if error ==
[34m11994 |[0m [91m| [0m       JsonParserError.ExpectedValue {
[34m11995 |[0m [91m| [0m        give "JSON-PARSE-020";
[34m11996 |[0m [91m| [0m    }
[34m11997 |[0m [91m| [0m
[34m11998 |[0m [91m| [0m    if error ==
[34m11999 |[0m [91m| [0m       JsonParserError.ExpectedArrayValue {
[34m12000 |[0m [91m| [0m        give "JSON-PARSE-030";
[34m12001 |[0m [91m| [0m    }
[34m12002 |[0m [91m| [0m
[34m12003 |[0m [91m| [0m    if error ==
[34m12004 |[0m [91m| [0m       JsonParserError.ExpectedArrayCommaOrEnd {
[34m12005 |[0m [91m| [0m        give "JSON-PARSE-031";
[34m12006 |[0m [91m| [0m    }
[34m12007 |[0m [91m| [0m
[34m12008 |[0m [91m| [0m    if error ==
[34m12009 |[0m [91m| [0m       JsonParserError.ArrayTrailingComma {
[34m12010 |[0m [91m| [0m        give "JSON-PARSE-032";
[34m12011 |[0m [91m| [0m    }
[34m12012 |[0m [91m| [0m
[34m12013 |[0m [91m| [0m    if error ==
[34m12014 |[0m [91m| [0m       JsonParserError.UnterminatedArray {
[34m12015 |[0m [91m| [0m        give "JSON-PARSE-033";
[34m12016 |[0m [91m| [0m    }
[34m12017 |[0m [91m| [0m
[34m12018 |[0m [91m| [0m    if error ==
[34m12019 |[0m [91m| [0m       JsonParserError.ExpectedObjectKey {
[34m12020 |[0m [91m| [0m        give "JSON-PARSE-040";
[34m12021 |[0m [91m| [0m    }
[34m12022 |[0m [91m| [0m
[34m12023 |[0m [91m| [0m    if error ==
[34m12024 |[0m [91m| [0m       JsonParserError.ExpectedObjectColon {
[34m12025 |[0m [91m| [0m        give "JSON-PARSE-041";
[34m12026 |[0m [91m| [0m    }
[34m12027 |[0m [91m| [0m
[34m12028 |[0m [91m| [0m    if error ==
[34m12029 |[0m [91m| [0m       JsonParserError.ExpectedObjectValue {
[34m12030 |[0m [91m| [0m        give "JSON-PARSE-042";
[34m12031 |[0m [91m| [0m    }
[34m12032 |[0m [91m| [0m
[34m12033 |[0m [91m| [0m    if error ==
[34m12034 |[0m [91m| [0m       JsonParserError.ExpectedObjectCommaOrEnd {
[34m12035 |[0m [91m| [0m        give "JSON-PARSE-043";
[34m12036 |[0m [91m| [0m    }
[34m12037 |[0m [91m| [0m
[34m12038 |[0m [91m| [0m    if error ==
[34m12039 |[0m [91m| [0m       JsonParserError.ObjectTrailingComma {
[34m12040 |[0m [91m| [0m        give "JSON-PARSE-044";
[34m12041 |[0m [91m| [0m    }
[34m12042 |[0m [91m| [0m
[34m12043 |[0m [91m| [0m    if error ==
[34m12044 |[0m [91m| [0m       JsonParserError.UnterminatedObject {
[34m12045 |[0m [91m| [0m        give "JSON-PARSE-045";
[34m12046 |[0m [91m| [0m    }
[34m12047 |[0m [91m| [0m
[34m12048 |[0m [91m| [0m    if error ==
[34m12049 |[0m [91m| [0m       JsonParserError.DuplicateObjectKey {
[34m12050 |[0m [91m| [0m        give "JSON-PARSE-046";
[34m12051 |[0m [91m| [0m    }
[34m12052 |[0m [91m| [0m
[34m12053 |[0m [91m| [0m    if error ==
[34m12054 |[0m [91m| [0m       JsonParserError.TooManyValues {
[34m12055 |[0m [91m| [0m        give "JSON-PARSE-050";
[34m12056 |[0m [91m| [0m    }
[34m12057 |[0m [91m| [0m
[34m12058 |[0m [91m| [0m    if error ==
[34m12059 |[0m [91m| [0m       JsonParserError.TooManyArrayElements {
[34m12060 |[0m [91m| [0m        give "JSON-PARSE-051";
[34m12061 |[0m [91m| [0m    }
[34m12062 |[0m [91m| [0m
[34m12063 |[0m [91m| [0m    if error ==
[34m12064 |[0m [91m| [0m       JsonParserError.TooManyObjectMembers {
[34m12065 |[0m [91m| [0m        give "JSON-PARSE-052";
[34m12066 |[0m [91m| [0m    }
[34m12067 |[0m [91m| [0m
[34m12068 |[0m [91m| [0m    if error ==
[34m12069 |[0m [91m| [0m       JsonParserError.ObjectKeyTooLong {
[34m12070 |[0m [91m| [0m        give "JSON-PARSE-053";
[34m12071 |[0m [91m| [0m    }
[34m12072 |[0m [91m| [0m
[34m12073 |[0m [91m| [0m    if error ==
[34m12074 |[0m [91m| [0m       JsonParserError.DepthExceeded {
[34m12075 |[0m [91m| [0m        give "JSON-PARSE-054";
[34m12076 |[0m [91m| [0m    }
[34m12077 |[0m [91m| [0m
[34m12078 |[0m [91m| [0m    if error ==
[34m12079 |[0m [91m| [0m       JsonParserError.InvalidTokenStream {
[34m12080 |[0m [91m| [0m        give "JSON-PARSE-060";
[34m12081 |[0m [91m| [0m    }
[34m12082 |[0m [91m| [0m
[34m12083 |[0m [91m| [0m    give "JSON-PARSE-999";
[34m12084 |[0m [91m| [0m}
[34m12085 |[0m [91m| [0m
[34m12086 |[0m [91m| [0mproc phase_name(
[34m12087 |[0m [91m| [0m    phase: JsonParserPhase
[34m12088 |[0m [91m| [0m) -> string {
[34m12089 |[0m [91m| [0m    if phase ==
[34m12090 |[0m [91m| [0m       JsonParserPhase.None {
[34m12091 |[0m [91m| [0m        give "none";
[34m12092 |[0m [91m| [0m    }
[34m12093 |[0m [91m| [0m
[34m12094 |[0m [91m| [0m    if phase ==
[34m12095 |[0m [91m| [0m       JsonParserPhase.Document {
[34m12096 |[0m [91m| [0m        give "document";
[34m12097 |[0m [91m| [0m    }
[34m12098 |[0m [91m| [0m
[34m12099 |[0m [91m| [0m    if phase ==
[34m12100 |[0m [91m| [0m       JsonParserPhase.Value {
[34m12101 |[0m [91m| [0m        give "value";
[34m12102 |[0m [91m| [0m    }
[34m12103 |[0m [91m| [0m
[34m12104 |[0m [91m| [0m    if phase ==
[34m12105 |[0m [91m| [0m       JsonParserPhase.Array {
[34m12106 |[0m [91m| [0m        give "array";
[34m12107 |[0m [91m| [0m    }
[34m12108 |[0m [91m| [0m
[34m12109 |[0m [91m| [0m    give "object";
[34m12110 |[0m [91m| [0m}
[34m12111 |[0m [91m| [0m
[34m12112 |[0m [91m| [0m/// Return a short explanation aimed at someone who is learning JSON.
[34m12113 |[0m [91m| [0m/// Suggestions are deliberately conservative: they describe the likely fix
[34m12114 |[0m [91m| [0m/// without changing the input automatically.
[34m12115 |[0m [91m| [0mproc suggestion_for(
[34m12116 |[0m [91m| [0m    error: JsonParserError
[34m12117 |[0m [91m| [0m) -> string {
[34m12118 |[0m [91m| [0m    if error == JsonParserError.EmptyDocument {
[34m12119 |[0m [91m| [0m        give "Ajoutez une valeur JSON, par exemple {} ou []";
[34m12120 |[0m [91m| [0m    }
[34m12121 |[0m [91m| [0m
[34m12122 |[0m [91m| [0m    if error == JsonParserError.ExpectedObjectColon {
[34m12123 |[0m [91m| [0m        give "Ajoutez : entre le nom de la propriété et sa valeur, par exemple \"nom\": \"Ada\"";
[34m12124 |[0m [91m| [0m    }
[34m12125 |[0m [91m| [0m
[34m12126 |[0m [91m| [0m    if error == JsonParserError.ExpectedObjectKey {
[34m12127 |[0m [91m| [0m        give "Un objet JSON utilise des noms entre guillemets doubles, par exemple \"nom\"";
[34m12128 |[0m [91m| [0m    }
[34m12129 |[0m [91m| [0m
[34m12130 |[0m [91m| [0m    if error == JsonParserError.ExpectedObjectValue {
[34m12131 |[0m [91m| [0m        give "Ajoutez une valeur après :, par exemple une chaîne, un nombre, true, false, null, un tableau ou un objet";
[34m12132 |[0m [91m| [0m    }
[34m12133 |[0m [91m| [0m
[34m12134 |[0m [91m| [0m    if error == JsonParserError.ExpectedObjectCommaOrEnd {
[34m12135 |[0m [91m| [0m        give "Ajoutez une virgule entre deux propriétés ou } pour fermer l'objet";
[34m12136 |[0m [91m| [0m    }
[34m12137 |[0m [91m| [0m
[34m12138 |[0m [91m| [0m    if error == JsonParserError.ObjectTrailingComma {
[34m12139 |[0m [91m| [0m        give "Supprimez la virgule juste avant } : JSON n'autorise pas les virgules finales";
[34m12140 |[0m [91m| [0m    }
[34m12141 |[0m [91m| [0m
[34m12142 |[0m [91m| [0m    if error == JsonParserError.ExpectedArrayCommaOrEnd {
[34m12143 |[0m [91m| [0m        give "Ajoutez une virgule entre deux éléments ou ] pour fermer le tableau";
[34m12144 |[0m [91m| [0m    }
[34m12145 |[0m [91m| [0m
[34m12146 |[0m [91m| [0m    if error == JsonParserError.ArrayTrailingComma {
[34m12147 |[0m [91m| [0m        give "Supprimez la virgule juste avant ] : JSON n'autorise pas les virgules finales";
[34m12148 |[0m [91m| [0m    }
[34m12149 |[0m [91m| [0m
[34m12150 |[0m [91m| [0m    if error == JsonParserError.UnterminatedArray {
[34m12151 |[0m [91m| [0m        give "Ajoutez ] pour fermer le tableau";
[34m12152 |[0m [91m| [0m    }
[34m12153 |[0m [91m| [0m
[34m12154 |[0m [91m| [0m    if error == JsonParserError.UnterminatedObject {
[34m12155 |[0m [91m| [0m        give "Ajoutez } pour fermer l'objet";
[34m12156 |[0m [91m| [0m    }
[34m12157 |[0m [91m| [0m
[34m12158 |[0m [91m| [0m    if error == JsonParserError.DuplicateObjectKey {
[34m12159 |[0m [91m| [0m        give "Donnez un nom différent à chaque propriété ou activez une politique explicite de doublons";
[34m12160 |[0m [91m| [0m    }
[34m12161 |[0m [91m| [0m
[34m12162 |[0m [91m| [0m    if error == JsonParserError.TrailingToken {
[34m12163 |[0m [91m| [0m        give "Supprimez les caractères après la première valeur JSON : un document doit contenir une seule valeur";
[34m12164 |[0m [91m| [0m    }
[34m12165 |[0m [91m| [0m
[34m12166 |[0m [91m| [0m    give "";
[34m12167 |[0m [91m| [0m}
[34m12168 |[0m [91m| [0m
[34m12169 |[0m [91m| [0m/// -------------------------------------------------------------------------
[34m12170 |[0m [91m| [0m/// Diagnostics
[34m12171 |[0m [91m| [0m/// -------------------------------------------------------------------------
[34m12172 |[0m [91m| [0m
[34m12173 |[0m [91m| [0mproc make_diagnostic(
[34m12174 |[0m [91m| [0m    error: JsonParserError,
[34m12175 |[0m [91m| [0m    phase: JsonParserPhase,
[34m12176 |[0m [91m| [0m    message: string,
[34m12177 |[0m [91m| [0m    detail: string,
[34m12178 |[0m [91m| [0m    expected: string,
[34m12179 |[0m [91m| [0m    found: string,
[34m12180 |[0m [91m| [0m    key: string,
[34m12181 |[0m [91m| [0m    location: JsonSpan
[34m12182 |[0m [91m| [0m) -> JsonParserDiagnostic {
[34m12183 |[0m [91m| [0m    give JsonParserDiagnostic {
[34m12184 |[0m [91m| [0m        error: error,
[34m12185 |[0m [91m| [0m
[34m12186 |[0m [91m| [0m        phase: phase,
[34m12187 |[0m [91m| [0m
[34m12188 |[0m [91m| [0m        code:
[34m12189 |[0m [91m| [0m            error_code(error),
[34m12190 |[0m [91m| [0m
[34m12191 |[0m [91m| [0m        message: message,
[34m12192 |[0m [91m| [0m
[34m12193 |[0m [91m| [0m        detail: detail,
[34m12194 |[0m [91m| [0m
[34m12195 |[0m [91m| [0m        suggestion:
[34m12196 |[0m [91m| [0m            suggestion_for(error),
[34m12197 |[0m [91m| [0m
[34m12198 |[0m [91m| [0m        expected: expected,
[34m12199 |[0m [91m| [0m
[34m12200 |[0m [91m| [0m        found: found,
[34m12201 |[0m [91m| [0m
[34m12202 |[0m [91m| [0m        key: key,
[34m12203 |[0m [91m| [0m
[34m12204 |[0m [91m| [0m        span: location,
[34m12205 |[0m [91m| [0m
[34m12206 |[0m [91m| [0m        related_span:
[34m12207 |[0m [91m| [0m            empty_span(),
[34m12208 |[0m [91m| [0m
[34m12209 |[0m [91m| [0m        has_related_span:
[34m12210 |[0m [91m| [0m            false,
[34m12211 |[0m [91m| [0m    };
[34m12212 |[0m [91m| [0m}
[34m12213 |[0m [91m| [0m
[34m12214 |[0m [91m| [0mproc make_related_diagnostic(
[34m12215 |[0m [91m| [0m    error: JsonParserError,
[34m12216 |[0m [91m| [0m    phase: JsonParserPhase,
[34m12217 |[0m [91m| [0m    message: string,
[34m12218 |[0m [91m| [0m    detail: string,
[34m12219 |[0m [91m| [0m    expected: string,
[34m12220 |[0m [91m| [0m    found: string,
[34m12221 |[0m [91m| [0m    key: string,
[34m12222 |[0m [91m| [0m    location: JsonSpan,
[34m12223 |[0m [91m| [0m    related: JsonSpan
[34m12224 |[0m [91m| [0m) -> JsonParserDiagnostic {
[34m12225 |[0m [91m| [0m    give JsonParserDiagnostic {
[34m12226 |[0m [91m| [0m        error: error,
[34m12227 |[0m [91m| [0m
[34m12228 |[0m [91m| [0m        phase: phase,
[34m12229 |[0m [91m| [0m
[34m12230 |[0m [91m| [0m        code:
[34m12231 |[0m [91m| [0m            error_code(error),
[34m12232 |[0m [91m| [0m
[34m12233 |[0m [91m| [0m        message: message,
[34m12234 |[0m [91m| [0m
[34m12235 |[0m [91m| [0m        detail: detail,
[34m12236 |[0m [91m| [0m
[34m12237 |[0m [91m| [0m        suggestion:
[34m12238 |[0m [91m| [0m            suggestion_for(error),
[34m12239 |[0m [91m| [0m
[34m12240 |[0m [91m| [0m        expected: expected,
[34m12241 |[0m [91m| [0m
[34m12242 |[0m [91m| [0m        found: found,
[34m12243 |[0m [91m| [0m
[34m12244 |[0m [91m| [0m        key: key,
[34m12245 |[0m [91m| [0m
[34m12246 |[0m [91m| [0m        span: location,
[34m12247 |[0m [91m| [0m
[34m12248 |[0m [91m| [0m        related_span: related,
[34m12249 |[0m [91m| [0m
[34m12250 |[0m [91m| [0m        has_related_span:
[34m12251 |[0m [91m| [0m            true,
[34m12252 |[0m [91m| [0m    };
[34m12253 |[0m [91m| [0m}
[34m12254 |[0m [91m| [0m
[34m12255 |[0m [91m| [0m/// -------------------------------------------------------------------------
[34m12256 |[0m [91m| [0m/// State
[34m12257 |[0m [91m| [0m/// -------------------------------------------------------------------------
[34m12258 |[0m [91m| [0m
[34m12259 |[0m [91m| [0mproc state(
[34m12260 |[0m [91m| [0m    tokens: [JsonToken],
[34m12261 |[0m [91m| [0m    parser_limits: JsonParserLimits
[34m12262 |[0m [91m| [0m) -> JsonParserState {
[34m12263 |[0m [91m| [0m    let mut stats:
[34m12264 |[0m [91m| [0m        JsonParserStatistics =
[34m12265 |[0m [91m| [0m            empty_statistics();
[34m12266 |[0m [91m| [0m
[34m12267 |[0m [91m| [0m    set stats.token_count =
[34m12268 |[0m [91m| [0m        tokens.length;
[34m12269 |[0m [91m| [0m
[34m12270 |[0m [91m| [0m    give JsonParserState {
[34m12271 |[0m [91m| [0m        tokens: tokens,
[34m12272 |[0m [91m| [0m
[34m12273 |[0m [91m| [0m        cursor: 0,
[34m12274 |[0m [91m| [0m
[34m12275 |[0m [91m| [0m        depth: 0,
[34m12276 |[0m [91m| [0m
[34m12277 |[0m [91m| [0m        limits:
[34m12278 |[0m [91m| [0m            parser_limits,
[34m12279 |[0m [91m| [0m
[34m12280 |[0m [91m| [0m        statistics: stats,
[34m12281 |[0m [91m| [0m
[34m12282 |[0m [91m| [0m        diagnostic:
[34m12283 |[0m [91m| [0m            no_diagnostic(),
[34m12284 |[0m [91m| [0m
[34m12285 |[0m [91m| [0m        failed: false,
[34m12286 |[0m [91m| [0m    };
[34m12287 |[0m [91m| [0m}
[34m12288 |[0m [91m| [0m
[34m12289 |[0m [91m| [0mproc default_state(
[34m12290 |[0m [91m| [0m    tokens: [JsonToken]
[34m12291 |[0m [91m| [0m) -> JsonParserState {
[34m12292 |[0m [91m| [0m    give state(
[34m12293 |[0m [91m| [0m        tokens,
[34m12294 |[0m [91m| [0m        default_limits());
[34m12295 |[0m [91m| [0m}
[34m12296 |[0m [91m| [0m
[34m12297 |[0m [91m| [0m/// -------------------------------------------------------------------------
[34m12298 |[0m [91m| [0m/// Token stream access
[34m12299 |[0m [91m| [0m/// -------------------------------------------------------------------------
[34m12300 |[0m [91m| [0m
[34m12301 |[0m [91m| [0mproc has_token(
[34m12302 |[0m [91m| [0m    parser: &JsonParserState
[34m12303 |[0m [91m| [0m) -> bool {
[34m12304 |[0m [91m| [0m    give parser.cursor <
[34m12305 |[0m [91m| [0m         parser.tokens.length;
[34m12306 |[0m [91m| [0m}
[34m12307 |[0m [91m| [0m
[34m12308 |[0m [91m| [0mproc has_token_at(
[34m12309 |[0m [91m| [0m    parser: &JsonParserState,
[34m12310 |[0m [91m| [0m    index: usize
[34m12311 |[0m [91m| [0m) -> bool {
[34m12312 |[0m [91m| [0m    give index <
[34m12313 |[0m [91m| [0m         parser.tokens.length;
[34m12314 |[0m [91m| [0m}
[34m12315 |[0m [91m| [0m
[34m12316 |[0m [91m| [0mproc current(
[34m12317 |[0m [91m| [0m    parser: &JsonParserState
[34m12318 |[0m [91m| [0m) -> JsonToken {
[34m12319 |[0m [91m| [0m    if parser.cursor >=
[34m12320 |[0m [91m| [0m       parser.tokens.length {
[34m12321 |[0m [91m| [0m        give invalid();
[34m12322 |[0m [91m| [0m    }
[34m12323 |[0m [91m| [0m
[34m12324 |[0m [91m| [0m    give parser.tokens[
[34m12325 |[0m [91m| [0m        parser.cursor];
[34m12326 |[0m [91m| [0m}
[34m12327 |[0m [91m| [0m
[34m12328 |[0m [91m| [0mproc token_at(
[34m12329 |[0m [91m| [0m    parser: &JsonParserState,
[34m12330 |[0m [91m| [0m    index: usize
[34m12331 |[0m [91m| [0m) -> JsonToken {
[34m12332 |[0m [91m| [0m    if index >=
[34m12333 |[0m [91m| [0m       parser.tokens.length {
[34m12334 |[0m [91m| [0m        give invalid();
[34m12335 |[0m [91m| [0m    }
[34m12336 |[0m [91m| [0m
[34m12337 |[0m [91m| [0m    give parser.tokens[index];
[34m12338 |[0m [91m| [0m}
[34m12339 |[0m [91m| [0m
[34m12340 |[0m [91m| [0mproc previous(
[34m12341 |[0m [91m| [0m    parser: &JsonParserState
[34m12342 |[0m [91m| [0m) -> JsonToken {
[34m12343 |[0m [91m| [0m    if parser.cursor == 0 ||
[34m12344 |[0m [91m| [0m       parser.tokens.length == 0 {
[34m12345 |[0m [91m| [0m        give invalid();
[34m12346 |[0m [91m| [0m    }
[34m12347 |[0m [91m| [0m
[34m12348 |[0m [91m| [0m    give parser.tokens[
[34m12349 |[0m [91m| [0m        parser.cursor - 1];
[34m12350 |[0m [91m| [0m}
[34m12351 |[0m [91m| [0m
[34m12352 |[0m [91m| [0mproc end_location(
[34m12353 |[0m [91m| [0m    parser: &JsonParserState
[34m12354 |[0m [91m| [0m) -> JsonSpan {
[34m12355 |[0m [91m| [0m    if parser.tokens.length == 0 {
[34m12356 |[0m [91m| [0m        give empty_span();
[34m12357 |[0m [91m| [0m    }
[34m12358 |[0m [91m| [0m
[34m12359 |[0m [91m| [0m    let last_index: usize =
[34m12360 |[0m [91m| [0m        parser.tokens.length - 1;
[34m12361 |[0m [91m| [0m
[34m12362 |[0m [91m| [0m    give parser.tokens[last_index].span;
[34m12363 |[0m [91m| [0m}
[34m12364 |[0m [91m| [0m
[34m12365 |[0m [91m| [0mproc found_text(
[34m12366 |[0m [91m| [0m    value: &JsonToken
[34m12367 |[0m [91m| [0m) -> string {
[34m12368 |[0m [91m| [0m    if value.kind ==
[34m12369 |[0m [91m| [0m       JsonTokenKind.End {
[34m12370 |[0m [91m| [0m        give "end of input";
[34m12371 |[0m [91m| [0m    }
[34m12372 |[0m [91m| [0m
[34m12373 |[0m [91m| [0m    if value.kind ==
[34m12374 |[0m [91m| [0m       JsonTokenKind.Invalid {
[34m12375 |[0m [91m| [0m        give "invalid token";
[34m12376 |[0m [91m| [0m    }
[34m12377 |[0m [91m| [0m
[34m12378 |[0m [91m| [0m    if value.lexeme.length != 0 {
[34m12379 |[0m [91m| [0m        give value.lexeme;
[34m12380 |[0m [91m| [0m    }
[34m12381 |[0m [91m| [0m
[34m12382 |[0m [91m| [0m    give display_name(
[34m12383 |[0m [91m| [0m        value.kind);
[34m12384 |[0m [91m| [0m}
[34m12385 |[0m [91m| [0m
[34m12386 |[0m [91m| [0mproc at_end(
[34m12387 |[0m [91m| [0m    parser: &JsonParserState
[34m12388 |[0m [91m| [0m) -> bool {
[34m12389 |[0m [91m| [0m    if parser.cursor >=
[34m12390 |[0m [91m| [0m       parser.tokens.length {
[34m12391 |[0m [91m| [0m        give true;
[34m12392 |[0m [91m| [0m    }
[34m12393 |[0m [91m| [0m
[34m12394 |[0m [91m| [0m    give parser.tokens[
[34m12395 |[0m [91m| [0m        parser.cursor].kind ==
[34m12396 |[0m [91m| [0m            JsonTokenKind.End;
[34m12397 |[0m [91m| [0m}
[34m12398 |[0m [91m| [0m
[34m12399 |[0m [91m| [0mproc check(
[34m12400 |[0m [91m| [0m    parser: &JsonParserState,
[34m12401 |[0m [91m| [0m    kind: JsonTokenKind
[34m12402 |[0m [91m| [0m) -> bool {
[34m12403 |[0m [91m| [0m    if parser.cursor >=
[34m12404 |[0m [91m| [0m       parser.tokens.length {
[34m12405 |[0m [91m| [0m        give false;
[34m12406 |[0m [91m| [0m    }
[34m12407 |[0m [91m| [0m
[34m12408 |[0m [91m| [0m    give parser.tokens[
[34m12409 |[0m [91m| [0m        parser.cursor].kind ==
[34m12410 |[0m [91m| [0m            kind;
[34m12411 |[0m [91m| [0m}
[34m12412 |[0m [91m| [0m
[34m12413 |[0m [91m| [0mproc advance(
[34m12414 |[0m [91m| [0m    parser: &JsonParserState
[34m12415 |[0m [91m| [0m) -> JsonParserState {
[34m12416 |[0m [91m| [0m    let mut result:
[34m12417 |[0m [91m| [0m        JsonParserState =
[34m12418 |[0m [91m| [0m            *parser;
[34m12419 |[0m [91m| [0m
[34m12420 |[0m [91m| [0m    if result.cursor <
[34m12421 |[0m [91m| [0m       result.tokens.length {
[34m12422 |[0m [91m| [0m        set result.cursor += 1;
[34m12423 |[0m [91m| [0m    }
[34m12424 |[0m [91m| [0m
[34m12425 |[0m [91m| [0m    set result.statistics.consumed_token_count =
[34m12426 |[0m [91m| [0m        result.cursor;
[34m12427 |[0m [91m| [0m
[34m12428 |[0m [91m| [0m    give result;
[34m12429 |[0m [91m| [0m}
[34m12430 |[0m [91m| [0m
[34m12431 |[0m [91m| [0m/// -------------------------------------------------------------------------
[34m12432 |[0m [91m| [0m/// Failure helpers
[34m12433 |[0m [91m| [0m/// -------------------------------------------------------------------------
[34m12434 |[0m [91m| [0m
[34m12435 |[0m [91m| [0mproc fail(
[34m12436 |[0m [91m| [0m    parser: &JsonParserState,
[34m12437 |[0m [91m| [0m    error: JsonParserError,
[34m12438 |[0m [91m| [0m    phase: JsonParserPhase,
[34m12439 |[0m [91m| [0m    message: string,
[34m12440 |[0m [91m| [0m    detail: string,
[34m12441 |[0m [91m| [0m    expected: string,
[34m12442 |[0m [91m| [0m    found: string,
[34m12443 |[0m [91m| [0m    key: string,
[34m12444 |[0m [91m| [0m    location: JsonSpan
[34m12445 |[0m [91m| [0m) -> JsonParserState {
[34m12446 |[0m [91m| [0m    let mut result:
[34m12447 |[0m [91m| [0m        JsonParserState =
[34m12448 |[0m [91m| [0m            *parser;
[34m12449 |[0m [91m| [0m
[34m12450 |[0m [91m| [0m    set result.failed = true;
[34m12451 |[0m [91m| [0m
[34m12452 |[0m [91m| [0m    set result.diagnostic =
[34m12453 |[0m [91m| [0m        make_diagnostic(
[34m12454 |[0m [91m| [0m            error,
[34m12455 |[0m [91m| [0m            phase,
[34m12456 |[0m [91m| [0m            message,
[34m12457 |[0m [91m| [0m            detail,
[34m12458 |[0m [91m| [0m            expected,
[34m12459 |[0m [91m| [0m            found,
[34m12460 |[0m [91m| [0m            key,
[34m12461 |[0m [91m| [0m            location);
[34m12462 |[0m [91m| [0m
[34m12463 |[0m [91m| [0m    give result;
[34m12464 |[0m [91m| [0m}
[34m12465 |[0m [91m| [0m
[34m12466 |[0m [91m| [0mproc fail_related(
[34m12467 |[0m [91m| [0m    parser: &JsonParserState,
[34m12468 |[0m [91m| [0m    error: JsonParserError,
[34m12469 |[0m [91m| [0m    phase: JsonParserPhase,
[34m12470 |[0m [91m| [0m    message: string,
[34m12471 |[0m [91m| [0m    detail: string,
[34m12472 |[0m [91m| [0m    expected: string,
[34m12473 |[0m [91m| [0m    found: string,
[34m12474 |[0m [91m| [0m    key: string,
[34m12475 |[0m [91m| [0m    location: JsonSpan,
[34m12476 |[0m [91m| [0m    related: JsonSpan
[34m12477 |[0m [91m| [0m) -> JsonParserState {
[34m12478 |[0m [91m| [0m    let mut result:
[34m12479 |[0m [91m| [0m        JsonParserState =
[34m12480 |[0m [91m| [0m            *parser;
[34m12481 |[0m [91m| [0m
[34m12482 |[0m [91m| [0m    set result.failed = true;
[34m12483 |[0m [91m| [0m
[34m12484 |[0m [91m| [0m    set result.diagnostic =
[34m12485 |[0m [91m| [0m        make_related_diagnostic(
[34m12486 |[0m [91m| [0m            error,
[34m12487 |[0m [91m| [0m            phase,
[34m12488 |[0m [91m| [0m            message,
[34m12489 |[0m [91m| [0m            detail,
[34m12490 |[0m [91m| [0m            expected,
[34m12491 |[0m [91m| [0m            found,
[34m12492 |[0m [91m| [0m            key,
[34m12493 |[0m [91m| [0m            location,
[34m12494 |[0m [91m| [0m            related);
[34m12495 |[0m [91m| [0m
[34m12496 |[0m [91m| [0m    give result;
[34m12497 |[0m [91m| [0m}
[34m12498 |[0m [91m| [0m
[34m12499 |[0m [91m| [0m/// -------------------------------------------------------------------------
[34m12500 |[0m [91m| [0m/// Value statistics
[34m12501 |[0m [91m| [0m/// -------------------------------------------------------------------------
[34m12502 |[0m [91m| [0m
[34m12503 |[0m [91m| [0mproc account_depth(
[34m12504 |[0m [91m| [0m    parser: &JsonParserState,
[34m12505 |[0m [91m| [0m    depth: usize
[34m12506 |[0m [91m| [0m) -> JsonParserState {
[34m12507 |[0m [91m| [0m    let mut result:
[34m12508 |[0m [91m| [0m        JsonParserState =
[34m12509 |[0m [91m| [0m            *parser;
[34m12510 |[0m [91m| [0m
[34m12511 |[0m [91m| [0m    if depth >
[34m12512 |[0m [91m| [0m       result.statistics.maximum_depth {
[34m12513 |[0m [91m| [0m        set result.statistics.maximum_depth =
[34m12514 |[0m [91m| [0m            depth;
[34m12515 |[0m [91m| [0m    }
[34m12516 |[0m [91m| [0m
[34m12517 |[0m [91m| [0m    give result;
[34m12518 |[0m [91m| [0m}
[34m12519 |[0m [91m| [0m
[34m12520 |[0m [91m| [0mproc account_value(
[34m12521 |[0m [91m| [0m    parser: &JsonParserState,
[34m12522 |[0m [91m| [0m    value: &JsonValue
[34m12523 |[0m [91m| [0m) -> JsonParserState {
[34m12524 |[0m [91m| [0m    let mut result:
[34m12525 |[0m [91m| [0m        JsonParserState =
[34m12526 |[0m [91m| [0m            *parser;
[34m12527 |[0m [91m| [0m
[34m12528 |[0m [91m| [0m    set result.statistics.value_count += 1;
[34m12529 |[0m [91m| [0m
[34m12530 |[0m [91m| [0m    if value.kind ==
[34m12531 |[0m [91m| [0m       JsonValueKind.Null {
[34m12532 |[0m [91m| [0m        set result.statistics.scalar_count += 1;
[34m12533 |[0m [91m| [0m        set result.statistics.null_count += 1;
[34m12534 |[0m [91m| [0m    }
[34m12535 |[0m [91m| [0m
[34m12536 |[0m [91m| [0m    if value.kind ==
[34m12537 |[0m [91m| [0m       JsonValueKind.Bool {
[34m12538 |[0m [91m| [0m        set result.statistics.scalar_count += 1;
[34m12539 |[0m [91m| [0m        set result.statistics.boolean_count += 1;
[34m12540 |[0m [91m| [0m    }
[34m12541 |[0m [91m| [0m
[34m12542 |[0m [91m| [0m    if value.kind ==
[34m12543 |[0m [91m| [0m       JsonValueKind.Integer {
[34m12544 |[0m [91m| [0m        set result.statistics.scalar_count += 1;
[34m12545 |[0m [91m| [0m        set result.statistics.integer_count += 1;
[34m12546 |[0m [91m| [0m    }
[34m12547 |[0m [91m| [0m
[34m12548 |[0m [91m| [0m    if value.kind ==
[34m12549 |[0m [91m| [0m       JsonValueKind.Float {
[34m12550 |[0m [91m| [0m        set result.statistics.scalar_count += 1;
[34m12551 |[0m [91m| [0m        set result.statistics.float_count += 1;
[34m12552 |[0m [91m| [0m    }
[34m12553 |[0m [91m| [0m
[34m12554 |[0m [91m| [0m    if value.kind ==
[34m12555 |[0m [91m| [0m       JsonValueKind.String {
[34m12556 |[0m [91m| [0m        set result.statistics.scalar_count += 1;
[34m12557 |[0m [91m| [0m        set result.statistics.string_count += 1;
[34m12558 |[0m [91m| [0m    }
[34m12559 |[0m [91m| [0m
[34m12560 |[0m [91m| [0m    if value.kind ==
[34m12561 |[0m [91m| [0m       JsonValueKind.Array {
[34m12562 |[0m [91m| [0m        set result.statistics.array_count += 1;
[34m12563 |[0m [91m| [0m    }
[34m12564 |[0m [91m| [0m
[34m12565 |[0m [91m| [0m    if value.kind ==
[34m12566 |[0m [91m| [0m       JsonValueKind.Object {
[34m12567 |[0m [91m| [0m        set result.statistics.object_count += 1;
[34m12568 |[0m [91m| [0m    }
[34m12569 |[0m [91m| [0m
[34m12570 |[0m [91m| [0m    give result;
[34m12571 |[0m [91m| [0m}
[34m12572 |[0m [91m| [0m
[34m12573 |[0m [91m| [0m/// -------------------------------------------------------------------------
[34m12574 |[0m [91m| [0m/// Number classification
[34m12575 |[0m [91m| [0m/// -------------------------------------------------------------------------
[34m12576 |[0m [91m| [0m
[34m12577 |[0m [91m| [0mproc number_is_float(
[34m12578 |[0m [91m| [0m    text: string
[34m12579 |[0m [91m| [0m) -> bool {
[34m12580 |[0m [91m| [0m    let mut index: usize = 0;
[34m12581 |[0m [91m| [0m
[34m12582 |[0m [91m| [0m    while index <
[34m12583 |[0m [91m| [0m          text.length {
[34m12584 |[0m [91m| [0m        let value: char =
[34m12585 |[0m [91m| [0m            text[index];
[34m12586 |[0m [91m| [0m
[34m12587 |[0m [91m| [0m        if value == '.' ||
[34m12588 |[0m [91m| [0m           value == 'e' ||
[34m12589 |[0m [91m| [0m           value == 'E' {
[34m12590 |[0m [91m| [0m            give true;
[34m12591 |[0m [91m| [0m        }
[34m12592 |[0m [91m| [0m
[34m12593 |[0m [91m| [0m        set index += 1;
[34m12594 |[0m [91m| [0m    }
[34m12595 |[0m [91m| [0m
[34m12596 |[0m [91m| [0m    give false;
[34m12597 |[0m [91m| [0m}
[34m12598 |[0m [91m| [0m
[34m12599 |[0m [91m| [0mproc digit_value(
[34m12600 |[0m [91m| [0m    value: char
[34m12601 |[0m [91m| [0m) -> i64 {
[34m12602 |[0m [91m| [0m    if value == '0' {
[34m12603 |[0m [91m| [0m        give 0;
[34m12604 |[0m [91m| [0m    }
[34m12605 |[0m [91m| [0m
[34m12606 |[0m [91m| [0m    if value == '1' {
[34m12607 |[0m [91m| [0m        give 1;
[34m12608 |[0m [91m| [0m    }
[34m12609 |[0m [91m| [0m
[34m12610 |[0m [91m| [0m    if value == '2' {
[34m12611 |[0m [91m| [0m        give 2;
[34m12612 |[0m [91m| [0m    }
[34m12613 |[0m [91m| [0m
[34m12614 |[0m [91m| [0m    if value == '3' {
[34m12615 |[0m [91m| [0m        give 3;
[34m12616 |[0m [91m| [0m    }
[34m12617 |[0m [91m| [0m
[34m12618 |[0m [91m| [0m    if value == '4' {
[34m12619 |[0m [91m| [0m        give 4;
[34m12620 |[0m [91m| [0m    }
[34m12621 |[0m [91m| [0m
[34m12622 |[0m [91m| [0m    if value == '5' {
[34m12623 |[0m [91m| [0m        give 5;
[34m12624 |[0m [91m| [0m    }
[34m12625 |[0m [91m| [0m
[34m12626 |[0m [91m| [0m    if value == '6' {
[34m12627 |[0m [91m| [0m        give 6;
[34m12628 |[0m [91m| [0m    }
[34m12629 |[0m [91m| [0m
[34m12630 |[0m [91m| [0m    if value == '7' {
[34m12631 |[0m [91m| [0m        give 7;
[34m12632 |[0m [91m| [0m    }
[34m12633 |[0m [91m| [0m
[34m12634 |[0m [91m| [0m    if value == '8' {
[34m12635 |[0m [91m| [0m        give 8;
[34m12636 |[0m [91m| [0m    }
[34m12637 |[0m [91m| [0m
[34m12638 |[0m [91m| [0m    if value == '9' {
[34m12639 |[0m [91m| [0m        give 9;
[34m12640 |[0m [91m| [0m    }
[34m12641 |[0m [91m| [0m
[34m12642 |[0m [91m| [0m    give -1;
[34m12643 |[0m [91m| [0m}
[34m12644 |[0m [91m| [0m
[34m12645 |[0m [91m| [0mproc parse_integer_text(
[34m12646 |[0m [91m| [0m    text: string
[34m12647 |[0m [91m| [0m) -> i64 {
[34m12648 |[0m [91m| [0m    if text.length == 0 {
[34m12649 |[0m [91m| [0m        give 0;
[34m12650 |[0m [91m| [0m    }
[34m12651 |[0m [91m| [0m
[34m12652 |[0m [91m| [0m    let mut index: usize = 0;
[34m12653 |[0m [91m| [0m
[34m12654 |[0m [91m| [0m    let mut negative: bool =
[34m12655 |[0m [91m| [0m        false;
[34m12656 |[0m [91m| [0m
[34m12657 |[0m [91m| [0m    if text[0] == '-' {
[34m12658 |[0m [91m| [0m        set negative = true;
[34m12659 |[0m [91m| [0m        set index = 1;
[34m12660 |[0m [91m| [0m    }
[34m12661 |[0m [91m| [0m
[34m12662 |[0m [91m| [0m    let mut result: i64 = 0;
[34m12663 |[0m [91m| [0m
[34m12664 |[0m [91m| [0m    while index <
[34m12665 |[0m [91m| [0m          text.length {
[34m12666 |[0m [91m| [0m        let digit: i64 =
[34m12667 |[0m [91m| [0m            digit_value(
[34m12668 |[0m [91m| [0m                text[index]);
[34m12669 |[0m [91m| [0m
[34m12670 |[0m [91m| [0m        if digit < 0 {
[34m12671 |[0m [91m| [0m            give 0;
[34m12672 |[0m [91m| [0m        }
[34m12673 |[0m [91m| [0m
[34m12674 |[0m [91m| [0m        set result =
[34m12675 |[0m [91m| [0m            result * 10 + digit;
[34m12676 |[0m [91m| [0m
[34m12677 |[0m [91m| [0m        set index += 1;
[34m12678 |[0m [91m| [0m    }
[34m12679 |[0m [91m| [0m
[34m12680 |[0m [91m| [0m    if negative {
[34m12681 |[0m [91m| [0m        give -result;
[34m12682 |[0m [91m| [0m    }
[34m12683 |[0m [91m| [0m
[34m12684 |[0m [91m| [0m    give result;
[34m12685 |[0m [91m| [0m}
[34m12686 |[0m [91m| [0m
[34m12687 |[0m [91m| [0mproc power10(
[34m12688 |[0m [91m| [0m    exponent: i64
[34m12689 |[0m [91m| [0m) -> f64 {
[34m12690 |[0m [91m| [0m    let mut result: f64 = 1.0;
[34m12691 |[0m [91m| [0m
[34m12692 |[0m [91m| [0m    if exponent == 0 {
[34m12693 |[0m [91m| [0m        give result;
[34m12694 |[0m [91m| [0m    }
[34m12695 |[0m [91m| [0m
[34m12696 |[0m [91m| [0m    if exponent > 0 {
[34m12697 |[0m [91m| [0m        let mut index: i64 = 0;
[34m12698 |[0m [91m| [0m
[34m12699 |[0m [91m| [0m        while index <
[34m12700 |[0m [91m| [0m              exponent {
[34m12701 |[0m [91m| [0m            set result *= 10.0;
[34m12702 |[0m [91m| [0m            set index += 1;
[34m12703 |[0m [91m| [0m        }
[34m12704 |[0m [91m| [0m
[34m12705 |[0m [91m| [0m        give result;
[34m12706 |[0m [91m| [0m    }
[34m12707 |[0m [91m| [0m
[34m12708 |[0m [91m| [0m    let mut index: i64 = 0;
[34m12709 |[0m [91m| [0m
[34m12710 |[0m [91m| [0m    while index <
[34m12711 |[0m [91m| [0m          -exponent {
[34m12712 |[0m [91m| [0m        set result /= 10.0;
[34m12713 |[0m [91m| [0m        set index += 1;
[34m12714 |[0m [91m| [0m    }
[34m12715 |[0m [91m| [0m
[34m12716 |[0m [91m| [0m    give result;
[34m12717 |[0m [91m| [0m}
[34m12718 |[0m [91m| [0m
[34m12719 |[0m [91m| [0mproc parse_float_text(
[34m12720 |[0m [91m| [0m    text: string
[34m12721 |[0m [91m| [0m) -> f64 {
[34m12722 |[0m [91m| [0m    if text.length == 0 {
[34m12723 |[0m [91m| [0m        give 0.0;
[34m12724 |[0m [91m| [0m    }
[34m12725 |[0m [91m| [0m
[34m12726 |[0m [91m| [0m    let mut index: usize = 0;
[34m12727 |[0m [91m| [0m
[34m12728 |[0m [91m| [0m    let mut negative: bool =
[34m12729 |[0m [91m| [0m        false;
[34m12730 |[0m [91m| [0m
[34m12731 |[0m [91m| [0m    if text[0] == '-' {
[34m12732 |[0m [91m| [0m        set negative = true;
[34m12733 |[0m [91m| [0m        set index = 1;
[34m12734 |[0m [91m| [0m    }
[34m12735 |[0m [91m| [0m
[34m12736 |[0m [91m| [0m    let mut integer_part: f64 =
[34m12737 |[0m [91m| [0m        0.0;
[34m12738 |[0m [91m| [0m
[34m12739 |[0m [91m| [0m    while index <
[34m12740 |[0m [91m| [0m          text.length {
[34m12741 |[0m [91m| [0m        let value: char =
[34m12742 |[0m [91m| [0m            text[index];
[34m12743 |[0m [91m| [0m
[34m12744 |[0m [91m| [0m        if value == '.' ||
[34m12745 |[0m [91m| [0m           value == 'e' ||
[34m12746 |[0m [91m| [0m           value == 'E' {
[34m12747 |[0m [91m| [0m            break;
[34m12748 |[0m [91m| [0m        }
[34m12749 |[0m [91m| [0m
[34m12750 |[0m [91m| [0m        let digit: i64 =
[34m12751 |[0m [91m| [0m            digit_value(value);
[34m12752 |[0m [91m| [0m
[34m12753 |[0m [91m| [0m        if digit < 0 {
[34m12754 |[0m [91m| [0m            give 0.0;
[34m12755 |[0m [91m| [0m        }
[34m12756 |[0m [91m| [0m
[34m12757 |[0m [91m| [0m        set integer_part =
[34m12758 |[0m [91m| [0m            integer_part * 10.0 +
[34m12759 |[0m [91m| [0m            (digit as f64);
[34m12760 |[0m [91m| [0m
[34m12761 |[0m [91m| [0m        set index += 1;
[34m12762 |[0m [91m| [0m    }
[34m12763 |[0m [91m| [0m
[34m12764 |[0m [91m| [0m    let mut fraction_part: f64 =
[34m12765 |[0m [91m| [0m        0.0;
[34m12766 |[0m [91m| [0m
[34m12767 |[0m [91m| [0m    let mut fraction_scale: f64 =
[34m12768 |[0m [91m| [0m        0.1;
[34m12769 |[0m [91m| [0m
[34m12770 |[0m [91m| [0m    if index <
[34m12771 |[0m [91m| [0m           text.length &&
[34m12772 |[0m [91m| [0m       text[index] == '.' {
[34m12773 |[0m [91m| [0m        set index += 1;
[34m12774 |[0m [91m| [0m
[34m12775 |[0m [91m| [0m        while index <
[34m12776 |[0m [91m| [0m              text.length {
[34m12777 |[0m [91m| [0m            let value: char =
[34m12778 |[0m [91m| [0m                text[index];
[34m12779 |[0m [91m| [0m
[34m12780 |[0m [91m| [0m            if value == 'e' ||
[34m12781 |[0m [91m| [0m               value == 'E' {
[34m12782 |[0m [91m| [0m                break;
[34m12783 |[0m [91m| [0m            }
[34m12784 |[0m [91m| [0m
[34m12785 |[0m [91m| [0m            let digit: i64 =
[34m12786 |[0m [91m| [0m                digit_value(value);
[34m12787 |[0m [91m| [0m
[34m12788 |[0m [91m| [0m            if digit < 0 {
[34m12789 |[0m [91m| [0m                give 0.0;
[34m12790 |[0m [91m| [0m            }
[34m12791 |[0m [91m| [0m
[34m12792 |[0m [91m| [0m            set fraction_part +=
[34m12793 |[0m [91m| [0m                (digit as f64) *
[34m12794 |[0m [91m| [0m                fraction_scale;
[34m12795 |[0m [91m| [0m
[34m12796 |[0m [91m| [0m            set fraction_scale *=
[34m12797 |[0m [91m| [0m                0.1;
[34m12798 |[0m [91m| [0m
[34m12799 |[0m [91m| [0m            set index += 1;
[34m12800 |[0m [91m| [0m        }
[34m12801 |[0m [91m| [0m    }
[34m12802 |[0m [91m| [0m
[34m12803 |[0m [91m| [0m    let mut exponent: i64 = 0;
[34m12804 |[0m [91m| [0m
[34m12805 |[0m [91m| [0m    if index <
[34m12806 |[0m [91m| [0m           text.length &&
[34m12807 |[0m [91m| [0m       (text[index] == 'e' ||
[34m12808 |[0m [91m| [0m        text[index] == 'E') {
[34m12809 |[0m [91m| [0m        set index += 1;
[34m12810 |[0m [91m| [0m
[34m12811 |[0m [91m| [0m        let mut exponent_negative:
[34m12812 |[0m [91m| [0m            bool = false;
[34m12813 |[0m [91m| [0m
[34m12814 |[0m [91m| [0m        if index <
[34m12815 |[0m [91m| [0m           text.length {
[34m12816 |[0m [91m| [0m            if text[index] == '-' {
[34m12817 |[0m [91m| [0m                set exponent_negative =
[34m12818 |[0m [91m| [0m                    true;
[34m12819 |[0m [91m| [0m
[34m12820 |[0m [91m| [0m                set index += 1;
[34m12821 |[0m [91m| [0m            } else if text[index] == '+' {
[34m12822 |[0m [91m| [0m                set index += 1;
[34m12823 |[0m [91m| [0m            }
[34m12824 |[0m [91m| [0m        }
[34m12825 |[0m [91m| [0m
[34m12826 |[0m [91m| [0m        while index <
[34m12827 |[0m [91m| [0m              text.length {
[34m12828 |[0m [91m| [0m            let digit: i64 =
[34m12829 |[0m [91m| [0m                digit_value(
[34m12830 |[0m [91m| [0m                    text[index]);
[34m12831 |[0m [91m| [0m
[34m12832 |[0m [91m| [0m            if digit < 0 {
[34m12833 |[0m [91m| [0m                give 0.0;
[34m12834 |[0m [91m| [0m            }
[34m12835 |[0m [91m| [0m
[34m12836 |[0m [91m| [0m            set exponent =
[34m12837 |[0m [91m| [0m                exponent * 10 +
[34m12838 |[0m [91m| [0m                digit;
[34m12839 |[0m [91m| [0m
[34m12840 |[0m [91m| [0m            set index += 1;
[34m12841 |[0m [91m| [0m        }
[34m12842 |[0m [91m| [0m
[34m12843 |[0m [91m| [0m        if exponent_negative {
[34m12844 |[0m [91m| [0m            set exponent =
[34m12845 |[0m [91m| [0m                -exponent;
[34m12846 |[0m [91m| [0m        }
[34m12847 |[0m [91m| [0m    }
[34m12848 |[0m [91m| [0m
[34m12849 |[0m [91m| [0m    let mut result: f64 =
[34m12850 |[0m [91m| [0m        (integer_part +
[34m12851 |[0m [91m| [0m         fraction_part) *
[34m12852 |[0m [91m| [0m        power10(exponent);
[34m12853 |[0m [91m| [0m
[34m12854 |[0m [91m| [0m    if negative {
[34m12855 |[0m [91m| [0m        set result =
[34m12856 |[0m [91m| [0m            -result;
[34m12857 |[0m [91m| [0m    }
[34m12858 |[0m [91m| [0m
[34m12859 |[0m [91m| [0m    give result;
[34m12860 |[0m [91m| [0m}
[34m12861 |[0m [91m| [0m
[34m12862 |[0m [91m| [0m/// -------------------------------------------------------------------------
[34m12863 |[0m [91m| [0m/// Scalar parsing
[34m12864 |[0m [91m| [0m/// -------------------------------------------------------------------------
[34m12865 |[0m [91m| [0m
[34m12866 |[0m [91m| [0mproc parse_null_value(
[34m12867 |[0m [91m| [0m    parser: &JsonParserState
[34m12868 |[0m [91m| [0m) -> JsonValueParseResult {
[34m12869 |[0m [91m| [0m    let token: JsonToken =
[34m12870 |[0m [91m| [0m        current(parser);
[34m12871 |[0m [91m| [0m
[34m12872 |[0m [91m| [0m    if token.kind !=
[34m12873 |[0m [91m| [0m       JsonTokenKind.Null {
[34m12874 |[0m [91m| [0m        give JsonValueParseResult {
[34m12875 |[0m [91m| [0m            ok: false,
[34m12876 |[0m [91m| [0m
[34m12877 |[0m [91m| [0m            value: null_value(),
[34m12878 |[0m [91m| [0m
[34m12879 |[0m [91m| [0m            next: parser.cursor,
[34m12880 |[0m [91m| [0m
[34m12881 |[0m [91m| [0m            diagnostic_message:
[34m12882 |[0m [91m| [0m                "expected null",
[34m12883 |[0m [91m| [0m
[34m12884 |[0m [91m| [0m            diagnostic_span:
[34m12885 |[0m [91m| [0m                token.span,
[34m12886 |[0m [91m| [0m        };
[34m12887 |[0m [91m| [0m    }
[34m12888 |[0m [91m| [0m
[34m12889 |[0m [91m| [0m    give JsonValueParseResult {
[34m12890 |[0m [91m| [0m        ok: true,
[34m12891 |[0m [91m| [0m
[34m12892 |[0m [91m| [0m        value: null_value(),
[34m12893 |[0m [91m| [0m
[34m12894 |[0m [91m| [0m        next:
[34m12895 |[0m [91m| [0m            parser.cursor + 1,
[34m12896 |[0m [91m| [0m
[34m12897 |[0m [91m| [0m        diagnostic_message: "",
[34m12898 |[0m [91m| [0m
[34m12899 |[0m [91m| [0m        diagnostic_span:
[34m12900 |[0m [91m| [0m            token.span,
[34m12901 |[0m [91m| [0m    };
[34m12902 |[0m [91m| [0m}
[34m12903 |[0m [91m| [0m
[34m12904 |[0m [91m| [0mproc parse_boolean_value(
[34m12905 |[0m [91m| [0m    parser: &JsonParserState
[34m12906 |[0m [91m| [0m) -> JsonValueParseResult {
[34m12907 |[0m [91m| [0m    let token: JsonToken =
[34m12908 |[0m [91m| [0m        current(parser);
[34m12909 |[0m [91m| [0m
[34m12910 |[0m [91m| [0m    if token.kind ==
[34m12911 |[0m [91m| [0m       JsonTokenKind.True {
[34m12912 |[0m [91m| [0m        give JsonValueParseResult {
[34m12913 |[0m [91m| [0m            ok: true,
[34m12914 |[0m [91m| [0m
[34m12915 |[0m [91m| [0m            value:
[34m12916 |[0m [91m| [0m                boolean(true),
[34m12917 |[0m [91m| [0m
[34m12918 |[0m [91m| [0m            next:
[34m12919 |[0m [91m| [0m                parser.cursor + 1,
[34m12920 |[0m [91m| [0m
[34m12921 |[0m [91m| [0m            diagnostic_message: "",
[34m12922 |[0m [91m| [0m
[34m12923 |[0m [91m| [0m            diagnostic_span:
[34m12924 |[0m [91m| [0m                token.span,
[34m12925 |[0m [91m| [0m        };
[34m12926 |[0m [91m| [0m    }
[34m12927 |[0m [91m| [0m
[34m12928 |[0m [91m| [0m    if token.kind ==
[34m12929 |[0m [91m| [0m       JsonTokenKind.False {
[34m12930 |[0m [91m| [0m        give JsonValueParseResult {
[34m12931 |[0m [91m| [0m            ok: true,
[34m12932 |[0m [91m| [0m
[34m12933 |[0m [91m| [0m            value:
[34m12934 |[0m [91m| [0m                boolean(false),
[34m12935 |[0m [91m| [0m
[34m12936 |[0m [91m| [0m            next:
[34m12937 |[0m [91m| [0m                parser.cursor + 1,
[34m12938 |[0m [91m| [0m
[34m12939 |[0m [91m| [0m            diagnostic_message: "",
[34m12940 |[0m [91m| [0m
[34m12941 |[0m [91m| [0m            diagnostic_span:
[34m12942 |[0m [91m| [0m                token.span,
[34m12943 |[0m [91m| [0m        };
[34m12944 |[0m [91m| [0m    }
[34m12945 |[0m [91m| [0m
[34m12946 |[0m [91m| [0m    give JsonValueParseResult {
[34m12947 |[0m [91m| [0m        ok: false,
[34m12948 |[0m [91m| [0m
[34m12949 |[0m [91m| [0m        value: null_value(),
[34m12950 |[0m [91m| [0m
[34m12951 |[0m [91m| [0m        next: parser.cursor,
[34m12952 |[0m [91m| [0m
[34m12953 |[0m [91m| [0m        diagnostic_message:
[34m12954 |[0m [91m| [0m            "expected JSON boolean",
[34m12955 |[0m [91m| [0m
[34m12956 |[0m [91m| [0m        diagnostic_span:
[34m12957 |[0m [91m| [0m            token.span,
[34m12958 |[0m [91m| [0m    };
[34m12959 |[0m [91m| [0m}
[34m12960 |[0m [91m| [0m
[34m12961 |[0m [91m| [0mproc parse_number_value(
[34m12962 |[0m [91m| [0m    parser: &JsonParserState
[34m12963 |[0m [91m| [0m) -> JsonValueParseResult {
[34m12964 |[0m [91m| [0m    let token: JsonToken =
[34m12965 |[0m [91m| [0m        current(parser);
[34m12966 |[0m [91m| [0m
[34m12967 |[0m [91m| [0m    if token.kind !=
[34m12968 |[0m [91m| [0m       JsonTokenKind.Number {
[34m12969 |[0m [91m| [0m        give JsonValueParseResult {
[34m12970 |[0m [91m| [0m            ok: false,
[34m12971 |[0m [91m| [0m
[34m12972 |[0m [91m| [0m            value: null_value(),
[34m12973 |[0m [91m| [0m
[34m12974 |[0m [91m| [0m            next: parser.cursor,
[34m12975 |[0m [91m| [0m
[34m12976 |[0m [91m| [0m            diagnostic_message:
[34m12977 |[0m [91m| [0m                "expected JSON number",
[34m12978 |[0m [91m| [0m
[34m12979 |[0m [91m| [0m            diagnostic_span:
[34m12980 |[0m [91m| [0m                token.span,
[34m12981 |[0m [91m| [0m        };
[34m12982 |[0m [91m| [0m    }
[34m12983 |[0m [91m| [0m
[34m12984 |[0m [91m| [0m    if number_is_float(
[34m12985 |[0m [91m| [0m        token.value) {
[34m12986 |[0m [91m| [0m        give JsonValueParseResult {
[34m12987 |[0m [91m| [0m            ok: true,
[34m12988 |[0m [91m| [0m
[34m12989 |[0m [91m| [0m            value:
[34m12990 |[0m [91m| [0m                floating(
[34m12991 |[0m [91m| [0m                    parse_float_text(
[34m12992 |[0m [91m| [0m                        token.value)),
[34m12993 |[0m [91m| [0m
[34m12994 |[0m [91m| [0m            next:
[34m12995 |[0m [91m| [0m                parser.cursor + 1,
[34m12996 |[0m [91m| [0m
[34m12997 |[0m [91m| [0m            diagnostic_message: "",
[34m12998 |[0m [91m| [0m
[34m12999 |[0m [91m| [0m            diagnostic_span:
[34m13000 |[0m [91m| [0m                token.span,
[34m13001 |[0m [91m| [0m        };
[34m13002 |[0m [91m| [0m    }
[34m13003 |[0m [91m| [0m
[34m13004 |[0m [91m| [0m    give JsonValueParseResult {
[34m13005 |[0m [91m| [0m        ok: true,
[34m13006 |[0m [91m| [0m
[34m13007 |[0m [91m| [0m        value:
[34m13008 |[0m [91m| [0m            integer(
[34m13009 |[0m [91m| [0m                parse_integer_text(
[34m13010 |[0m [91m| [0m                    token.value)),
[34m13011 |[0m [91m| [0m
[34m13012 |[0m [91m| [0m        next:
[34m13013 |[0m [91m| [0m            parser.cursor + 1,
[34m13014 |[0m [91m| [0m
[34m13015 |[0m [91m| [0m        diagnostic_message: "",
[34m13016 |[0m [91m| [0m
[34m13017 |[0m [91m| [0m        diagnostic_span:
[34m13018 |[0m [91m| [0m            token.span,
[34m13019 |[0m [91m| [0m    };
[34m13020 |[0m [91m| [0m}
[34m13021 |[0m [91m| [0m
[34m13022 |[0m [91m| [0mproc parse_string_value(
[34m13023 |[0m [91m| [0m    parser: &JsonParserState
[34m13024 |[0m [91m| [0m) -> JsonValueParseResult {
[34m13025 |[0m [91m| [0m    let token: JsonToken =
[34m13026 |[0m [91m| [0m        current(parser);
[34m13027 |[0m [91m| [0m
[34m13028 |[0m [91m| [0m    if token.kind !=
[34m13029 |[0m [91m| [0m       JsonTokenKind.String {
[34m13030 |[0m [91m| [0m        give JsonValueParseResult {
[34m13031 |[0m [91m| [0m            ok: false,
[34m13032 |[0m [91m| [0m
[34m13033 |[0m [91m| [0m            value: null_value(),
[34m13034 |[0m [91m| [0m
[34m13035 |[0m [91m| [0m            next: parser.cursor,
[34m13036 |[0m [91m| [0m
[34m13037 |[0m [91m| [0m            diagnostic_message:
[34m13038 |[0m [91m| [0m                "expected JSON string",
[34m13039 |[0m [91m| [0m
[34m13040 |[0m [91m| [0m            diagnostic_span:
[34m13041 |[0m [91m| [0m                token.span,
[34m13042 |[0m [91m| [0m        };
[34m13043 |[0m [91m| [0m    }
[34m13044 |[0m [91m| [0m
[34m13045 |[0m [91m| [0m    give JsonValueParseResult {
[34m13046 |[0m [91m| [0m        ok: true,
[34m13047 |[0m [91m| [0m
[34m13048 |[0m [91m| [0m        value:
[34m13049 |[0m [91m| [0m            string(
[34m13050 |[0m [91m| [0m                token.value),
[34m13051 |[0m [91m| [0m
[34m13052 |[0m [91m| [0m        next:
[34m13053 |[0m [91m| [0m            parser.cursor + 1,
[34m13054 |[0m [91m| [0m
[34m13055 |[0m [91m| [0m        diagnostic_message: "",
[34m13056 |[0m [91m| [0m
[34m13057 |[0m [91m| [0m        diagnostic_span:
[34m13058 |[0m [91m| [0m            token.span,
[34m13059 |[0m [91m| [0m    };
[34m13060 |[0m [91m| [0m}
[34m13061 |[0m [91m| [0m
[34m13062 |[0m [91m| [0m/// -------------------------------------------------------------------------
[34m13063 |[0m [91m| [0m/// Recursive array parser
[34m13064 |[0m [91m| [0m/// -------------------------------------------------------------------------
[34m13065 |[0m [91m| [0m
[34m13066 |[0m [91m| [0mproc parse_array_value(
[34m13067 |[0m [91m| [0m    parser: &JsonParserState,
[34m13068 |[0m [91m| [0m    depth: usize
[34m13069 |[0m [91m| [0m) -> JsonValueParseResult {
[34m13070 |[0m [91m| [0m    let start_index: usize =
[34m13071 |[0m [91m| [0m        parser.cursor;
[34m13072 |[0m [91m| [0m
[34m13073 |[0m [91m| [0m    let open: JsonToken =
[34m13074 |[0m [91m| [0m        current(parser);
[34m13075 |[0m [91m| [0m
[34m13076 |[0m [91m| [0m    if open.kind !=
[34m13077 |[0m [91m| [0m       JsonTokenKind.LeftBracket {
[34m13078 |[0m [91m| [0m        give JsonValueParseResult {
[34m13079 |[0m [91m| [0m            ok: false,
[34m13080 |[0m [91m| [0m
[34m13081 |[0m [91m| [0m            value: null_value(),
[34m13082 |[0m [91m| [0m
[34m13083 |[0m [91m| [0m            next: start_index,
[34m13084 |[0m [91m| [0m
[34m13085 |[0m [91m| [0m            diagnostic_message:
[34m13086 |[0m [91m| [0m                "expected '['",
[34m13087 |[0m [91m| [0m
[34m13088 |[0m [91m| [0m            diagnostic_span:
[34m13089 |[0m [91m| [0m                open.span,
[34m13090 |[0m [91m| [0m        };
[34m13091 |[0m [91m| [0m    }
[34m13092 |[0m [91m| [0m
[34m13093 |[0m [91m| [0m    if depth >
[34m13094 |[0m [91m| [0m       parser.limits.max_depth {
[34m13095 |[0m [91m| [0m        give JsonValueParseResult {
[34m13096 |[0m [91m| [0m            ok: false,
[34m13097 |[0m [91m| [0m
[34m13098 |[0m [91m| [0m            value: null_value(),
[34m13099 |[0m [91m| [0m
[34m13100 |[0m [91m| [0m            next: start_index,
[34m13101 |[0m [91m| [0m
[34m13102 |[0m [91m| [0m            diagnostic_message:
[34m13103 |[0m [91m| [0m                "maximum JSON nesting depth exceeded",
[34m13104 |[0m [91m| [0m
[34m13105 |[0m [91m| [0m            diagnostic_span:
[34m13106 |[0m [91m| [0m                open.span,
[34m13107 |[0m [91m| [0m        };
[34m13108 |[0m [91m| [0m    }
[34m13109 |[0m [91m| [0m
[34m13110 |[0m [91m| [0m    let mut cursor: usize =
[34m13111 |[0m [91m| [0m        start_index + 1;
[34m13112 |[0m [91m| [0m
[34m13113 |[0m [91m| [0m    let mut values:
[34m13114 |[0m [91m| [0m        [JsonValue] =
[34m13115 |[0m [91m| [0m            [];
[34m13116 |[0m [91m| [0m
[34m13117 |[0m [91m| [0m    let mut element_count:
[34m13118 |[0m [91m| [0m        usize = 0;
[34m13119 |[0m [91m| [0m
[34m13120 |[0m [91m| [0m    if cursor >=
[34m13121 |[0m [91m| [0m       parser.tokens.length {
[34m13122 |[0m [91m| [0m        give JsonValueParseResult {
[34m13123 |[0m [91m| [0m            ok: false,
[34m13124 |[0m [91m| [0m
[34m13125 |[0m [91m| [0m            value: null_value(),
[34m13126 |[0m [91m| [0m
[34m13127 |[0m [91m| [0m            next: cursor,
[34m13128 |[0m [91m| [0m
[34m13129 |[0m [91m| [0m            diagnostic_message:
[34m13130 |[0m [91m| [0m                "unterminated JSON array",
[34m13131 |[0m [91m| [0m
[34m13132 |[0m [91m| [0m            diagnostic_span:
[34m13133 |[0m [91m| [0m                open.span,
[34m13134 |[0m [91m| [0m        };
[34m13135 |[0m [91m| [0m    }
[34m13136 |[0m [91m| [0m
[34m13137 |[0m [91m| [0m    if parser.tokens[cursor].kind ==
[34m13138 |[0m [91m| [0m       JsonTokenKind.RightBracket {
[34m13139 |[0m [91m| [0m        let close: JsonToken =
[34m13140 |[0m [91m| [0m            parser.tokens[cursor];
[34m13141 |[0m [91m| [0m
[34m13142 |[0m [91m| [0m        let mut result:
[34m13143 |[0m [91m| [0m            JsonValue =
[34m13144 |[0m [91m| [0m                array(values);
[34m13145 |[0m [91m| [0m
[34m13146 |[0m [91m| [0m        set result.span =
[34m13147 |[0m [91m| [0m            span(
[34m13148 |[0m [91m| [0m                open.span.start,
[34m13149 |[0m [91m| [0m                close.span.end);
[34m13150 |[0m [91m| [0m
[34m13151 |[0m [91m| [0m        give JsonValueParseResult {
[34m13152 |[0m [91m| [0m            ok: true,
[34m13153 |[0m [91m| [0m
[34m13154 |[0m [91m| [0m            value: result,
[34m13155 |[0m [91m| [0m
[34m13156 |[0m [91m| [0m            next: cursor + 1,
[34m13157 |[0m [91m| [0m
[34m13158 |[0m [91m| [0m            diagnostic_message: "",
[34m13159 |[0m [91m| [0m
[34m13160 |[0m [91m| [0m            diagnostic_span:
[34m13161 |[0m [91m| [0m                result.span,
[34m13162 |[0m [91m| [0m        };
[34m13163 |[0m [91m| [0m    }
[34m13164 |[0m [91m| [0m
[34m13165 |[0m [91m| [0m    while true {
[34m13166 |[0m [91m| [0m        if cursor >=
[34m13167 |[0m [91m| [0m           parser.tokens.length {
[34m13168 |[0m [91m| [0m            give JsonValueParseResult {
[34m13169 |[0m [91m| [0m                ok: false,
[34m13170 |[0m [91m| [0m
[34m13171 |[0m [91m| [0m                value: null_value(),
[34m13172 |[0m [91m| [0m
[34m13173 |[0m [91m| [0m                next: cursor,
[34m13174 |[0m [91m| [0m
[34m13175 |[0m [91m| [0m                diagnostic_message:
[34m13176 |[0m [91m| [0m                    "unterminated JSON array",
[34m13177 |[0m [91m| [0m
[34m13178 |[0m [91m| [0m                diagnostic_span:
[34m13179 |[0m [91m| [0m                    open.span,
[34m13180 |[0m [91m| [0m            };
[34m13181 |[0m [91m| [0m        }
[34m13182 |[0m [91m| [0m
[34m13183 |[0m [91m| [0m        let current_token:
[34m13184 |[0m [91m| [0m            JsonToken =
[34m13185 |[0m [91m| [0m                parser.tokens[cursor];
[34m13186 |[0m [91m| [0m
[34m13187 |[0m [91m| [0m        if current_token.kind ==
[34m13188 |[0m [91m| [0m           JsonTokenKind.End {
[34m13189 |[0m [91m| [0m            give JsonValueParseResult {
[34m13190 |[0m [91m| [0m                ok: false,
[34m13191 |[0m [91m| [0m
[34m13192 |[0m [91m| [0m                value: null_value(),
[34m13193 |[0m [91m| [0m
[34m13194 |[0m [91m| [0m                next: cursor,
[34m13195 |[0m [91m| [0m
[34m13196 |[0m [91m| [0m                diagnostic_message:
[34m13197 |[0m [91m| [0m                    "unterminated JSON array",
[34m13198 |[0m [91m| [0m
[34m13199 |[0m [91m| [0m                diagnostic_span:
[34m13200 |[0m [91m| [0m                    current_token.span,
[34m13201 |[0m [91m| [0m            };
[34m13202 |[0m [91m| [0m        }
[34m13203 |[0m [91m| [0m
[34m13204 |[0m [91m| [0m        if current_token.kind ==
[34m13205 |[0m [91m| [0m           JsonTokenKind.RightBracket {
[34m13206 |[0m [91m| [0m            give JsonValueParseResult {
[34m13207 |[0m [91m| [0m                ok: false,
[34m13208 |[0m [91m| [0m
[34m13209 |[0m [91m| [0m                value: null_value(),
[34m13210 |[0m [91m| [0m
[34m13211 |[0m [91m| [0m                next: cursor,
[34m13212 |[0m [91m| [0m
[34m13213 |[0m [91m| [0m                diagnostic_message:
[34m13214 |[0m [91m| [0m                    "expected JSON array value",
[34m13215 |[0m [91m| [0m
[34m13216 |[0m [91m| [0m                diagnostic_span:
[34m13217 |[0m [91m| [0m                    current_token.span,
[34m13218 |[0m [91m| [0m            };
[34m13219 |[0m [91m| [0m        }
[34m13220 |[0m [91m| [0m
[34m13221 |[0m [91m| [0m        if current_token.kind ==
[34m13222 |[0m [91m| [0m           JsonTokenKind.Comma {
[34m13223 |[0m [91m| [0m            give JsonValueParseResult {
[34m13224 |[0m [91m| [0m                ok: false,
[34m13225 |[0m [91m| [0m
[34m13226 |[0m [91m| [0m                value: null_value(),
[34m13227 |[0m [91m| [0m
[34m13228 |[0m [91m| [0m                next: cursor,
[34m13229 |[0m [91m| [0m
[34m13230 |[0m [91m| [0m                diagnostic_message:
[34m13231 |[0m [91m| [0m                    "expected JSON array value before ','",
[34m13232 |[0m [91m| [0m
[34m13233 |[0m [91m| [0m                diagnostic_span:
[34m13234 |[0m [91m| [0m                    current_token.span,
[34m13235 |[0m [91m| [0m            };
[34m13236 |[0m [91m| [0m        }
[34m13237 |[0m [91m| [0m
[34m13238 |[0m [91m| [0m        if element_count >=
[34m13239 |[0m [91m| [0m           parser.limits.max_array_elements {
[34m13240 |[0m [91m| [0m            give JsonValueParseResult {
[34m13241 |[0m [91m| [0m                ok: false,
[34m13242 |[0m [91m| [0m
[34m13243 |[0m [91m| [0m                value: null_value(),
[34m13244 |[0m [91m| [0m
[34m13245 |[0m [91m| [0m                next: cursor,
[34m13246 |[0m [91m| [0m
[34m13247 |[0m [91m| [0m                diagnostic_message:
[34m13248 |[0m [91m| [0m                    "maximum JSON array element count exceeded",
[34m13249 |[0m [91m| [0m
[34m13250 |[0m [91m| [0m                diagnostic_span:
[34m13251 |[0m [91m| [0m                    current_token.span,
[34m13252 |[0m [91m| [0m            };
[34m13253 |[0m [91m| [0m        }
[34m13254 |[0m [91m| [0m
[34m13255 |[0m [91m| [0m        let parsed:
[34m13256 |[0m [91m| [0m            JsonValueParseResult =
[34m13257 |[0m [91m| [0m                parse_json_value_with_limits(
[34m13258 |[0m [91m| [0m                    parser.tokens,
[34m13259 |[0m [91m| [0m                    cursor,
[34m13260 |[0m [91m| [0m                    depth,
[34m13261 |[0m [91m| [0m                    parser.limits);
[34m13262 |[0m [91m| [0m
[34m13263 |[0m [91m| [0m        if !parsed.ok {
[34m13264 |[0m [91m| [0m            give parsed;
[34m13265 |[0m [91m| [0m        }
[34m13266 |[0m [91m| [0m
[34m13267 |[0m [91m| [0m        if parsed.next <=
[34m13268 |[0m [91m| [0m           cursor {
[34m13269 |[0m [91m| [0m            give JsonValueParseResult {
[34m13270 |[0m [91m| [0m                ok: false,
[34m13271 |[0m [91m| [0m
[34m13272 |[0m [91m| [0m                value: null_value(),
[34m13273 |[0m [91m| [0m
[34m13274 |[0m [91m| [0m                next: cursor,
[34m13275 |[0m [91m| [0m
[34m13276 |[0m [91m| [0m                diagnostic_message:
[34m13277 |[0m [91m| [0m                    "JSON parser made no progress while parsing array element",
[34m13278 |[0m [91m| [0m
[34m13279 |[0m [91m| [0m                diagnostic_span:
[34m13280 |[0m [91m| [0m                    current_token.span,
[34m13281 |[0m [91m| [0m            };
[34m13282 |[0m [91m| [0m        }
[34m13283 |[0m [91m| [0m
[34m13284 |[0m [91m| [0m        set values.push(
[34m13285 |[0m [91m| [0m            parsed.value);
[34m13286 |[0m [91m| [0m
[34m13287 |[0m [91m| [0m        set element_count += 1;
[34m13288 |[0m [91m| [0m
[34m13289 |[0m [91m| [0m        set cursor =
[34m13290 |[0m [91m| [0m            parsed.next;
[34m13291 |[0m [91m| [0m
[34m13292 |[0m [91m| [0m        if cursor >=
[34m13293 |[0m [91m| [0m           parser.tokens.length {
[34m13294 |[0m [91m| [0m            give JsonValueParseResult {
[34m13295 |[0m [91m| [0m                ok: false,
[34m13296 |[0m [91m| [0m
[34m13297 |[0m [91m| [0m                value: null_value(),
[34m13298 |[0m [91m| [0m
[34m13299 |[0m [91m| [0m                next: cursor,
[34m13300 |[0m [91m| [0m
[34m13301 |[0m [91m| [0m                diagnostic_message:
[34m13302 |[0m [91m| [0m                    "unterminated JSON array",
[34m13303 |[0m [91m| [0m
[34m13304 |[0m [91m| [0m                diagnostic_span:
[34m13305 |[0m [91m| [0m                    open.span,
[34m13306 |[0m [91m| [0m            };
[34m13307 |[0m [91m| [0m        }
[34m13308 |[0m [91m| [0m
[34m13309 |[0m [91m| [0m        let separator:
[34m13310 |[0m [91m| [0m            JsonToken =
[34m13311 |[0m [91m| [0m                parser.tokens[cursor];
[34m13312 |[0m [91m| [0m
[34m13313 |[0m [91m| [0m        if separator.kind ==
[34m13314 |[0m [91m| [0m           JsonTokenKind.RightBracket {
[34m13315 |[0m [91m| [0m            let mut result:
[34m13316 |[0m [91m| [0m                JsonValue =
[34m13317 |[0m [91m| [0m                    array(values);
[34m13318 |[0m [91m| [0m
[34m13319 |[0m [91m| [0m            set result.span =
[34m13320 |[0m [91m| [0m                span(
[34m13321 |[0m [91m| [0m                    open.span.start,
[34m13322 |[0m [91m| [0m                    separator.span.end);
[34m13323 |[0m [91m| [0m
[34m13324 |[0m [91m| [0m            give JsonValueParseResult {
[34m13325 |[0m [91m| [0m                ok: true,
[34m13326 |[0m [91m| [0m
[34m13327 |[0m [91m| [0m                value: result,
[34m13328 |[0m [91m| [0m
[34m13329 |[0m [91m| [0m                next: cursor + 1,
[34m13330 |[0m [91m| [0m
[34m13331 |[0m [91m| [0m                diagnostic_message: "",
[34m13332 |[0m [91m| [0m
[34m13333 |[0m [91m| [0m                diagnostic_span:
[34m13334 |[0m [91m| [0m                    result.span,
[34m13335 |[0m [91m| [0m            };
[34m13336 |[0m [91m| [0m        }
[34m13337 |[0m [91m| [0m
[34m13338 |[0m [91m| [0m        if separator.kind ==
[34m13339 |[0m [91m| [0m           JsonTokenKind.End {
[34m13340 |[0m [91m| [0m            give JsonValueParseResult {
[34m13341 |[0m [91m| [0m                ok: false,
[34m13342 |[0m [91m| [0m
[34m13343 |[0m [91m| [0m                value: null_value(),
[34m13344 |[0m [91m| [0m
[34m13345 |[0m [91m| [0m                next: cursor,
[34m13346 |[0m [91m| [0m
[34m13347 |[0m [91m| [0m                diagnostic_message:
[34m13348 |[0m [91m| [0m                    "unterminated JSON array",
[34m13349 |[0m [91m| [0m
[34m13350 |[0m [91m| [0m                diagnostic_span:
[34m13351 |[0m [91m| [0m                    separator.span,
[34m13352 |[0m [91m| [0m            };
[34m13353 |[0m [91m| [0m        }
[34m13354 |[0m [91m| [0m
[34m13355 |[0m [91m| [0m        if separator.kind !=
[34m13356 |[0m [91m| [0m           JsonTokenKind.Comma {
[34m13357 |[0m [91m| [0m            give JsonValueParseResult {
[34m13358 |[0m [91m| [0m                ok: false,
[34m13359 |[0m [91m| [0m
[34m13360 |[0m [91m| [0m                value: null_value(),
[34m13361 |[0m [91m| [0m
[34m13362 |[0m [91m| [0m                next: cursor,
[34m13363 |[0m [91m| [0m
[34m13364 |[0m [91m| [0m                diagnostic_message:
[34m13365 |[0m [91m| [0m                    "expected ',' or ']' after JSON array element",
[34m13366 |[0m [91m| [0m
[34m13367 |[0m [91m| [0m                diagnostic_span:
[34m13368 |[0m [91m| [0m                    separator.span,
[34m13369 |[0m [91m| [0m            };
[34m13370 |[0m [91m| [0m        }
[34m13371 |[0m [91m| [0m
[34m13372 |[0m [91m| [0m        set cursor += 1;
[34m13373 |[0m [91m| [0m
[34m13374 |[0m [91m| [0m        if cursor >=
[34m13375 |[0m [91m| [0m           parser.tokens.length {
[34m13376 |[0m [91m| [0m            give JsonValueParseResult {
[34m13377 |[0m [91m| [0m                ok: false,
[34m13378 |[0m [91m| [0m
[34m13379 |[0m [91m| [0m                value: null_value(),
[34m13380 |[0m [91m| [0m
[34m13381 |[0m [91m| [0m                next: cursor,
[34m13382 |[0m [91m| [0m
[34m13383 |[0m [91m| [0m                diagnostic_message:
[34m13384 |[0m [91m| [0m                    "unterminated JSON array after ','",
[34m13385 |[0m [91m| [0m
[34m13386 |[0m [91m| [0m                diagnostic_span:
[34m13387 |[0m [91m| [0m                    separator.span,
[34m13388 |[0m [91m| [0m            };
[34m13389 |[0m [91m| [0m        }
[34m13390 |[0m [91m| [0m
[34m13391 |[0m [91m| [0m        if parser.tokens[cursor].kind ==
[34m13392 |[0m [91m| [0m           JsonTokenKind.RightBracket {
[34m13393 |[0m [91m| [0m            give JsonValueParseResult {
[34m13394 |[0m [91m| [0m                ok: false,
[34m13395 |[0m [91m| [0m
[34m13396 |[0m [91m| [0m                value: null_value(),
[34m13397 |[0m [91m| [0m
[34m13398 |[0m [91m| [0m                next: cursor,
[34m13399 |[0m [91m| [0m
[34m13400 |[0m [91m| [0m                diagnostic_message:
[34m13401 |[0m [91m| [0m                    "trailing comma in JSON array",
[34m13402 |[0m [91m| [0m
[34m13403 |[0m [91m| [0m                diagnostic_span:
[34m13404 |[0m [91m| [0m                    separator.span,
[34m13405 |[0m [91m| [0m            };
[34m13406 |[0m [91m| [0m        }
[34m13407 |[0m [91m| [0m
[34m13408 |[0m [91m| [0m        if parser.tokens[cursor].kind ==
[34m13409 |[0m [91m| [0m           JsonTokenKind.End {
[34m13410 |[0m [91m| [0m            give JsonValueParseResult {
[34m13411 |[0m [91m| [0m                ok: false,
[34m13412 |[0m [91m| [0m
[34m13413 |[0m [91m| [0m                value: null_value(),
[34m13414 |[0m [91m| [0m
[34m13415 |[0m [91m| [0m                next: cursor,
[34m13416 |[0m [91m| [0m
[34m13417 |[0m [91m| [0m                diagnostic_message:
[34m13418 |[0m [91m| [0m                    "unterminated JSON array after ','",
[34m13419 |[0m [91m| [0m
[34m13420 |[0m [91m| [0m                diagnostic_span:
[34m13421 |[0m [91m| [0m                    parser.tokens[cursor].span,
[34m13422 |[0m [91m| [0m            };
[34m13423 |[0m [91m| [0m        }
[34m13424 |[0m [91m| [0m    }
[34m13425 |[0m [91m| [0m
[34m13426 |[0m [91m| [0m    give JsonValueParseResult {
[34m13427 |[0m [91m| [0m        ok: false,
[34m13428 |[0m [91m| [0m
[34m13429 |[0m [91m| [0m        value: null_value(),
[34m13430 |[0m [91m| [0m
[34m13431 |[0m [91m| [0m        next: cursor,
[34m13432 |[0m [91m| [0m
[34m13433 |[0m [91m| [0m        diagnostic_message:
[34m13434 |[0m [91m| [0m            "internal JSON array parser error",
[34m13435 |[0m [91m| [0m
[34m13436 |[0m [91m| [0m        diagnostic_span:
[34m13437 |[0m [91m| [0m            open.span,
[34m13438 |[0m [91m| [0m    };
[34m13439 |[0m [91m| [0m}
[34m13440 |[0m [91m| [0m
[34m13441 |[0m [91m| [0m/// -------------------------------------------------------------------------
[34m13442 |[0m [91m| [0m/// Object helpers
[34m13443 |[0m [91m| [0m/// -------------------------------------------------------------------------
[34m13444 |[0m [91m| [0m
[34m13445 |[0m [91m| [0mproc object_find_key(
[34m13446 |[0m [91m| [0m    members: [JsonMember],
[34m13447 |[0m [91m| [0m    key: string
[34m13448 |[0m [91m| [0m) -> usize {
[34m13449 |[0m [91m| [0m    let mut index: usize = 0;
[34m13450 |[0m [91m| [0m
[34m13451 |[0m [91m| [0m    while index <
[34m13452 |[0m [91m| [0m          members.length {
[34m13453 |[0m [91m| [0m        if members[index].key ==
[34m13454 |[0m [91m| [0m           key {
[34m13455 |[0m [91m| [0m            give index;
[34m13456 |[0m [91m| [0m        }
[34m13457 |[0m [91m| [0m
[34m13458 |[0m [91m| [0m        set index += 1;
[34m13459 |[0m [91m| [0m    }
[34m13460 |[0m [91m| [0m
[34m13461 |[0m [91m| [0m    give members.length;
[34m13462 |[0m [91m| [0m}
[34m13463 |[0m [91m| [0m
[34m13464 |[0m [91m| [0mproc object_has_key(
[34m13465 |[0m [91m| [0m    members: [JsonMember],
[34m13466 |[0m [91m| [0m    key: string
[34m13467 |[0m [91m| [0m) -> bool {
[34m13468 |[0m [91m| [0m    give object_find_key(
[34m13469 |[0m [91m| [0m        members,
[34m13470 |[0m [91m| [0m        key) <
[34m13471 |[0m [91m| [0m            members.length;
[34m13472 |[0m [91m| [0m}
[34m13473 |[0m [91m| [0m
[34m13474 |[0m [91m| [0m/// -------------------------------------------------------------------------
[34m13475 |[0m [91m| [0m/// Recursive object parser
[34m13476 |[0m [91m| [0m/// -------------------------------------------------------------------------
[34m13477 |[0m [91m| [0m
[34m13478 |[0m [91m| [0mproc parse_object_value(
[34m13479 |[0m [91m| [0m    parser: &JsonParserState,
[34m13480 |[0m [91m| [0m    depth: usize
[34m13481 |[0m [91m| [0m) -> JsonValueParseResult {
[34m13482 |[0m [91m| [0m    let start_index: usize =
[34m13483 |[0m [91m| [0m        parser.cursor;
[34m13484 |[0m [91m| [0m
[34m13485 |[0m [91m| [0m    let open: JsonToken =
[34m13486 |[0m [91m| [0m        current(parser);
[34m13487 |[0m [91m| [0m
[34m13488 |[0m [91m| [0m    if open.kind !=
[34m13489 |[0m [91m| [0m       JsonTokenKind.LeftBrace {
[34m13490 |[0m [91m| [0m        give JsonValueParseResult {
[34m13491 |[0m [91m| [0m            ok: false,
[34m13492 |[0m [91m| [0m
[34m13493 |[0m [91m| [0m            value: null_value(),
[34m13494 |[0m [91m| [0m
[34m13495 |[0m [91m| [0m            next: start_index,
[34m13496 |[0m [91m| [0m
[34m13497 |[0m [91m| [0m            diagnostic_message:
[34m13498 |[0m [91m| [0m                "expected '{'",
[34m13499 |[0m [91m| [0m
[34m13500 |[0m [91m| [0m            diagnostic_span:
[34m13501 |[0m [91m| [0m                open.span,
[34m13502 |[0m [91m| [0m        };
[34m13503 |[0m [91m| [0m    }
[34m13504 |[0m [91m| [0m
[34m13505 |[0m [91m| [0m    if depth >
[34m13506 |[0m [91m| [0m       parser.limits.max_depth {
[34m13507 |[0m [91m| [0m        give JsonValueParseResult {
[34m13508 |[0m [91m| [0m            ok: false,
[34m13509 |[0m [91m| [0m
[34m13510 |[0m [91m| [0m            value: null_value(),
[34m13511 |[0m [91m| [0m
[34m13512 |[0m [91m| [0m            next: start_index,
[34m13513 |[0m [91m| [0m
[34m13514 |[0m [91m| [0m            diagnostic_message:
[34m13515 |[0m [91m| [0m                "maximum JSON nesting depth exceeded",
[34m13516 |[0m [91m| [0m
[34m13517 |[0m [91m| [0m            diagnostic_span:
[34m13518 |[0m [91m| [0m                open.span,
[34m13519 |[0m [91m| [0m        };
[34m13520 |[0m [91m| [0m    }
[34m13521 |[0m [91m| [0m
[34m13522 |[0m [91m| [0m    let mut cursor: usize =
[34m13523 |[0m [91m| [0m        start_index + 1;
[34m13524 |[0m [91m| [0m
[34m13525 |[0m [91m| [0m    let mut members:
[34m13526 |[0m [91m| [0m        [JsonMember] =
[34m13527 |[0m [91m| [0m            [];
[34m13528 |[0m [91m| [0m
[34m13529 |[0m [91m| [0m    let mut parsed_member_count:
[34m13530 |[0m [91m| [0m        usize = 0;
[34m13531 |[0m [91m| [0m
[34m13532 |[0m [91m| [0m    if cursor >=
[34m13533 |[0m [91m| [0m       parser.tokens.length {
[34m13534 |[0m [91m| [0m        give JsonValueParseResult {
[34m13535 |[0m [91m| [0m            ok: false,
[34m13536 |[0m [91m| [0m
[34m13537 |[0m [91m| [0m            value: null_value(),
[34m13538 |[0m [91m| [0m
[34m13539 |[0m [91m| [0m            next: cursor,
[34m13540 |[0m [91m| [0m
[34m13541 |[0m [91m| [0m            diagnostic_message:
[34m13542 |[0m [91m| [0m                "unterminated JSON object",
[34m13543 |[0m [91m| [0m
[34m13544 |[0m [91m| [0m            diagnostic_span:
[34m13545 |[0m [91m| [0m                open.span,
[34m13546 |[0m [91m| [0m        };
[34m13547 |[0m [91m| [0m    }
[34m13548 |[0m [91m| [0m
[34m13549 |[0m [91m| [0m    if parser.tokens[cursor].kind ==
[34m13550 |[0m [91m| [0m       JsonTokenKind.RightBrace {
[34m13551 |[0m [91m| [0m        let close: JsonToken =
[34m13552 |[0m [91m| [0m            parser.tokens[cursor];
[34m13553 |[0m [91m| [0m
[34m13554 |[0m [91m| [0m        let mut result:
[34m13555 |[0m [91m| [0m            JsonValue =
[34m13556 |[0m [91m| [0m                object(members);
[34m13557 |[0m [91m| [0m
[34m13558 |[0m [91m| [0m        set result.span =
[34m13559 |[0m [91m| [0m            span(
[34m13560 |[0m [91m| [0m                open.span.start,
[34m13561 |[0m [91m| [0m                close.span.end);
[34m13562 |[0m [91m| [0m
[34m13563 |[0m [91m| [0m        give JsonValueParseResult {
[34m13564 |[0m [91m| [0m            ok: true,
[34m13565 |[0m [91m| [0m
[34m13566 |[0m [91m| [0m            value: result,
[34m13567 |[0m [91m| [0m
[34m13568 |[0m [91m| [0m            next: cursor + 1,
[34m13569 |[0m [91m| [0m
[34m13570 |[0m [91m| [0m            diagnostic_message: "",
[34m13571 |[0m [91m| [0m
[34m13572 |[0m [91m| [0m            diagnostic_span:
[34m13573 |[0m [91m| [0m                result.span,
[34m13574 |[0m [91m| [0m        };
[34m13575 |[0m [91m| [0m    }
[34m13576 |[0m [91m| [0m
[34m13577 |[0m [91m| [0m    while true {
[34m13578 |[0m [91m| [0m        if cursor >=
[34m13579 |[0m [91m| [0m           parser.tokens.length {
[34m13580 |[0m [91m| [0m            give JsonValueParseResult {
[34m13581 |[0m [91m| [0m                ok: false,
[34m13582 |[0m [91m| [0m
[34m13583 |[0m [91m| [0m                value: null_value(),
[34m13584 |[0m [91m| [0m
[34m13585 |[0m [91m| [0m                next: cursor,
[34m13586 |[0m [91m| [0m
[34m13587 |[0m [91m| [0m                diagnostic_message:
[34m13588 |[0m [91m| [0m                    "unterminated JSON object",
[34m13589 |[0m [91m| [0m
[34m13590 |[0m [91m| [0m                diagnostic_span:
[34m13591 |[0m [91m| [0m                    open.span,
[34m13592 |[0m [91m| [0m            };
[34m13593 |[0m [91m| [0m        }
[34m13594 |[0m [91m| [0m
[34m13595 |[0m [91m| [0m        let key_token:
[34m13596 |[0m [91m| [0m            JsonToken =
[34m13597 |[0m [91m| [0m                parser.tokens[cursor];
[34m13598 |[0m [91m| [0m
[34m13599 |[0m [91m| [0m        if key_token.kind ==
[34m13600 |[0m [91m| [0m           JsonTokenKind.End {
[34m13601 |[0m [91m| [0m            give JsonValueParseResult {
[34m13602 |[0m [91m| [0m                ok: false,
[34m13603 |[0m [91m| [0m
[34m13604 |[0m [91m| [0m                value: null_value(),
[34m13605 |[0m [91m| [0m
[34m13606 |[0m [91m| [0m                next: cursor,
[34m13607 |[0m [91m| [0m
[34m13608 |[0m [91m| [0m                diagnostic_message:
[34m13609 |[0m [91m| [0m                    "unterminated JSON object",
[34m13610 |[0m [91m| [0m
[34m13611 |[0m [91m| [0m                diagnostic_span:
[34m13612 |[0m [91m| [0m                    key_token.span,
[34m13613 |[0m [91m| [0m            };
[34m13614 |[0m [91m| [0m        }
[34m13615 |[0m [91m| [0m
[34m13616 |[0m [91m| [0m        if key_token.kind ==
[34m13617 |[0m [91m| [0m           JsonTokenKind.RightBrace {
[34m13618 |[0m [91m| [0m            give JsonValueParseResult {
[34m13619 |[0m [91m| [0m                ok: false,
[34m13620 |[0m [91m| [0m
[34m13621 |[0m [91m| [0m                value: null_value(),
[34m13622 |[0m [91m| [0m
[34m13623 |[0m [91m| [0m                next: cursor,
[34m13624 |[0m [91m| [0m
[34m13625 |[0m [91m| [0m                diagnostic_message:
[34m13626 |[0m [91m| [0m                    "expected JSON object member name",
[34m13627 |[0m [91m| [0m
[34m13628 |[0m [91m| [0m                diagnostic_span:
[34m13629 |[0m [91m| [0m                    key_token.span,
[34m13630 |[0m [91m| [0m            };
[34m13631 |[0m [91m| [0m        }
[34m13632 |[0m [91m| [0m
[34m13633 |[0m [91m| [0m        if key_token.kind ==
[34m13634 |[0m [91m| [0m           JsonTokenKind.Comma {
[34m13635 |[0m [91m| [0m            give JsonValueParseResult {
[34m13636 |[0m [91m| [0m                ok: false,
[34m13637 |[0m [91m| [0m
[34m13638 |[0m [91m| [0m                value: null_value(),
[34m13639 |[0m [91m| [0m
[34m13640 |[0m [91m| [0m                next: cursor,
[34m13641 |[0m [91m| [0m
[34m13642 |[0m [91m| [0m                diagnostic_message:
[34m13643 |[0m [91m| [0m                    "expected JSON object member name before ','",
[34m13644 |[0m [91m| [0m
[34m13645 |[0m [91m| [0m                diagnostic_span:
[34m13646 |[0m [91m| [0m                    key_token.span,
[34m13647 |[0m [91m| [0m            };
[34m13648 |[0m [91m| [0m        }
[34m13649 |[0m [91m| [0m
[34m13650 |[0m [91m| [0m        if key_token.kind !=
[34m13651 |[0m [91m| [0m           JsonTokenKind.String {
[34m13652 |[0m [91m| [0m            give JsonValueParseResult {
[34m13653 |[0m [91m| [0m                ok: false,
[34m13654 |[0m [91m| [0m
[34m13655 |[0m [91m| [0m                value: null_value(),
[34m13656 |[0m [91m| [0m
[34m13657 |[0m [91m| [0m                next: cursor,
[34m13658 |[0m [91m| [0m
[34m13659 |[0m [91m| [0m                diagnostic_message:
[34m13660 |[0m [91m| [0m                    "JSON object member name must be a string",
[34m13661 |[0m [91m| [0m
[34m13662 |[0m [91m| [0m                diagnostic_span:
[34m13663 |[0m [91m| [0m                    key_token.span,
[34m13664 |[0m [91m| [0m            };
[34m13665 |[0m [91m| [0m        }
[34m13666 |[0m [91m| [0m
[34m13667 |[0m [91m| [0m        let key: string =
[34m13668 |[0m [91m| [0m            key_token.value;
[34m13669 |[0m [91m| [0m
[34m13670 |[0m [91m| [0m        if key.length >
[34m13671 |[0m [91m| [0m           parser.limits.max_key_length {
[34m13672 |[0m [91m| [0m            give JsonValueParseResult {
[34m13673 |[0m [91m| [0m                ok: false,
[34m13674 |[0m [91m| [0m
[34m13675 |[0m [91m| [0m                value: null_value(),
[34m13676 |[0m [91m| [0m
[34m13677 |[0m [91m| [0m                next: cursor,
[34m13678 |[0m [91m| [0m
[34m13679 |[0m [91m| [0m                diagnostic_message:
[34m13680 |[0m [91m| [0m                    "maximum JSON object key length exceeded",
[34m13681 |[0m [91m| [0m
[34m13682 |[0m [91m| [0m                diagnostic_span:
[34m13683 |[0m [91m| [0m                    key_token.span,
[34m13684 |[0m [91m| [0m            };
[34m13685 |[0m [91m| [0m        }
[34m13686 |[0m [91m| [0m
[34m13687 |[0m [91m| [0m        if parsed_member_count >=
[34m13688 |[0m [91m| [0m           parser.limits.max_object_members {
[34m13689 |[0m [91m| [0m            give JsonValueParseResult {
[34m13690 |[0m [91m| [0m                ok: false,
[34m13691 |[0m [91m| [0m
[34m13692 |[0m [91m| [0m                value: null_value(),
[34m13693 |[0m [91m| [0m
[34m13694 |[0m [91m| [0m                next: cursor,
[34m13695 |[0m [91m| [0m
[34m13696 |[0m [91m| [0m                diagnostic_message:
[34m13697 |[0m [91m| [0m                    "maximum JSON object member count exceeded",
[34m13698 |[0m [91m| [0m
[34m13699 |[0m [91m| [0m                diagnostic_span:
[34m13700 |[0m [91m| [0m                    key_token.span,
[34m13701 |[0m [91m| [0m            };
[34m13702 |[0m [91m| [0m        }
[34m13703 |[0m [91m| [0m
[34m13704 |[0m [91m| [0m        let existing_index:
[34m13705 |[0m [91m| [0m            usize =
[34m13706 |[0m [91m| [0m                object_find_key(
[34m13707 |[0m [91m| [0m                    members,
[34m13708 |[0m [91m| [0m                    key);
[34m13709 |[0m [91m| [0m
[34m13710 |[0m [91m| [0m        let duplicate: bool =
[34m13711 |[0m [91m| [0m            existing_index <
[34m13712 |[0m [91m| [0m            members.length;
[34m13713 |[0m [91m| [0m
[34m13714 |[0m [91m| [0m        if duplicate &&
[34m13715 |[0m [91m| [0m           parser.limits.duplicate_keys ==
[34m13716 |[0m [91m| [0m               JsonParserDuplicateKeyPolicy.Reject {
[34m13717 |[0m [91m| [0m            give JsonValueParseResult {
[34m13718 |[0m [91m| [0m                ok: false,
[34m13719 |[0m [91m| [0m
[34m13720 |[0m [91m| [0m                value: null_value(),
[34m13721 |[0m [91m| [0m
[34m13722 |[0m [91m| [0m                next: cursor,
[34m13723 |[0m [91m| [0m
[34m13724 |[0m [91m| [0m                diagnostic_message:
[34m13725 |[0m [91m| [0m                    "duplicate JSON object member name",
[34m13726 |[0m [91m| [0m
[34m13727 |[0m [91m| [0m                diagnostic_span:
[34m13728 |[0m [91m| [0m                    key_token.span,
[34m13729 |[0m [91m| [0m            };
[34m13730 |[0m [91m| [0m        }
[34m13731 |[0m [91m| [0m
[34m13732 |[0m [91m| [0m        set cursor += 1;
[34m13733 |[0m [91m| [0m
[34m13734 |[0m [91m| [0m        if cursor >=
[34m13735 |[0m [91m| [0m           parser.tokens.length {
[34m13736 |[0m [91m| [0m            give JsonValueParseResult {
[34m13737 |[0m [91m| [0m                ok: false,
[34m13738 |[0m [91m| [0m
[34m13739 |[0m [91m| [0m                value: null_value(),
[34m13740 |[0m [91m| [0m
[34m13741 |[0m [91m| [0m                next: cursor,
[34m13742 |[0m [91m| [0m
[34m13743 |[0m [91m| [0m                diagnostic_message:
[34m13744 |[0m [91m| [0m                    "expected ':' after JSON object member name",
[34m13745 |[0m [91m| [0m
[34m13746 |[0m [91m| [0m                diagnostic_span:
[34m13747 |[0m [91m| [0m                    key_token.span,
[34m13748 |[0m [91m| [0m            };
[34m13749 |[0m [91m| [0m        }
[34m13750 |[0m [91m| [0m
[34m13751 |[0m [91m| [0m        let colon:
[34m13752 |[0m [91m| [0m            JsonToken =
[34m13753 |[0m [91m| [0m                parser.tokens[cursor];
[34m13754 |[0m [91m| [0m
[34m13755 |[0m [91m| [0m        if colon.kind !=
[34m13756 |[0m [91m| [0m           JsonTokenKind.Colon {
[34m13757 |[0m [91m| [0m            give JsonValueParseResult {
[34m13758 |[0m [91m| [0m                ok: false,
[34m13759 |[0m [91m| [0m
[34m13760 |[0m [91m| [0m                value: null_value(),
[34m13761 |[0m [91m| [0m
[34m13762 |[0m [91m| [0m                next: cursor,
[34m13763 |[0m [91m| [0m
[34m13764 |[0m [91m| [0m                diagnostic_message:
[34m13765 |[0m [91m| [0m                    "expected ':' after JSON object member name",
[34m13766 |[0m [91m| [0m
[34m13767 |[0m [91m| [0m                diagnostic_span:
[34m13768 |[0m [91m| [0m                    colon.span,
[34m13769 |[0m [91m| [0m            };
[34m13770 |[0m [91m| [0m        }
[34m13771 |[0m [91m| [0m
[34m13772 |[0m [91m| [0m        set cursor += 1;
[34m13773 |[0m [91m| [0m
[34m13774 |[0m [91m| [0m        if cursor >=
[34m13775 |[0m [91m| [0m           parser.tokens.length {
[34m13776 |[0m [91m| [0m            give JsonValueParseResult {
[34m13777 |[0m [91m| [0m                ok: false,
[34m13778 |[0m [91m| [0m
[34m13779 |[0m [91m| [0m                value: null_value(),
[34m13780 |[0m [91m| [0m
[34m13781 |[0m [91m| [0m                next: cursor,
[34m13782 |[0m [91m| [0m
[34m13783 |[0m [91m| [0m                diagnostic_message:
[34m13784 |[0m [91m| [0m                    "expected JSON object member value",
[34m13785 |[0m [91m| [0m
[34m13786 |[0m [91m| [0m                diagnostic_span:
[34m13787 |[0m [91m| [0m                    colon.span,
[34m13788 |[0m [91m| [0m            };
[34m13789 |[0m [91m| [0m        }
[34m13790 |[0m [91m| [0m
[34m13791 |[0m [91m| [0m        let value_token:
[34m13792 |[0m [91m| [0m            JsonToken =
[34m13793 |[0m [91m| [0m                parser.tokens[cursor];
[34m13794 |[0m [91m| [0m
[34m13795 |[0m [91m| [0m        if value_token.kind ==
[34m13796 |[0m [91m| [0m               JsonTokenKind.End ||
[34m13797 |[0m [91m| [0m           value_token.kind ==
[34m13798 |[0m [91m| [0m               JsonTokenKind.Comma ||
[34m13799 |[0m [91m| [0m           value_token.kind ==
[34m13800 |[0m [91m| [0m               JsonTokenKind.RightBrace {
[34m13801 |[0m [91m| [0m            give JsonValueParseResult {
[34m13802 |[0m [91m| [0m                ok: false,
[34m13803 |[0m [91m| [0m
[34m13804 |[0m [91m| [0m                value: null_value(),
[34m13805 |[0m [91m| [0m
[34m13806 |[0m [91m| [0m                next: cursor,
[34m13807 |[0m [91m| [0m
[34m13808 |[0m [91m| [0m                diagnostic_message:
[34m13809 |[0m [91m| [0m                    "expected JSON object member value",
[34m13810 |[0m [91m| [0m
[34m13811 |[0m [91m| [0m                diagnostic_span:
[34m13812 |[0m [91m| [0m                    value_token.span,
[34m13813 |[0m [91m| [0m            };
[34m13814 |[0m [91m| [0m        }
[34m13815 |[0m [91m| [0m
[34m13816 |[0m [91m| [0m        let parsed:
[34m13817 |[0m [91m| [0m            JsonValueParseResult =
[34m13818 |[0m [91m| [0m                parse_json_value_with_limits(
[34m13819 |[0m [91m| [0m                    parser.tokens,
[34m13820 |[0m [91m| [0m                    cursor,
[34m13821 |[0m [91m| [0m                    depth,
[34m13822 |[0m [91m| [0m                    parser.limits);
[34m13823 |[0m [91m| [0m
[34m13824 |[0m [91m| [0m        if !parsed.ok {
[34m13825 |[0m [91m| [0m            give parsed;
[34m13826 |[0m [91m| [0m        }
[34m13827 |[0m [91m| [0m
[34m13828 |[0m [91m| [0m        if parsed.next <=
[34m13829 |[0m [91m| [0m           cursor {
[34m13830 |[0m [91m| [0m            give JsonValueParseResult {
[34m13831 |[0m [91m| [0m                ok: false,
[34m13832 |[0m [91m| [0m
[34m13833 |[0m [91m| [0m                value: null_value(),
[34m13834 |[0m [91m| [0m
[34m13835 |[0m [91m| [0m                next: cursor,
[34m13836 |[0m [91m| [0m
[34m13837 |[0m [91m| [0m                diagnostic_message:
[34m13838 |[0m [91m| [0m                    "JSON parser made no progress while parsing object member value",
[34m13839 |[0m [91m| [0m
[34m13840 |[0m [91m| [0m                diagnostic_span:
[34m13841 |[0m [91m| [0m                    value_token.span,
[34m13842 |[0m [91m| [0m            };
[34m13843 |[0m [91m| [0m        }
[34m13844 |[0m [91m| [0m
[34m13845 |[0m [91m| [0m        let member:
[34m13846 |[0m [91m| [0m            JsonMember =
[34m13847 |[0m [91m| [0m                JsonMember {
[34m13848 |[0m [91m| [0m                    key: key,
[34m13849 |[0m [91m| [0m
[34m13850 |[0m [91m| [0m                    value:
[34m13851 |[0m [91m| [0m                        parsed.value,
[34m13852 |[0m [91m| [0m                };
[34m13853 |[0m [91m| [0m
[34m13854 |[0m [91m| [0m        if !duplicate {
[34m13855 |[0m [91m| [0m            set members.push(
[34m13856 |[0m [91m| [0m                member);
[34m13857 |[0m [91m| [0m        } else {
[34m13858 |[0m [91m| [0m            if parser.limits.duplicate_keys ==
[34m13859 |[0m [91m| [0m               JsonParserDuplicateKeyPolicy.Allow {
[34m13860 |[0m [91m| [0m                set members.push(
[34m13861 |[0m [91m| [0m                    member);
[34m13862 |[0m [91m| [0m            }
[34m13863 |[0m [91m| [0m
[34m13864 |[0m [91m| [0m            if parser.limits.duplicate_keys ==
[34m13865 |[0m [91m| [0m               JsonParserDuplicateKeyPolicy.KeepLast {
[34m13866 |[0m [91m| [0m                set members[
[34m13867 |[0m [91m| [0m                    existing_index] =
[34m13868 |[0m [91m| [0m                        member;
[34m13869 |[0m [91m| [0m            }
[34m13870 |[0m [91m| [0m        }
[34m13871 |[0m [91m| [0m
[34m13872 |[0m [91m| [0m        set parsed_member_count += 1;
[34m13873 |[0m [91m| [0m
[34m13874 |[0m [91m| [0m        set cursor =
[34m13875 |[0m [91m| [0m            parsed.next;
[34m13876 |[0m [91m| [0m
[34m13877 |[0m [91m| [0m        if cursor >=
[34m13878 |[0m [91m| [0m           parser.tokens.length {
[34m13879 |[0m [91m| [0m            give JsonValueParseResult {
[34m13880 |[0m [91m| [0m                ok: false,
[34m13881 |[0m [91m| [0m
[34m13882 |[0m [91m| [0m                value: null_value(),
[34m13883 |[0m [91m| [0m
[34m13884 |[0m [91m| [0m                next: cursor,
[34m13885 |[0m [91m| [0m
[34m13886 |[0m [91m| [0m                diagnostic_message:
[34m13887 |[0m [91m| [0m                    "unterminated JSON object",
[34m13888 |[0m [91m| [0m
[34m13889 |[0m [91m| [0m                diagnostic_span:
[34m13890 |[0m [91m| [0m                    open.span,
[34m13891 |[0m [91m| [0m            };
[34m13892 |[0m [91m| [0m        }
[34m13893 |[0m [91m| [0m
[34m13894 |[0m [91m| [0m        let separator:
[34m13895 |[0m [91m| [0m            JsonToken =
[34m13896 |[0m [91m| [0m                parser.tokens[cursor];
[34m13897 |[0m [91m| [0m
[34m13898 |[0m [91m| [0m        if separator.kind ==
[34m13899 |[0m [91m| [0m           JsonTokenKind.RightBrace {
[34m13900 |[0m [91m| [0m            let mut result:
[34m13901 |[0m [91m| [0m                JsonValue =
[34m13902 |[0m [91m| [0m                    object(members);
[34m13903 |[0m [91m| [0m
[34m13904 |[0m [91m| [0m            set result.span =
[34m13905 |[0m [91m| [0m                span(
[34m13906 |[0m [91m| [0m                    open.span.start,
[34m13907 |[0m [91m| [0m                    separator.span.end);
[34m13908 |[0m [91m| [0m
[34m13909 |[0m [91m| [0m            give JsonValueParseResult {
[34m13910 |[0m [91m| [0m                ok: true,
[34m13911 |[0m [91m| [0m
[34m13912 |[0m [91m| [0m                value: result,
[34m13913 |[0m [91m| [0m
[34m13914 |[0m [91m| [0m                next: cursor + 1,
[34m13915 |[0m [91m| [0m
[34m13916 |[0m [91m| [0m                diagnostic_message: "",
[34m13917 |[0m [91m| [0m
[34m13918 |[0m [91m| [0m                diagnostic_span:
[34m13919 |[0m [91m| [0m                    result.span,
[34m13920 |[0m [91m| [0m            };
[34m13921 |[0m [91m| [0m        }
[34m13922 |[0m [91m| [0m
[34m13923 |[0m [91m| [0m        if separator.kind ==
[34m13924 |[0m [91m| [0m           JsonTokenKind.End {
[34m13925 |[0m [91m| [0m            give JsonValueParseResult {
[34m13926 |[0m [91m| [0m                ok: false,
[34m13927 |[0m [91m| [0m
[34m13928 |[0m [91m| [0m                value: null_value(),
[34m13929 |[0m [91m| [0m
[34m13930 |[0m [91m| [0m                next: cursor,
[34m13931 |[0m [91m| [0m
[34m13932 |[0m [91m| [0m                diagnostic_message:
[34m13933 |[0m [91m| [0m                    "unterminated JSON object",
[34m13934 |[0m [91m| [0m
[34m13935 |[0m [91m| [0m                diagnostic_span:
[34m13936 |[0m [91m| [0m                    separator.span,
[34m13937 |[0m [91m| [0m            };
[34m13938 |[0m [91m| [0m        }
[34m13939 |[0m [91m| [0m
[34m13940 |[0m [91m| [0m        if separator.kind !=
[34m13941 |[0m [91m| [0m           JsonTokenKind.Comma {
[34m13942 |[0m [91m| [0m            give JsonValueParseResult {
[34m13943 |[0m [91m| [0m                ok: false,
[34m13944 |[0m [91m| [0m
[34m13945 |[0m [91m| [0m                value: null_value(),
[34m13946 |[0m [91m| [0m
[34m13947 |[0m [91m| [0m                next: cursor,
[34m13948 |[0m [91m| [0m
[34m13949 |[0m [91m| [0m                diagnostic_message:
[34m13950 |[0m [91m| [0m                    "expected ',' or '}' after JSON object member",
[34m13951 |[0m [91m| [0m
[34m13952 |[0m [91m| [0m                diagnostic_span:
[34m13953 |[0m [91m| [0m                    separator.span,
[34m13954 |[0m [91m| [0m            };
[34m13955 |[0m [91m| [0m        }
[34m13956 |[0m [91m| [0m
[34m13957 |[0m [91m| [0m        set cursor += 1;
[34m13958 |[0m [91m| [0m
[34m13959 |[0m [91m| [0m        if cursor >=
[34m13960 |[0m [91m| [0m           parser.tokens.length {
[34m13961 |[0m [91m| [0m            give JsonValueParseResult {
[34m13962 |[0m [91m| [0m                ok: false,
[34m13963 |[0m [91m| [0m
[34m13964 |[0m [91m| [0m                value: null_value(),
[34m13965 |[0m [91m| [0m
[34m13966 |[0m [91m| [0m                next: cursor,
[34m13967 |[0m [91m| [0m
[34m13968 |[0m [91m| [0m                diagnostic_message:
[34m13969 |[0m [91m| [0m                    "unterminated JSON object after ','",
[34m13970 |[0m [91m| [0m
[34m13971 |[0m [91m| [0m                diagnostic_span:
[34m13972 |[0m [91m| [0m                    separator.span,
[34m13973 |[0m [91m| [0m            };
[34m13974 |[0m [91m| [0m        }
[34m13975 |[0m [91m| [0m
[34m13976 |[0m [91m| [0m        if parser.tokens[cursor].kind ==
[34m13977 |[0m [91m| [0m           JsonTokenKind.RightBrace {
[34m13978 |[0m [91m| [0m            give JsonValueParseResult {
[34m13979 |[0m [91m| [0m                ok: false,
[34m13980 |[0m [91m| [0m
[34m13981 |[0m [91m| [0m                value: null_value(),
[34m13982 |[0m [91m| [0m
[34m13983 |[0m [91m| [0m                next: cursor,
[34m13984 |[0m [91m| [0m
[34m13985 |[0m [91m| [0m                diagnostic_message:
[34m13986 |[0m [91m| [0m                    "trailing comma in JSON object",
[34m13987 |[0m [91m| [0m
[34m13988 |[0m [91m| [0m                diagnostic_span:
[34m13989 |[0m [91m| [0m                    separator.span,
[34m13990 |[0m [91m| [0m            };
[34m13991 |[0m [91m| [0m        }
[34m13992 |[0m [91m| [0m
[34m13993 |[0m [91m| [0m        if parser.tokens[cursor].kind ==
[34m13994 |[0m [91m| [0m           JsonTokenKind.End {
[34m13995 |[0m [91m| [0m            give JsonValueParseResult {
[34m13996 |[0m [91m| [0m                ok: false,
[34m13997 |[0m [91m| [0m
[34m13998 |[0m [91m| [0m                value: null_value(),
[34m13999 |[0m [91m| [0m
[34m14000 |[0m [91m| [0m                next: cursor,
[34m14001 |[0m [91m| [0m
[34m14002 |[0m [91m| [0m                diagnostic_message:
[34m14003 |[0m [91m| [0m                    "unterminated JSON object after ','",
[34m14004 |[0m [91m| [0m
[34m14005 |[0m [91m| [0m                diagnostic_span:
[34m14006 |[0m [91m| [0m                    parser.tokens[cursor].span,
[34m14007 |[0m [91m| [0m            };
[34m14008 |[0m [91m| [0m        }
[34m14009 |[0m [91m| [0m    }
[34m14010 |[0m [91m| [0m
[34m14011 |[0m [91m| [0m    give JsonValueParseResult {
[34m14012 |[0m [91m| [0m        ok: false,
[34m14013 |[0m [91m| [0m
[34m14014 |[0m [91m| [0m        value: null_value(),
[34m14015 |[0m [91m| [0m
[34m14016 |[0m [91m| [0m        next: cursor,
[34m14017 |[0m [91m| [0m
[34m14018 |[0m [91m| [0m        diagnostic_message:
[34m14019 |[0m [91m| [0m            "internal JSON object parser error",
[34m14020 |[0m [91m| [0m
[34m14021 |[0m [91m| [0m        diagnostic_span:
[34m14022 |[0m [91m| [0m            open.span,
[34m14023 |[0m [91m| [0m    };
[34m14024 |[0m [91m| [0m}
[34m14025 |[0m [91m| [0m
[34m14026 |[0m [91m| [0m/// -------------------------------------------------------------------------
[34m14027 |[0m [91m| [0m/// Value dispatch
[34m14028 |[0m [91m| [0m/// -------------------------------------------------------------------------
[34m14029 |[0m [91m| [0m
[34m14030 |[0m [91m| [0mproc parse_json_value_with_limits(
[34m14031 |[0m [91m| [0m    tokens: [JsonToken],
[34m14032 |[0m [91m| [0m    index: usize,
[34m14033 |[0m [91m| [0m    depth: usize,
[34m14034 |[0m [91m| [0m    parser_limits: JsonParserLimits
[34m14035 |[0m [91m| [0m) -> JsonValueParseResult {
[34m14036 |[0m [91m| [0m    if index >=
[34m14037 |[0m [91m| [0m       tokens.length {
[34m14038 |[0m [91m| [0m        give JsonValueParseResult {
[34m14039 |[0m [91m| [0m            ok: false,
[34m14040 |[0m [91m| [0m
[34m14041 |[0m [91m| [0m            value: null_value(),
[34m14042 |[0m [91m| [0m
[34m14043 |[0m [91m| [0m            next: index,
[34m14044 |[0m [91m| [0m
[34m14045 |[0m [91m| [0m            diagnostic_message:
[34m14046 |[0m [91m| [0m                "unexpected end of JSON token stream",
[34m14047 |[0m [91m| [0m
[34m14048 |[0m [91m| [0m            diagnostic_span:
[34m14049 |[0m [91m| [0m                empty_span(),
[34m14050 |[0m [91m| [0m        };
[34m14051 |[0m [91m| [0m    }
[34m14052 |[0m [91m| [0m
[34m14053 |[0m [91m| [0m    if depth >
[34m14054 |[0m [91m| [0m       parser_limits.max_depth {
[34m14055 |[0m [91m| [0m        give JsonValueParseResult {
[34m14056 |[0m [91m| [0m            ok: false,
[34m14057 |[0m [91m| [0m
[34m14058 |[0m [91m| [0m            value: null_value(),
[34m14059 |[0m [91m| [0m
[34m14060 |[0m [91m| [0m            next: index,
[34m14061 |[0m [91m| [0m
[34m14062 |[0m [91m| [0m            diagnostic_message:
[34m14063 |[0m [91m| [0m                "maximum JSON nesting depth exceeded",
[34m14064 |[0m [91m| [0m
[34m14065 |[0m [91m| [0m            diagnostic_span:
[34m14066 |[0m [91m| [0m                tokens[index].span,
[34m14067 |[0m [91m| [0m        };
[34m14068 |[0m [91m| [0m    }
[34m14069 |[0m [91m| [0m
[34m14070 |[0m [91m| [0m    let parser:
[34m14071 |[0m [91m| [0m        JsonParserState =
[34m14072 |[0m [91m| [0m            JsonParserState {
[34m14073 |[0m [91m| [0m                tokens: tokens,
[34m14074 |[0m [91m| [0m
[34m14075 |[0m [91m| [0m                cursor: index,
[34m14076 |[0m [91m| [0m
[34m14077 |[0m [91m| [0m                depth: depth,
[34m14078 |[0m [91m| [0m
[34m14079 |[0m [91m| [0m                limits:
[34m14080 |[0m [91m| [0m                    parser_limits,
[34m14081 |[0m [91m| [0m
[34m14082 |[0m [91m| [0m                statistics:
[34m14083 |[0m [91m| [0m                    empty_statistics(),
[34m14084 |[0m [91m| [0m
[34m14085 |[0m [91m| [0m                diagnostic:
[34m14086 |[0m [91m| [0m                    no_diagnostic(),
[34m14087 |[0m [91m| [0m
[34m14088 |[0m [91m| [0m                failed: false,
[34m14089 |[0m [91m| [0m            };
[34m14090 |[0m [91m| [0m
[34m14091 |[0m [91m| [0m    let token:
[34m14092 |[0m [91m| [0m        JsonToken =
[34m14093 |[0m [91m| [0m            tokens[index];
[34m14094 |[0m [91m| [0m
[34m14095 |[0m [91m| [0m    if token.kind ==
[34m14096 |[0m [91m| [0m       JsonTokenKind.End {
[34m14097 |[0m [91m| [0m        give JsonValueParseResult {
[34m14098 |[0m [91m| [0m            ok: false,
[34m14099 |[0m [91m| [0m
[34m14100 |[0m [91m| [0m            value: null_value(),
[34m14101 |[0m [91m| [0m
[34m14102 |[0m [91m| [0m            next: index,
[34m14103 |[0m [91m| [0m
[34m14104 |[0m [91m| [0m            diagnostic_message:
[34m14105 |[0m [91m| [0m                "expected JSON value before end of input",
[34m14106 |[0m [91m| [0m
[34m14107 |[0m [91m| [0m            diagnostic_span:
[34m14108 |[0m [91m| [0m                token.span,
[34m14109 |[0m [91m| [0m        };
[34m14110 |[0m [91m| [0m    }
[34m14111 |[0m [91m| [0m
[34m14112 |[0m [91m| [0m    if token.kind ==
[34m14113 |[0m [91m| [0m       JsonTokenKind.Invalid {
[34m14114 |[0m [91m| [0m        give JsonValueParseResult {
[34m14115 |[0m [91m| [0m            ok: false,
[34m14116 |[0m [91m| [0m
[34m14117 |[0m [91m| [0m            value: null_value(),
[34m14118 |[0m [91m| [0m
[34m14119 |[0m [91m| [0m            next: index,
[34m14120 |[0m [91m| [0m
[34m14121 |[0m [91m| [0m            diagnostic_message:
[34m14122 |[0m [91m| [0m                "invalid token cannot begin a JSON value",
[34m14123 |[0m [91m| [0m
[34m14124 |[0m [91m| [0m            diagnostic_span:
[34m14125 |[0m [91m| [0m                token.span,
[34m14126 |[0m [91m| [0m        };
[34m14127 |[0m [91m| [0m    }
[34m14128 |[0m [91m| [0m
[34m14129 |[0m [91m| [0m    if token.kind ==
[34m14130 |[0m [91m| [0m       JsonTokenKind.Null {
[34m14131 |[0m [91m| [0m        give parse_null_value(
[34m14132 |[0m [91m| [0m            &parser);
[34m14133 |[0m [91m| [0m    }
[34m14134 |[0m [91m| [0m
[34m14135 |[0m [91m| [0m    if token.kind ==
[34m14136 |[0m [91m| [0m           JsonTokenKind.True ||
[34m14137 |[0m [91m| [0m       token.kind ==
[34m14138 |[0m [91m| [0m           JsonTokenKind.False {
[34m14139 |[0m [91m| [0m        give parse_boolean_value(
[34m14140 |[0m [91m| [0m            &parser);
[34m14141 |[0m [91m| [0m    }
[34m14142 |[0m [91m| [0m
[34m14143 |[0m [91m| [0m    if token.kind ==
[34m14144 |[0m [91m| [0m       JsonTokenKind.Number {
[34m14145 |[0m [91m| [0m        give parse_number_value(
[34m14146 |[0m [91m| [0m            &parser);
[34m14147 |[0m [91m| [0m    }
[34m14148 |[0m [91m| [0m
[34m14149 |[0m [91m| [0m    if token.kind ==
[34m14150 |[0m [91m| [0m       JsonTokenKind.String {
[34m14151 |[0m [91m| [0m        give parse_string_value(
[34m14152 |[0m [91m| [0m            &parser);
[34m14153 |[0m [91m| [0m    }
[34m14154 |[0m [91m| [0m
[34m14155 |[0m [91m| [0m    if token.kind ==
[34m14156 |[0m [91m| [0m       JsonTokenKind.LeftBracket {
[34m14157 |[0m [91m| [0m        give parse_array_value(
[34m14158 |[0m [91m| [0m            &parser,
[34m14159 |[0m [91m| [0m            depth + 1);
[34m14160 |[0m [91m| [0m    }
[34m14161 |[0m [91m| [0m
[34m14162 |[0m [91m| [0m    if token.kind ==
[34m14163 |[0m [91m| [0m       JsonTokenKind.LeftBrace {
[34m14164 |[0m [91m| [0m        give parse_object_value(
[34m14165 |[0m [91m| [0m            &parser,
[34m14166 |[0m [91m| [0m            depth + 1);
[34m14167 |[0m [91m| [0m    }
[34m14168 |[0m [91m| [0m
[34m14169 |[0m [91m| [0m    give JsonValueParseResult {
[34m14170 |[0m [91m| [0m        ok: false,
[34m14171 |[0m [91m| [0m
[34m14172 |[0m [91m| [0m        value: null_value(),
[34m14173 |[0m [91m| [0m
[34m14174 |[0m [91m| [0m        next: index,
[34m14175 |[0m [91m| [0m
[34m14176 |[0m [91m| [0m        diagnostic_message:
[34m14177 |[0m [91m| [0m            "token cannot begin a JSON value",
[34m14178 |[0m [91m| [0m
[34m14179 |[0m [91m| [0m        diagnostic_span:
[34m14180 |[0m [91m| [0m            token.span,
[34m14181 |[0m [91m| [0m    };
[34m14182 |[0m [91m| [0m}
[34m14183 |[0m [91m| [0m
[34m14184 |[0m [91m| [0mproc parse_json_value(
[34m14185 |[0m [91m| [0m    tokens: [JsonToken],
[34m14186 |[0m [91m| [0m    index: usize,
[34m14187 |[0m [91m| [0m    depth: usize
[34m14188 |[0m [91m| [0m) -> JsonValueParseResult {
[34m14189 |[0m [91m| [0m    give parse_json_value_with_limits(
[34m14190 |[0m [91m| [0m        tokens,
[34m14191 |[0m [91m| [0m        index,
[34m14192 |[0m [91m| [0m        depth,
[34m14193 |[0m [91m| [0m        default_limits());
[34m14194 |[0m [91m| [0m}
[34m14195 |[0m [91m| [0m
[34m14196 |[0m [91m| [0m/// -------------------------------------------------------------------------
[34m14197 |[0m [91m| [0m/// Token stream validation
[34m14198 |[0m [91m| [0m/// -------------------------------------------------------------------------
[34m14199 |[0m [91m| [0m
[34m14200 |[0m [91m| [0mproc token_stream_valid(
[34m14201 |[0m [91m| [0m    tokens: [JsonToken]
[34m14202 |[0m [91m| [0m) -> bool {
[34m14203 |[0m [91m| [0m    if tokens.length == 0 {
[34m14204 |[0m [91m| [0m        give false;
[34m14205 |[0m [91m| [0m    }
[34m14206 |[0m [91m| [0m
[34m14207 |[0m [91m| [0m    let mut index: usize = 0;
[34m14208 |[0m [91m| [0m
[34m14209 |[0m [91m| [0m    let mut end_count: usize = 0;
[34m14210 |[0m [91m| [0m
[34m14211 |[0m [91m| [0m    while index <
[34m14212 |[0m [91m| [0m          tokens.length {
[34m14213 |[0m [91m| [0m        let token:
[34m14214 |[0m [91m| [0m            JsonToken =
[34m14215 |[0m [91m| [0m                tokens[index];
[34m14216 |[0m [91m| [0m
[34m14217 |[0m [91m| [0m        if token.kind ==
[34m14218 |[0m [91m| [0m           JsonTokenKind.Invalid {
[34m14219 |[0m [91m| [0m            give false;
[34m14220 |[0m [91m| [0m        }
[34m14221 |[0m [91m| [0m
[34m14222 |[0m [91m| [0m        if token.kind ==
[34m14223 |[0m [91m| [0m           JsonTokenKind.End {
[34m14224 |[0m [91m| [0m            set end_count += 1;
[34m14225 |[0m [91m| [0m
[34m14226 |[0m [91m| [0m            if index + 1 !=
[34m14227 |[0m [91m| [0m               tokens.length {
[34m14228 |[0m [91m| [0m                give false;
[34m14229 |[0m [91m| [0m            }
[34m14230 |[0m [91m| [0m        }
[34m14231 |[0m [91m| [0m
[34m14232 |[0m [91m| [0m        if index > 0 {
[34m14233 |[0m [91m| [0m            if token.span.start.offset <
[34m14234 |[0m [91m| [0m               tokens[
[34m14235 |[0m [91m| [0m                   index - 1].span.end.offset {
[34m14236 |[0m [91m| [0m                give false;
[34m14237 |[0m [91m| [0m            }
[34m14238 |[0m [91m| [0m        }
[34m14239 |[0m [91m| [0m
[34m14240 |[0m [91m| [0m        set index += 1;
[34m14241 |[0m [91m| [0m    }
[34m14242 |[0m [91m| [0m
[34m14243 |[0m [91m| [0m    give end_count == 1;
[34m14244 |[0m [91m| [0m}
[34m14245 |[0m [91m| [0m
[34m14246 |[0m [91m| [0m/// -------------------------------------------------------------------------
[34m14247 |[0m [91m| [0m/// Document statistics
[34m14248 |[0m [91m| [0m/// -------------------------------------------------------------------------
[34m14249 |[0m [91m| [0m
[34m14250 |[0m [91m| [0mproc collect_value_statistics(
[34m14251 |[0m [91m| [0m    value: &JsonValue,
[34m14252 |[0m [91m| [0m    depth: usize,
[34m14253 |[0m [91m| [0m    statistics_value: JsonParserStatistics
[34m14254 |[0m [91m| [0m) -> JsonParserStatistics {
[34m14255 |[0m [91m| [0m    let mut result:
[34m14256 |[0m [91m| [0m        JsonParserStatistics =
[34m14257 |[0m [91m| [0m            statistics_value;
[34m14258 |[0m [91m| [0m
[34m14259 |[0m [91m| [0m    set result.value_count += 1;
[34m14260 |[0m [91m| [0m
[34m14261 |[0m [91m| [0m    if depth >
[34m14262 |[0m [91m| [0m       result.maximum_depth {
[34m14263 |[0m [91m| [0m        set result.maximum_depth =
[34m14264 |[0m [91m| [0m            depth;
[34m14265 |[0m [91m| [0m    }
[34m14266 |[0m [91m| [0m
[34m14267 |[0m [91m| [0m    if value.kind ==
[34m14268 |[0m [91m| [0m       JsonValueKind.Null {
[34m14269 |[0m [91m| [0m        set result.scalar_count += 1;
[34m14270 |[0m [91m| [0m        set result.null_count += 1;
[34m14271 |[0m [91m| [0m
[34m14272 |[0m [91m| [0m        give result;
[34m14273 |[0m [91m| [0m    }
[34m14274 |[0m [91m| [0m
[34m14275 |[0m [91m| [0m    if value.kind ==
[34m14276 |[0m [91m| [0m       JsonValueKind.Bool {
[34m14277 |[0m [91m| [0m        set result.scalar_count += 1;
[34m14278 |[0m [91m| [0m        set result.boolean_count += 1;
[34m14279 |[0m [91m| [0m
[34m14280 |[0m [91m| [0m        give result;
[34m14281 |[0m [91m| [0m    }
[34m14282 |[0m [91m| [0m
[34m14283 |[0m [91m| [0m    if value.kind ==
[34m14284 |[0m [91m| [0m       JsonValueKind.Integer {
[34m14285 |[0m [91m| [0m        set result.scalar_count += 1;
[34m14286 |[0m [91m| [0m        set result.integer_count += 1;
[34m14287 |[0m [91m| [0m
[34m14288 |[0m [91m| [0m        give result;
[34m14289 |[0m [91m| [0m    }
[34m14290 |[0m [91m| [0m
[34m14291 |[0m [91m| [0m    if value.kind ==
[34m14292 |[0m [91m| [0m       JsonValueKind.Float {
[34m14293 |[0m [91m| [0m        set result.scalar_count += 1;
[34m14294 |[0m [91m| [0m        set result.float_count += 1;
[34m14295 |[0m [91m| [0m
[34m14296 |[0m [91m| [0m        give result;
[34m14297 |[0m [91m| [0m    }
[34m14298 |[0m [91m| [0m
[34m14299 |[0m [91m| [0m    if value.kind ==
[34m14300 |[0m [91m| [0m       JsonValueKind.String {
[34m14301 |[0m [91m| [0m        set result.scalar_count += 1;
[34m14302 |[0m [91m| [0m        set result.string_count += 1;
[34m14303 |[0m [91m| [0m
[34m14304 |[0m [91m| [0m        give result;
[34m14305 |[0m [91m| [0m    }
[34m14306 |[0m [91m| [0m
[34m14307 |[0m [91m| [0m    if value.kind ==
[34m14308 |[0m [91m| [0m       JsonValueKind.Array {
[34m14309 |[0m [91m| [0m        set result.array_count += 1;
[34m14310 |[0m [91m| [0m
[34m14311 |[0m [91m| [0m        set result.array_element_count +=
[34m14312 |[0m [91m| [0m            value.array_value.length;
[34m14313 |[0m [91m| [0m
[34m14314 |[0m [91m| [0m        let mut index: usize = 0;
[34m14315 |[0m [91m| [0m
[34m14316 |[0m [91m| [0m        while index <
[34m14317 |[0m [91m| [0m              value.array_value.length {
[34m14318 |[0m [91m| [0m            set result =
[34m14319 |[0m [91m| [0m                collect_value_statistics(
[34m14320 |[0m [91m| [0m                    &value.array_value[index],
[34m14321 |[0m [91m| [0m                    depth + 1,
[34m14322 |[0m [91m| [0m                    result);
[34m14323 |[0m [91m| [0m
[34m14324 |[0m [91m| [0m            set index += 1;
[34m14325 |[0m [91m| [0m        }
[34m14326 |[0m [91m| [0m
[34m14327 |[0m [91m| [0m        give result;
[34m14328 |[0m [91m| [0m    }
[34m14329 |[0m [91m| [0m
[34m14330 |[0m [91m| [0m    if value.kind ==
[34m14331 |[0m [91m| [0m       JsonValueKind.Object {
[34m14332 |[0m [91m| [0m        set result.object_count += 1;
[34m14333 |[0m [91m| [0m
[34m14334 |[0m [91m| [0m        set result.object_member_count +=
[34m14335 |[0m [91m| [0m            value.object_value.length;
[34m14336 |[0m [91m| [0m
[34m14337 |[0m [91m| [0m        let mut index: usize = 0;
[34m14338 |[0m [91m| [0m
[34m14339 |[0m [91m| [0m        while index <
[34m14340 |[0m [91m| [0m              value.object_value.length {
[34m14341 |[0m [91m| [0m            set result =
[34m14342 |[0m [91m| [0m                collect_value_statistics(
[34m14343 |[0m [91m| [0m                    &value.object_value[index].value,
[34m14344 |[0m [91m| [0m                    depth + 1,
[34m14345 |[0m [91m| [0m                    result);
[34m14346 |[0m [91m| [0m
[34m14347 |[0m [91m| [0m            set index += 1;
[34m14348 |[0m [91m| [0m        }
[34m14349 |[0m [91m| [0m
[34m14350 |[0m [91m| [0m        give result;
[34m14351 |[0m [91m| [0m    }
[34m14352 |[0m [91m| [0m
[34m14353 |[0m [91m| [0m    give result;
[34m14354 |[0m [91m| [0m}
[34m14355 |[0m [91m| [0m
[34m14356 |[0m [91m| [0m/// -------------------------------------------------------------------------
[34m14357 |[0m [91m| [0m/// Complete document parser
[34m14358 |[0m [91m| [0m/// -------------------------------------------------------------------------
[34m14359 |[0m [91m| [0m
[34m14360 |[0m [91m| [0mproc parse_tokens_with_limits(
[34m14361 |[0m [91m| [0m    tokens: [JsonToken],
[34m14362 |[0m [91m| [0m    parser_limits: JsonParserLimits
[34m14363 |[0m [91m| [0m) -> JsonParseResult {
[34m14364 |[0m [91m| [0m    let mut statistics_value:
[34m14365 |[0m [91m| [0m        JsonParserStatistics =
[34m14366 |[0m [91m| [0m            empty_statistics();
[34m14367 |[0m [91m| [0m
[34m14368 |[0m [91m| [0m    set statistics_value.token_count =
[34m14369 |[0m [91m| [0m        tokens.length;
[34m14370 |[0m [91m| [0m
[34m14371 |[0m [91m| [0m    if !limits_valid(
[34m14372 |[0m [91m| [0m        &parser_limits) {
[34m14373 |[0m [91m| [0m        give JsonParseResult {
[34m14374 |[0m [91m| [0m            ok: false,
[34m14375 |[0m [91m| [0m
[34m14376 |[0m [91m| [0m            value: null_value(),
[34m14377 |[0m [91m| [0m
[34m14378 |[0m [91m| [0m            next: 0,
[34m14379 |[0m [91m| [0m
[34m14380 |[0m [91m| [0m            diagnostic:
[34m14381 |[0m [91m| [0m                make_diagnostic(
[34m14382 |[0m [91m| [0m                    JsonParserError.Internal,
[34m14383 |[0m [91m| [0m                    JsonParserPhase.Document,
[34m14384 |[0m [91m| [0m                    "invalid JSON parser limits",
[34m14385 |[0m [91m| [0m                    "all parser limits must be greater than zero",
[34m14386 |[0m [91m| [0m                    "",
[34m14387 |[0m [91m| [0m                    "",
[34m14388 |[0m [91m| [0m                    "",
[34m14389 |[0m [91m| [0m                    empty_span()),
[34m14390 |[0m [91m| [0m
[34m14391 |[0m [91m| [0m            statistics:
[34m14392 |[0m [91m| [0m                statistics_value,
[34m14393 |[0m [91m| [0m        };
[34m14394 |[0m [91m| [0m    }
[34m14395 |[0m [91m| [0m
[34m14396 |[0m [91m| [0m    if tokens.length == 0 {
[34m14397 |[0m [91m| [0m        give JsonParseResult {
[34m14398 |[0m [91m| [0m            ok: false,
[34m14399 |[0m [91m| [0m
[34m14400 |[0m [91m| [0m            value: null_value(),
[34m14401 |[0m [91m| [0m
[34m14402 |[0m [91m| [0m            next: 0,
[34m14403 |[0m [91m| [0m
[34m14404 |[0m [91m| [0m            diagnostic:
[34m14405 |[0m [91m| [0m                make_diagnostic(
[34m14406 |[0m [91m| [0m                    JsonParserError.EmptyDocument,
[34m14407 |[0m [91m| [0m                    JsonParserPhase.Document,
[34m14408 |[0m [91m| [0m                    "empty JSON document",
[34m14409 |[0m [91m| [0m                    "a JSON document must contain exactly one JSON value",
[34m14410 |[0m [91m| [0m                    "JSON value",
[34m14411 |[0m [91m| [0m                    "end of input",
[34m14412 |[0m [91m| [0m                    "",
[34m14413 |[0m [91m| [0m                    empty_span()),
[34m14414 |[0m [91m| [0m
[34m14415 |[0m [91m| [0m            statistics:
[34m14416 |[0m [91m| [0m                statistics_value,
[34m14417 |[0m [91m| [0m        };
[34m14418 |[0m [91m| [0m    }
[34m14419 |[0m [91m| [0m
[34m14420 |[0m [91m| [0m    if !token_stream_valid(
[34m14421 |[0m [91m| [0m        tokens) {
[34m14422 |[0m [91m| [0m        give JsonParseResult {
[34m14423 |[0m [91m| [0m            ok: false,
[34m14424 |[0m [91m| [0m
[34m14425 |[0m [91m| [0m            value: null_value(),
[34m14426 |[0m [91m| [0m
[34m14427 |[0m [91m| [0m            next: 0,
[34m14428 |[0m [91m| [0m
[34m14429 |[0m [91m| [0m            diagnostic:
[34m14430 |[0m [91m| [0m                make_diagnostic(
[34m14431 |[0m [91m| [0m                    JsonParserError.InvalidTokenStream,
[34m14432 |[0m [91m| [0m                    JsonParserPhase.Document,
[34m14433 |[0m [91m| [0m                    "invalid JSON token stream",
[34m14434 |[0m [91m| [0m                    "the token stream is malformed, contains invalid tokens, overlaps source spans, or does not contain exactly one final end token",
[34m14435 |[0m [91m| [0m                    "valid JSON token stream",
[34m14436 |[0m [91m| [0m                    "invalid token stream",
[34m14437 |[0m [91m| [0m                    "",
[34m14438 |[0m [91m| [0m                    tokens[0].span),
[34m14439 |[0m [91m| [0m
[34m14440 |[0m [91m| [0m            statistics:
[34m14441 |[0m [91m| [0m                statistics_value,
[34m14442 |[0m [91m| [0m        };
[34m14443 |[0m [91m| [0m    }
[34m14444 |[0m [91m| [0m
[34m14445 |[0m [91m| [0m    if tokens[0].kind ==
[34m14446 |[0m [91m| [0m       JsonTokenKind.End {
[34m14447 |[0m [91m| [0m        give JsonParseResult {
[34m14448 |[0m [91m| [0m            ok: false,
[34m14449 |[0m [91m| [0m
[34m14450 |[0m [91m| [0m            value: null_value(),
[34m14451 |[0m [91m| [0m
[34m14452 |[0m [91m| [0m            next: 0,
[34m14453 |[0m [91m| [0m
[34m14454 |[0m [91m| [0m            diagnostic:
[34m14455 |[0m [91m| [0m                make_diagnostic(
[34m14456 |[0m [91m| [0m                    JsonParserError.EmptyDocument,
[34m14457 |[0m [91m| [0m                    JsonParserPhase.Document,
[34m14458 |[0m [91m| [0m                    "empty JSON document",
[34m14459 |[0m [91m| [0m                    "a JSON document must contain exactly one JSON value",
[34m14460 |[0m [91m| [0m                    "JSON value",
[34m14461 |[0m [91m| [0m                    "end of input",
[34m14462 |[0m [91m| [0m                    "",
[34m14463 |[0m [91m| [0m                    tokens[0].span),
[34m14464 |[0m [91m| [0m
[34m14465 |[0m [91m| [0m            statistics:
[34m14466 |[0m [91m| [0m                statistics_value,
[34m14467 |[0m [91m| [0m        };
[34m14468 |[0m [91m| [0m    }
[34m14469 |[0m [91m| [0m
[34m14470 |[0m [91m| [0m    let parsed:
[34m14471 |[0m [91m| [0m        JsonValueParseResult =
[34m14472 |[0m [91m| [0m            parse_json_value_with_limits(
[34m14473 |[0m [91m| [0m                tokens,
[34m14474 |[0m [91m| [0m                0,
[34m14475 |[0m [91m| [0m                0,
[34m14476 |[0m [91m| [0m                parser_limits);
[34m14477 |[0m [91m| [0m
[34m14478 |[0m [91m| [0m    if !parsed.ok {
[34m14479 |[0m [91m| [0m        give JsonParseResult {
[34m14480 |[0m [91m| [0m            ok: false,
[34m14481 |[0m [91m| [0m
[34m14482 |[0m [91m| [0m            value: null_value(),
[34m14483 |[0m [91m| [0m
[34m14484 |[0m [91m| [0m            next:
[34m14485 |[0m [91m| [0m                parsed.next,
[34m14486 |[0m [91m| [0m
[34m14487 |[0m [91m| [0m            diagnostic:
[34m14488 |[0m [91m| [0m                make_diagnostic(
[34m14489 |[0m [91m| [0m                    JsonParserError.ExpectedValue,
[34m14490 |[0m [91m| [0m                    JsonParserPhase.Value,
[34m14491 |[0m [91m| [0m                    "failed to parse JSON value",
[34m14492 |[0m [91m| [0m                    parsed.diagnostic_message,
[34m14493 |[0m [91m| [0m                    "valid JSON value",
[34m14494 |[0m [91m| [0m                    if parsed.next <
[34m14495 |[0m [91m| [0m                       tokens.length {
[34m14496 |[0m [91m| [0m                        found_text(
[34m14497 |[0m [91m| [0m                            &tokens[
[34m14498 |[0m [91m| [0m                                parsed.next])
[34m14499 |[0m [91m| [0m                    } else {
[34m14500 |[0m [91m| [0m                        "end of input"
[34m14501 |[0m [91m| [0m                    },
[34m14502 |[0m [91m| [0m                    "",
[34m14503 |[0m [91m| [0m                    parsed.diagnostic_span),
[34m14504 |[0m [91m| [0m
[34m14505 |[0m [91m| [0m            statistics:
[34m14506 |[0m [91m| [0m                statistics_value,
[34m14507 |[0m [91m| [0m        };
[34m14508 |[0m [91m| [0m    }
[34m14509 |[0m [91m| [0m
[34m14510 |[0m [91m| [0m    if parsed.next >=
[34m14511 |[0m [91m| [0m       tokens.length {
[34m14512 |[0m [91m| [0m        give JsonParseResult {
[34m14513 |[0m [91m| [0m            ok: false,
[34m14514 |[0m [91m| [0m
[34m14515 |[0m [91m| [0m            value: null_value(),
[34m14516 |[0m [91m| [0m
[34m14517 |[0m [91m| [0m            next:
[34m14518 |[0m [91m| [0m                parsed.next,
[34m14519 |[0m [91m| [0m
[34m14520 |[0m [91m| [0m            diagnostic:
[34m14521 |[0m [91m| [0m                make_diagnostic(
[34m14522 |[0m [91m| [0m                    JsonParserError.UnexpectedEnd,
[34m14523 |[0m [91m| [0m                    JsonParserPhase.Document,
[34m14524 |[0m [91m| [0m                    "JSON token stream ended without an end token",
[34m14525 |[0m [91m| [0m                    "the parser requires one final End token",
[34m14526 |[0m [91m| [0m                    "end of input token",
[34m14527 |[0m [91m| [0m                    "physical end of token stream",
[34m14528 |[0m [91m| [0m                    "",
[34m14529 |[0m [91m| [0m                    parsed.diagnostic_span),
[34m14530 |[0m [91m| [0m
[34m14531 |[0m [91m| [0m            statistics:
[34m14532 |[0m [91m| [0m                statistics_value,
[34m14533 |[0m [91m| [0m        };
[34m14534 |[0m [91m| [0m    }
[34m14535 |[0m [91m| [0m
[34m14536 |[0m [91m| [0m    let trailing:
[34m14537 |[0m [91m| [0m        JsonToken =
[34m14538 |[0m [91m| [0m            tokens[parsed.next];
[34m14539 |[0m [91m| [0m
[34m14540 |[0m [91m| [0m    if trailing.kind !=
[34m14541 |[0m [91m| [0m       JsonTokenKind.End {
[34m14542 |[0m [91m| [0m        give JsonParseResult {
[34m14543 |[0m [91m| [0m            ok: false,
[34m14544 |[0m [91m| [0m
[34m14545 |[0m [91m| [0m            value: null_value(),
[34m14546 |[0m [91m| [0m
[34m14547 |[0m [91m| [0m            next:
[34m14548 |[0m [91m| [0m                parsed.next,
[34m14549 |[0m [91m| [0m
[34m14550 |[0m [91m| [0m            diagnostic:
[34m14551 |[0m [91m| [0m                make_diagnostic(
[34m14552 |[0m [91m| [0m                    JsonParserError.TrailingToken,
[34m14553 |[0m [91m| [0m                    JsonParserPhase.Document,
[34m14554 |[0m [91m| [0m                    "unexpected token after JSON document value",
[34m14555 |[0m [91m| [0m                    "a JSON document contains exactly one top-level value",
[34m14556 |[0m [91m| [0m                    "end of input",
[34m14557 |[0m [91m| [0m                    found_text(
[34m14558 |[0m [91m| [0m                        &trailing),
[34m14559 |[0m [91m| [0m                    "",
[34m14560 |[0m [91m| [0m                    trailing.span),
[34m14561 |[0m [91m| [0m
[34m14562 |[0m [91m| [0m            statistics:
[34m14563 |[0m [91m| [0m                statistics_value,
[34m14564 |[0m [91m| [0m        };
[34m14565 |[0m [91m| [0m    }
[34m14566 |[0m [91m| [0m
[34m14567 |[0m [91m| [0m    set statistics_value =
[34m14568 |[0m [91m| [0m        collect_value_statistics(
[34m14569 |[0m [91m| [0m            &parsed.value,
[34m14570 |[0m [91m| [0m            0,
[34m14571 |[0m [91m| [0m            statistics_value);
[34m14572 |[0m [91m| [0m
[34m14573 |[0m [91m| [0m    set statistics_value.consumed_token_count =
[34m14574 |[0m [91m| [0m        parsed.next + 1;
[34m14575 |[0m [91m| [0m
[34m14576 |[0m [91m| [0m    if statistics_value.value_count >
[34m14577 |[0m [91m| [0m       parser_limits.max_values {
[34m14578 |[0m [91m| [0m        give JsonParseResult {
[34m14579 |[0m [91m| [0m            ok: false,
[34m14580 |[0m [91m| [0m
[34m14581 |[0m [91m| [0m            value: null_value(),
[34m14582 |[0m [91m| [0m
[34m14583 |[0m [91m| [0m            next:
[34m14584 |[0m [91m| [0m                parsed.next,
[34m14585 |[0m [91m| [0m
[34m14586 |[0m [91m| [0m            diagnostic:
[34m14587 |[0m [91m| [0m                make_diagnostic(
[34m14588 |[0m [91m| [0m                    JsonParserError.TooManyValues,
[34m14589 |[0m [91m| [0m                    JsonParserPhase.Document,
[34m14590 |[0m [91m| [0m                    "JSON document contains too many values",
[34m14591 |[0m [91m| [0m                    "the configured maximum total JSON value count was exceeded",
[34m14592 |[0m [91m| [0m                    "smaller JSON document",
[34m14593 |[0m [91m| [0m                    "",
[34m14594 |[0m [91m| [0m                    "",
[34m14595 |[0m [91m| [0m                    parsed.value.span),
[34m14596 |[0m [91m| [0m
[34m14597 |[0m [91m| [0m            statistics:
[34m14598 |[0m [91m| [0m                statistics_value,
[34m14599 |[0m [91m| [0m        };
[34m14600 |[0m [91m| [0m    }
[34m14601 |[0m [91m| [0m
[34m14602 |[0m [91m| [0m    give JsonParseResult {
[34m14603 |[0m [91m| [0m        ok: true,
[34m14604 |[0m [91m| [0m
[34m14605 |[0m [91m| [0m        value:
[34m14606 |[0m [91m| [0m            parsed.value,
[34m14607 |[0m [91m| [0m
[34m14608 |[0m [91m| [0m        next:
[34m14609 |[0m [91m| [0m            parsed.next + 1,
[34m14610 |[0m [91m| [0m
[34m14611 |[0m [91m| [0m        diagnostic:
[34m14612 |[0m [91m| [0m            no_diagnostic(),
[34m14613 |[0m [91m| [0m
[34m14614 |[0m [91m| [0m        statistics:
[34m14615 |[0m [91m| [0m            statistics_value,
[34m14616 |[0m [91m| [0m    };
[34m14617 |[0m [91m| [0m}
[34m14618 |[0m [91m| [0m
[34m14619 |[0m [91m| [0mexport proc parse_tokens(
[34m14620 |[0m [91m| [0m    tokens: [JsonToken]
[34m14621 |[0m [91m| [0m) -> JsonParseResult {
[34m14622 |[0m [91m| [0m    give parse_tokens_with_limits(
[34m14623 |[0m [91m| [0m        tokens,
[34m14624 |[0m [91m| [0m        default_limits());
[34m14625 |[0m [91m| [0m}
[34m14626 |[0m [91m| [0m
[34m14627 |[0m [91m| [0mexport proc parse_tokens_strict(
[34m14628 |[0m [91m| [0m    tokens: [JsonToken]
[34m14629 |[0m [91m| [0m) -> JsonParseResult {
[34m14630 |[0m [91m| [0m    give parse_tokens_with_limits(
[34m14631 |[0m [91m| [0m        tokens,
[34m14632 |[0m [91m| [0m        strict_limits());
[34m14633 |[0m [91m| [0m}
[34m14634 |[0m [91m| [0m
[34m14635 |[0m [91m| [0mexport proc parse(
[34m14636 |[0m [91m| [0m    source: string
[34m14637 |[0m [91m| [0m) -> JsonParseResult {
[34m14638 |[0m [91m| [0m    let lexical: JsonLexerResult =
[34m14639 |[0m [91m| [0m        lex(source);
[34m14640 |[0m [91m| [0m
[34m14641 |[0m [91m| [0m    if !lexical.ok {
[34m14642 |[0m [91m| [0m        let mut result: JsonParseResult =
[34m14643 |[0m [91m| [0m            empty_result();
[34m14644 |[0m [91m| [0m
[34m14645 |[0m [91m| [0m        set result.diagnostic.error =
[34m14646 |[0m [91m| [0m            JsonParserError.InvalidTokenStream;
[34m14647 |[0m [91m| [0m
[34m14648 |[0m [91m| [0m        set result.diagnostic.phase =
[34m14649 |[0m [91m| [0m            JsonParserPhase.Document;
[34m14650 |[0m [91m| [0m
[34m14651 |[0m [91m| [0m        set result.diagnostic.message =
[34m14652 |[0m [91m| [0m            lexical.error.message;
[34m14653 |[0m [91m| [0m
[34m14654 |[0m [91m| [0m        set result.diagnostic.detail =
[34m14655 |[0m [91m| [0m            lexical.error.detail;
[34m14656 |[0m [91m| [0m
[34m14657 |[0m [91m| [0m        set result.diagnostic.suggestion =
[34m14658 |[0m [91m| [0m            lexical.error.suggestion;
[34m14659 |[0m [91m| [0m
[34m14660 |[0m [91m| [0m        set result.diagnostic.span =
[34m14661 |[0m [91m| [0m            lexical.error.span;
[34m14662 |[0m [91m| [0m
[34m14663 |[0m [91m| [0m        give result;
[34m14664 |[0m [91m| [0m    }
[34m14665 |[0m [91m| [0m
[34m14666 |[0m [91m| [0m    give parse_tokens(
[34m14667 |[0m [91m| [0m        lexical.tokens);
[34m14668 |[0m [91m| [0m}
[34m14669 |[0m [91m| [0m
[34m14670 |[0m [91m| [0mexport proc parse_strict(
[34m14671 |[0m [91m| [0m    source: string
[34m14672 |[0m [91m| [0m) -> JsonParseResult {
[34m14673 |[0m [91m| [0m    let lexical: JsonLexerResult =
[34m14674 |[0m [91m| [0m        lex(source);
[34m14675 |[0m [91m| [0m
[34m14676 |[0m [91m| [0m    if !lexical.ok {
[34m14677 |[0m [91m| [0m        let mut result: JsonParseResult =
[34m14678 |[0m [91m| [0m            empty_result();
[34m14679 |[0m [91m| [0m
[34m14680 |[0m [91m| [0m        set result.diagnostic.error =
[34m14681 |[0m [91m| [0m            JsonParserError.InvalidTokenStream;
[34m14682 |[0m [91m| [0m
[34m14683 |[0m [91m| [0m        set result.diagnostic.phase =
[34m14684 |[0m [91m| [0m            JsonParserPhase.Document;
[34m14685 |[0m [91m| [0m
[34m14686 |[0m [91m| [0m        set result.diagnostic.message =
[34m14687 |[0m [91m| [0m            lexical.error.message;
[34m14688 |[0m [91m| [0m
[34m14689 |[0m [91m| [0m        set result.diagnostic.detail =
[34m14690 |[0m [91m| [0m            lexical.error.detail;
[34m14691 |[0m [91m| [0m
[34m14692 |[0m [91m| [0m        set result.diagnostic.suggestion =
[34m14693 |[0m [91m| [0m            lexical.error.suggestion;
[34m14694 |[0m [91m| [0m
[34m14695 |[0m [91m| [0m        set result.diagnostic.span =
[34m14696 |[0m [91m| [0m            lexical.error.span;
[34m14697 |[0m [91m| [0m
[34m14698 |[0m [91m| [0m        give result;
[34m14699 |[0m [91m| [0m    }
[34m14700 |[0m [91m| [0m
[34m14701 |[0m [91m| [0m    give parse_tokens_strict(
[34m14702 |[0m [91m| [0m        lexical.tokens);
[34m14703 |[0m [91m| [0m}
[34m14704 |[0m [91m| [0m
[34m14705 |[0m [91m| [0m/// -------------------------------------------------------------------------
[34m14706 |[0m [91m| [0m/// Result queries
[34m14707 |[0m [91m| [0m/// -------------------------------------------------------------------------
[34m14708 |[0m [91m| [0m
[34m14709 |[0m [91m| [0mproc succeeded(
[34m14710 |[0m [91m| [0m    result: &JsonParseResult
[34m14711 |[0m [91m| [0m) -> bool {
[34m14712 |[0m [91m| [0m    give result.ok;
[34m14713 |[0m [91m| [0m}
[34m14714 |[0m [91m| [0m
[34m14715 |[0m [91m| [0mproc failed(
[34m14716 |[0m [91m| [0m    result: &JsonParseResult
[34m14717 |[0m [91m| [0m) -> bool {
[34m14718 |[0m [91m| [0m    give !result.ok;
[34m14719 |[0m [91m| [0m}
[34m14720 |[0m [91m| [0m
[34m14721 |[0m [91m| [0mproc has_diagnostic(
[34m14722 |[0m [91m| [0m    result: &JsonParseResult
[34m14723 |[0m [91m| [0m) -> bool {
[34m14724 |[0m [91m| [0m    give result.diagnostic.error !=
[34m14725 |[0m [91m| [0m         JsonParserError.None;
[34m14726 |[0m [91m| [0m}
[34m14727 |[0m [91m| [0m
[34m14728 |[0m [91m| [0mproc consumed_tokens(
[34m14729 |[0m [91m| [0m    result: &JsonParseResult
[34m14730 |[0m [91m| [0m) -> usize {
[34m14731 |[0m [91m| [0m    give result.next;
[34m14732 |[0m [91m| [0m}
[34m14733 |[0m [91m| [0m
[34m14734 |[0m [91m| [0mproc root_kind(
[34m14735 |[0m [91m| [0m    result: &JsonParseResult
[34m14736 |[0m [91m| [0m) -> JsonValueKind {
[34m14737 |[0m [91m| [0m    give result.value.kind;
[34m14738 |[0m [91m| [0m}
[34m14739 |[0m [91m| [0m
[34m14740 |[0m [91m| [0mproc root_is_null(
[34m14741 |[0m [91m| [0m    result: &JsonParseResult
[34m14742 |[0m [91m| [0m) -> bool {
[34m14743 |[0m [91m| [0m    give result.ok &&
[34m14744 |[0m [91m| [0m         result.value.kind ==
[34m14745 |[0m [91m| [0m             JsonValueKind.Null;
[34m14746 |[0m [91m| [0m}
[34m14747 |[0m [91m| [0m
[34m14748 |[0m [91m| [0mproc root_is_boolean(
[34m14749 |[0m [91m| [0m    result: &JsonParseResult
[34m14750 |[0m [91m| [0m) -> bool {
[34m14751 |[0m [91m| [0m    give result.ok &&
[34m14752 |[0m [91m| [0m         result.value.kind ==
[34m14753 |[0m [91m| [0m             JsonValueKind.Bool;
[34m14754 |[0m [91m| [0m}
[34m14755 |[0m [91m| [0m
[34m14756 |[0m [91m| [0mproc root_is_number(
[34m14757 |[0m [91m| [0m    result: &JsonParseResult
[34m14758 |[0m [91m| [0m) -> bool {
[34m14759 |[0m [91m| [0m    give result.ok &&
[34m14760 |[0m [91m| [0m         (result.value.kind ==
[34m14761 |[0m [91m| [0m              JsonValueKind.Integer ||
[34m14762 |[0m [91m| [0m          result.value.kind ==
[34m14763 |[0m [91m| [0m              JsonValueKind.Float);
[34m14764 |[0m [91m| [0m}
[34m14765 |[0m [91m| [0m
[34m14766 |[0m [91m| [0mproc root_is_string(
[34m14767 |[0m [91m| [0m    result: &JsonParseResult
[34m14768 |[0m [91m| [0m) -> bool {
[34m14769 |[0m [91m| [0m    give result.ok &&
[34m14770 |[0m [91m| [0m         result.value.kind ==
[34m14771 |[0m [91m| [0m             JsonValueKind.String;
[34m14772 |[0m [91m| [0m}
[34m14773 |[0m [91m| [0m
[34m14774 |[0m [91m| [0mproc root_is_array(
[34m14775 |[0m [91m| [0m    result: &JsonParseResult
[34m14776 |[0m [91m| [0m) -> bool {
[34m14777 |[0m [91m| [0m    give result.ok &&
[34m14778 |[0m [91m| [0m         result.value.kind ==
[34m14779 |[0m [91m| [0m             JsonValueKind.Array;
[34m14780 |[0m [91m| [0m}
[34m14781 |[0m [91m| [0m
[34m14782 |[0m [91m| [0mproc root_is_object(
[34m14783 |[0m [91m| [0m    result: &JsonParseResult
[34m14784 |[0m [91m| [0m) -> bool {
[34m14785 |[0m [91m| [0m    give result.ok &&
[34m14786 |[0m [91m| [0m         result.value.kind ==
[34m14787 |[0m [91m| [0m             JsonValueKind.Object;
[34m14788 |[0m [91m| [0m}
[34m14789 |[0m [91m| [0m
[34m14790 |[0m [91m| [0m/// -------------------------------------------------------------------------
[34m14791 |[0m [91m| [0m/// Result validation
[34m14792 |[0m [91m| [0m/// -------------------------------------------------------------------------
[34m14793 |[0m [91m| [0m
[34m14794 |[0m [91m| [0mproc diagnostic_valid(
[34m14795 |[0m [91m| [0m    value: &JsonParserDiagnostic
[34m14796 |[0m [91m| [0m) -> bool {
[34m14797 |[0m [91m| [0m    if value.error ==
[34m14798 |[0m [91m| [0m       JsonParserError.None {
[34m14799 |[0m [91m| [0m        give value.code.length == 0;
[34m14800 |[0m [91m| [0m    }
[34m14801 |[0m [91m| [0m
[34m14802 |[0m [91m| [0m    give value.code.length != 0 &&
[34m14803 |[0m [91m| [0m         value.message.length != 0 &&
[34m14804 |[0m [91m| [0m         span_valid(
[34m14805 |[0m [91m| [0m             &value.span);
[34m14806 |[0m [91m| [0m}
[34m14807 |[0m [91m| [0m
[34m14808 |[0m [91m| [0mproc statistics_valid(
[34m14809 |[0m [91m| [0m    value: &JsonParserStatistics
[34m14810 |[0m [91m| [0m) -> bool {
[34m14811 |[0m [91m| [0m    if value.scalar_count !=
[34m14812 |[0m [91m| [0m       value.null_count +
[34m14813 |[0m [91m| [0m       value.boolean_count +
[34m14814 |[0m [91m| [0m       value.integer_count +
[34m14815 |[0m [91m| [0m       value.float_count +
[34m14816 |[0m [91m| [0m       value.string_count {
[34m14817 |[0m [91m| [0m        give false;
[34m14818 |[0m [91m| [0m    }
[34m14819 |[0m [91m| [0m
[34m14820 |[0m [91m| [0m    if value.value_count !=
[34m14821 |[0m [91m| [0m       value.scalar_count +
[34m14822 |[0m [91m| [0m       value.array_count +
[34m14823 |[0m [91m| [0m       value.object_count {
[34m14824 |[0m [91m| [0m        give false;
[34m14825 |[0m [91m| [0m    }
[34m14826 |[0m [91m| [0m
[34m14827 |[0m [91m| [0m    give true;
[34m14828 |[0m [91m| [0m}
[34m14829 |[0m [91m| [0m
[34m14830 |[0m [91m| [0mproc validate_result(
[34m14831 |[0m [91m| [0m    result: &JsonParseResult
[34m14832 |[0m [91m| [0m) -> bool {
[34m14833 |[0m [91m| [0m    if result.ok {
[34m14834 |[0m [91m| [0m        if result.diagnostic.error !=
[34m14835 |[0m [91m| [0m           JsonParserError.None {
[34m14836 |[0m [91m| [0m            give false;
[34m14837 |[0m [91m| [0m        }
[34m14838 |[0m [91m| [0m
[34m14839 |[0m [91m| [0m        if !validate(
[34m14840 |[0m [91m| [0m            &result.value) {
[34m14841 |[0m [91m| [0m            give false;
[34m14842 |[0m [91m| [0m        }
[34m14843 |[0m [91m| [0m
[34m14844 |[0m [91m| [0m        give statistics_valid(
[34m14845 |[0m [91m| [0m            &result.statistics);
[34m14846 |[0m [91m| [0m    }
[34m14847 |[0m [91m| [0m
[34m14848 |[0m [91m| [0m    give result.diagnostic.error !=
[34m14849 |[0m [91m| [0m             JsonParserError.None &&
[34m14850 |[0m [91m| [0m         diagnostic_valid(
[34m14851 |[0m [91m| [0m             &result.diagnostic);
[34m14852 |[0m [91m| [0m}
[34m14853 |[0m [91m| [0m
[34m14854 |[0m [91m| [0m/// -------------------------------------------------------------------------
[34m14855 |[0m [91m| [0m/// Test token fixtures
[34m14856 |[0m [91m| [0m/// -------------------------------------------------------------------------
[34m14857 |[0m [91m| [0m
[34m14858 |[0m [91m| [0mproc test_span(
[34m14859 |[0m [91m| [0m    begin: usize,
[34m14860 |[0m [91m| [0m    end: usize
[34m14861 |[0m [91m| [0m) -> JsonSpan {
[34m14862 |[0m [91m| [0m    give span(
[34m14863 |[0m [91m| [0m        position(
[34m14864 |[0m [91m| [0m            begin,
[34m14865 |[0m [91m| [0m            0,
[34m14866 |[0m [91m| [0m            begin),
[34m14867 |[0m [91m| [0m
[34m14868 |[0m [91m| [0m        position(
[34m14869 |[0m [91m| [0m            end,
[34m14870 |[0m [91m| [0m            0,
[34m14871 |[0m [91m| [0m            end));
[34m14872 |[0m [91m| [0m}
[34m14873 |[0m [91m| [0m
[34m14874 |[0m [91m| [0mproc test_punctuation(
[34m14875 |[0m [91m| [0m    kind: JsonTokenKind,
[34m14876 |[0m [91m| [0m    text_value: string,
[34m14877 |[0m [91m| [0m    begin: usize,
[34m14878 |[0m [91m| [0m    end: usize
[34m14879 |[0m [91m| [0m) -> JsonToken {
[34m14880 |[0m [91m| [0m    give punctuation(
[34m14881 |[0m [91m| [0m        kind,
[34m14882 |[0m [91m| [0m        text_value,
[34m14883 |[0m [91m| [0m        test_span(
[34m14884 |[0m [91m| [0m            begin,
[34m14885 |[0m [91m| [0m            end));
[34m14886 |[0m [91m| [0m}
[34m14887 |[0m [91m| [0m
[34m14888 |[0m [91m| [0mproc test_literal(
[34m14889 |[0m [91m| [0m    kind: JsonTokenKind,
[34m14890 |[0m [91m| [0m    text_value: string,
[34m14891 |[0m [91m| [0m    begin: usize,
[34m14892 |[0m [91m| [0m    end: usize
[34m14893 |[0m [91m| [0m) -> JsonToken {
[34m14894 |[0m [91m| [0m    give literal(
[34m14895 |[0m [91m| [0m        kind,
[34m14896 |[0m [91m| [0m        text_value,
[34m14897 |[0m [91m| [0m        test_span(
[34m14898 |[0m [91m| [0m            begin,
[34m14899 |[0m [91m| [0m            end));
[34m14900 |[0m [91m| [0m}
[34m14901 |[0m [91m| [0m
[34m14902 |[0m [91m| [0mproc test_number(
[34m14903 |[0m [91m| [0m    text_value: string,
[34m14904 |[0m [91m| [0m    begin: usize,
[34m14905 |[0m [91m| [0m    end: usize
[34m14906 |[0m [91m| [0m) -> JsonToken {
[34m14907 |[0m [91m| [0m    give number_token(
[34m14908 |[0m [91m| [0m        text_value,
[34m14909 |[0m [91m| [0m        test_span(
[34m14910 |[0m [91m| [0m            begin,
[34m14911 |[0m [91m| [0m            end));
[34m14912 |[0m [91m| [0m}
[34m14913 |[0m [91m| [0m
[34m14914 |[0m [91m| [0mproc test_string(
[34m14915 |[0m [91m| [0m    lexeme: string,
[34m14916 |[0m [91m| [0m    decoded: string,
[34m14917 |[0m [91m| [0m    begin: usize,
[34m14918 |[0m [91m| [0m    end: usize
[34m14919 |[0m [91m| [0m) -> JsonToken {
[34m14920 |[0m [91m| [0m    give string_token(
[34m14921 |[0m [91m| [0m        lexeme,
[34m14922 |[0m [91m| [0m        decoded,
[34m14923 |[0m [91m| [0m        test_span(
[34m14924 |[0m [91m| [0m            begin,
[34m14925 |[0m [91m| [0m            end));
[34m14926 |[0m [91m| [0m}
[34m14927 |[0m [91m| [0m
[34m14928 |[0m [91m| [0m/// -------------------------------------------------------------------------
[34m14929 |[0m [91m| [0m/// Tests — scalar roots
[34m14930 |[0m [91m| [0m/// -------------------------------------------------------------------------
[34m14931 |[0m [91m| [0m
[34m14932 |[0m [91m| [0mtest "json parser null document" {
[34m14933 |[0m [91m| [0m    let tokens: [JsonToken] =
[34m14934 |[0m [91m| [0m        [
[34m14935 |[0m [91m| [0m            test_literal(
[34m14936 |[0m [91m| [0m                JsonTokenKind.Null,
[34m14937 |[0m [91m| [0m                "null",
[34m14938 |[0m [91m| [0m                0,
[34m14939 |[0m [91m| [0m                4),
[34m14940 |[0m [91m| [0m
[34m14941 |[0m [91m| [0m            end(
[34m14942 |[0m [91m| [0m                position(
[34m14943 |[0m [91m| [0m                    4,
[34m14944 |[0m [91m| [0m                    0,
[34m14945 |[0m [91m| [0m                    4)),
[34m14946 |[0m [91m| [0m        ];
[34m14947 |[0m [91m| [0m
[34m14948 |[0m [91m| [0m    let result:
[34m14949 |[0m [91m| [0m        JsonParseResult =
[34m14950 |[0m [91m| [0m            parse_tokens(tokens);
[34m14951 |[0m [91m| [0m
[34m14952 |[0m [91m| [0m    assert result.ok;
[34m14953 |[0m [91m| [0m
[34m14954 |[0m [91m| [0m    assert root_is_null(
[34m14955 |[0m [91m| [0m        &result);
[34m14956 |[0m [91m| [0m
[34m14957 |[0m [91m| [0m    assert result.statistics.value_count ==
[34m14958 |[0m [91m| [0m        1;
[34m14959 |[0m [91m| [0m
[34m14960 |[0m [91m| [0m    assert result.statistics.null_count ==
[34m14961 |[0m [91m| [0m        1;
[34m14962 |[0m [91m| [0m
[34m14963 |[0m [91m| [0m    assert result.statistics.scalar_count ==
[34m14964 |[0m [91m| [0m        1;
[34m14965 |[0m [91m| [0m}
[34m14966 |[0m [91m| [0m
[34m14967 |[0m [91m| [0mtest "json parser true document" {
[34m14968 |[0m [91m| [0m    let tokens: [JsonToken] =
[34m14969 |[0m [91m| [0m        [
[34m14970 |[0m [91m| [0m            test_literal(
[34m14971 |[0m [91m| [0m                JsonTokenKind.True,
[34m14972 |[0m [91m| [0m                "true",
[34m14973 |[0m [91m| [0m                0,
[34m14974 |[0m [91m| [0m                4),
[34m14975 |[0m [91m| [0m
[34m14976 |[0m [91m| [0m            end(
[34m14977 |[0m [91m| [0m                position(
[34m14978 |[0m [91m| [0m                    4,
[34m14979 |[0m [91m| [0m                    0,
[34m14980 |[0m [91m| [0m                    4)),
[34m14981 |[0m [91m| [0m        ];
[34m14982 |[0m [91m| [0m
[34m14983 |[0m [91m| [0m    let result:
[34m14984 |[0m [91m| [0m        JsonParseResult =
[34m14985 |[0m [91m| [0m            parse_tokens(tokens);
[34m14986 |[0m [91m| [0m
[34m14987 |[0m [91m| [0m    assert result.ok;
[34m14988 |[0m [91m| [0m
[34m14989 |[0m [91m| [0m    assert root_is_boolean(
[34m14990 |[0m [91m| [0m        &result);
[34m14991 |[0m [91m| [0m
[34m14992 |[0m [91m| [0m    assert result.value.bool_value;
[34m14993 |[0m [91m| [0m}
[34m14994 |[0m [91m| [0m
[34m14995 |[0m [91m| [0mtest "json parser false document" {
[34m14996 |[0m [91m| [0m    let tokens: [JsonToken] =
[34m14997 |[0m [91m| [0m        [
[34m14998 |[0m [91m| [0m            test_literal(
[34m14999 |[0m [91m| [0m                JsonTokenKind.False,
[34m15000 |[0m [91m| [0m                "false",
[34m15001 |[0m [91m| [0m                0,
[34m15002 |[0m [91m| [0m                5),
[34m15003 |[0m [91m| [0m
[34m15004 |[0m [91m| [0m            end(
[34m15005 |[0m [91m| [0m                position(
[34m15006 |[0m [91m| [0m                    5,
[34m15007 |[0m [91m| [0m                    0,
[34m15008 |[0m [91m| [0m                    5)),
[34m15009 |[0m [91m| [0m        ];
[34m15010 |[0m [91m| [0m
[34m15011 |[0m [91m| [0m    let result:
[34m15012 |[0m [91m| [0m        JsonParseResult =
[34m15013 |[0m [91m| [0m            parse_tokens(tokens);
[34m15014 |[0m [91m| [0m
[34m15015 |[0m [91m| [0m    assert result.ok;
[34m15016 |[0m [91m| [0m
[34m15017 |[0m [91m| [0m    assert root_is_boolean(
[34m15018 |[0m [91m| [0m        &result);
[34m15019 |[0m [91m| [0m
[34m15020 |[0m [91m| [0m    assert !result.value.bool_value;
[34m15021 |[0m [91m| [0m}
[34m15022 |[0m [91m| [0m
[34m15023 |[0m [91m| [0mtest "json parser integer document" {
[34m15024 |[0m [91m| [0m    let tokens: [JsonToken] =
[34m15025 |[0m [91m| [0m        [
[34m15026 |[0m [91m| [0m            test_number(
[34m15027 |[0m [91m| [0m                "-42",
[34m15028 |[0m [91m| [0m                0,
[34m15029 |[0m [91m| [0m                3),
[34m15030 |[0m [91m| [0m
[34m15031 |[0m [91m| [0m            end(
[34m15032 |[0m [91m| [0m                position(
[34m15033 |[0m [91m| [0m                    3,
[34m15034 |[0m [91m| [0m                    0,
[34m15035 |[0m [91m| [0m                    3)),
[34m15036 |[0m [91m| [0m        ];
[34m15037 |[0m [91m| [0m
[34m15038 |[0m [91m| [0m    let result:
[34m15039 |[0m [91m| [0m        JsonParseResult =
[34m15040 |[0m [91m| [0m            parse_tokens(tokens);
[34m15041 |[0m [91m| [0m
[34m15042 |[0m [91m| [0m    assert result.ok;
[34m15043 |[0m [91m| [0m
[34m15044 |[0m [91m| [0m    assert result.value.kind ==
[34m15045 |[0m [91m| [0m        JsonValueKind.Integer;
[34m15046 |[0m [91m| [0m
[34m15047 |[0m [91m| [0m    assert result.value.integer_value ==
[34m15048 |[0m [91m| [0m        -42;
[34m15049 |[0m [91m| [0m}
[34m15050 |[0m [91m| [0m
[34m15051 |[0m [91m| [0mtest "json parser floating document" {
[34m15052 |[0m [91m| [0m    let tokens: [JsonToken] =
[34m15053 |[0m [91m| [0m        [
[34m15054 |[0m [91m| [0m            test_number(
[34m15055 |[0m [91m| [0m                "12.5",
[34m15056 |[0m [91m| [0m                0,
[34m15057 |[0m [91m| [0m                4),
[34m15058 |[0m [91m| [0m
[34m15059 |[0m [91m| [0m            end(
[34m15060 |[0m [91m| [0m                position(
[34m15061 |[0m [91m| [0m                    4,
[34m15062 |[0m [91m| [0m                    0,
[34m15063 |[0m [91m| [0m                    4)),
[34m15064 |[0m [91m| [0m        ];
[34m15065 |[0m [91m| [0m
[34m15066 |[0m [91m| [0m    let result:
[34m15067 |[0m [91m| [0m        JsonParseResult =
[34m15068 |[0m [91m| [0m            parse_tokens(tokens);
[34m15069 |[0m [91m| [0m
[34m15070 |[0m [91m| [0m    assert result.ok;
[34m15071 |[0m [91m| [0m
[34m15072 |[0m [91m| [0m    assert result.value.kind ==
[34m15073 |[0m [91m| [0m        JsonValueKind.Float;
[34m15074 |[0m [91m| [0m
[34m15075 |[0m [91m| [0m    assert result.value.float_value ==
[34m15076 |[0m [91m| [0m        12.5;
[34m15077 |[0m [91m| [0m}
[34m15078 |[0m [91m| [0m
[34m15079 |[0m [91m| [0mtest "json parser exponent document" {
[34m15080 |[0m [91m| [0m    let tokens: [JsonToken] =
[34m15081 |[0m [91m| [0m        [
[34m15082 |[0m [91m| [0m            test_number(
[34m15083 |[0m [91m| [0m                "1.25e2",
[34m15084 |[0m [91m| [0m                0,
[34m15085 |[0m [91m| [0m                6),
[34m15086 |[0m [91m| [0m
[34m15087 |[0m [91m| [0m            end(
[34m15088 |[0m [91m| [0m                position(
[34m15089 |[0m [91m| [0m                    6,
[34m15090 |[0m [91m| [0m                    0,
[34m15091 |[0m [91m| [0m                    6)),
[34m15092 |[0m [91m| [0m        ];
[34m15093 |[0m [91m| [0m
[34m15094 |[0m [91m| [0m    let result:
[34m15095 |[0m [91m| [0m        JsonParseResult =
[34m15096 |[0m [91m| [0m            parse_tokens(tokens);
[34m15097 |[0m [91m| [0m
[34m15098 |[0m [91m| [0m    assert result.ok;
[34m15099 |[0m [91m| [0m
[34m15100 |[0m [91m| [0m    assert result.value.kind ==
[34m15101 |[0m [91m| [0m        JsonValueKind.Float;
[34m15102 |[0m [91m| [0m
[34m15103 |[0m [91m| [0m    assert result.value.float_value ==
[34m15104 |[0m [91m| [0m        125.0;
[34m15105 |[0m [91m| [0m}
[34m15106 |[0m [91m| [0m
[34m15107 |[0m [91m| [0mtest "json parser string document" {
[34m15108 |[0m [91m| [0m    let tokens: [JsonToken] =
[34m15109 |[0m [91m| [0m        [
[34m15110 |[0m [91m| [0m            test_string(
[34m15111 |[0m [91m| [0m                "\"Vitte\"",
[34m15112 |[0m [91m| [0m                "Vitte",
[34m15113 |[0m [91m| [0m                0,
[34m15114 |[0m [91m| [0m                7),
[34m15115 |[0m [91m| [0m
[34m15116 |[0m [91m| [0m            end(
[34m15117 |[0m [91m| [0m                position(
[34m15118 |[0m [91m| [0m                    7,
[34m15119 |[0m [91m| [0m                    0,
[34m15120 |[0m [91m| [0m                    7)),
[34m15121 |[0m [91m| [0m        ];
[34m15122 |[0m [91m| [0m
[34m15123 |[0m [91m| [0m    let result:
[34m15124 |[0m [91m| [0m        JsonParseResult =
[34m15125 |[0m [91m| [0m            parse_tokens(tokens);
[34m15126 |[0m [91m| [0m
[34m15127 |[0m [91m| [0m    assert result.ok;
[34m15128 |[0m [91m| [0m
[34m15129 |[0m [91m| [0m    assert root_is_string(
[34m15130 |[0m [91m| [0m        &result);
[34m15131 |[0m [91m| [0m
[34m15132 |[0m [91m| [0m    assert result.value.string_value ==
[34m15133 |[0m [91m| [0m        "Vitte";
[34m15134 |[0m [91m| [0m}
[34m15135 |[0m [91m| [0m
[34m15136 |[0m [91m| [0m/// -------------------------------------------------------------------------
[34m15137 |[0m [91m| [0m/// Tests — arrays
[34m15138 |[0m [91m| [0m/// -------------------------------------------------------------------------
[34m15139 |[0m [91m| [0m
[34m15140 |[0m [91m| [0mtest "json parser empty array document" {
[34m15141 |[0m [91m| [0m    let tokens: [JsonToken] =
[34m15142 |[0m [91m| [0m        [
[34m15143 |[0m [91m| [0m            test_punctuation(
[34m15144 |[0m [91m| [0m                JsonTokenKind.LeftBracket,
[34m15145 |[0m [91m| [0m                "[",
[34m15146 |[0m [91m| [0m                0,
[34m15147 |[0m [91m| [0m                1),
[34m15148 |[0m [91m| [0m
[34m15149 |[0m [91m| [0m            test_punctuation(
[34m15150 |[0m [91m| [0m                JsonTokenKind.RightBracket,
[34m15151 |[0m [91m| [0m                "]",
[34m15152 |[0m [91m| [0m                1,
[34m15153 |[0m [91m| [0m                2),
[34m15154 |[0m [91m| [0m
[34m15155 |[0m [91m| [0m            end(
[34m15156 |[0m [91m| [0m                position(
[34m15157 |[0m [91m| [0m                    2,
[34m15158 |[0m [91m| [0m                    0,
[34m15159 |[0m [91m| [0m                    2)),
[34m15160 |[0m [91m| [0m        ];
[34m15161 |[0m [91m| [0m
[34m15162 |[0m [91m| [0m    let result:
[34m15163 |[0m [91m| [0m        JsonParseResult =
[34m15164 |[0m [91m| [0m            parse_tokens(tokens);
[34m15165 |[0m [91m| [0m
[34m15166 |[0m [91m| [0m    assert result.ok;
[34m15167 |[0m [91m| [0m
[34m15168 |[0m [91m| [0m    assert root_is_array(
[34m15169 |[0m [91m| [0m        &result);
[34m15170 |[0m [91m| [0m
[34m15171 |[0m [91m| [0m    assert result.value.array_value.length ==
[34m15172 |[0m [91m| [0m        0;
[34m15173 |[0m [91m| [0m
[34m15174 |[0m [91m| [0m    assert result.statistics.array_count ==
[34m15175 |[0m [91m| [0m        1;
[34m15176 |[0m [91m| [0m}
[34m15177 |[0m [91m| [0m
[34m15178 |[0m [91m| [0mtest "json parser mixed array document" {
[34m15179 |[0m [91m| [0m    let tokens: [JsonToken] =
[34m15180 |[0m [91m| [0m        [
[34m15181 |[0m [91m| [0m            test_punctuation(
[34m15182 |[0m [91m| [0m                JsonTokenKind.LeftBracket,
[34m15183 |[0m [91m| [0m                "[",
[34m15184 |[0m [91m| [0m                0,
[34m15185 |[0m [91m| [0m                1),
[34m15186 |[0m [91m| [0m
[34m15187 |[0m [91m| [0m            test_literal(
[34m15188 |[0m [91m| [0m                JsonTokenKind.Null,
[34m15189 |[0m [91m| [0m                "null",
[34m15190 |[0m [91m| [0m                1,
[34m15191 |[0m [91m| [0m                5),
[34m15192 |[0m [91m| [0m
[34m15193 |[0m [91m| [0m            test_punctuation(
[34m15194 |[0m [91m| [0m                JsonTokenKind.Comma,
[34m15195 |[0m [91m| [0m                ",",
[34m15196 |[0m [91m| [0m                5,
[34m15197 |[0m [91m| [0m                6),
[34m15198 |[0m [91m| [0m
[34m15199 |[0m [91m| [0m            test_literal(
[34m15200 |[0m [91m| [0m                JsonTokenKind.True,
[34m15201 |[0m [91m| [0m                "true",
[34m15202 |[0m [91m| [0m                6,
[34m15203 |[0m [91m| [0m                10),
[34m15204 |[0m [91m| [0m
[34m15205 |[0m [91m| [0m            test_punctuation(
[34m15206 |[0m [91m| [0m                JsonTokenKind.Comma,
[34m15207 |[0m [91m| [0m                ",",
[34m15208 |[0m [91m| [0m                10,
[34m15209 |[0m [91m| [0m                11),
[34m15210 |[0m [91m| [0m
[34m15211 |[0m [91m| [0m            test_number(
[34m15212 |[0m [91m| [0m                "42",
[34m15213 |[0m [91m| [0m                11,
[34m15214 |[0m [91m| [0m                13),
[34m15215 |[0m [91m| [0m
[34m15216 |[0m [91m| [0m            test_punctuation(
[34m15217 |[0m [91m| [0m                JsonTokenKind.Comma,
[34m15218 |[0m [91m| [0m                ",",
[34m15219 |[0m [91m| [0m                13,
[34m15220 |[0m [91m| [0m                14),
[34m15221 |[0m [91m| [0m
[34m15222 |[0m [91m| [0m            test_string(
[34m15223 |[0m [91m| [0m                "\"Vitte\"",
[34m15224 |[0m [91m| [0m                "Vitte",
[34m15225 |[0m [91m| [0m                14,
[34m15226 |[0m [91m| [0m                21),
[34m15227 |[0m [91m| [0m
[34m15228 |[0m [91m| [0m            test_punctuation(
[34m15229 |[0m [91m| [0m                JsonTokenKind.RightBracket,
[34m15230 |[0m [91m| [0m                "]",
[34m15231 |[0m [91m| [0m                21,
[34m15232 |[0m [91m| [0m                22),
[34m15233 |[0m [91m| [0m
[34m15234 |[0m [91m| [0m            end(
[34m15235 |[0m [91m| [0m                position(
[34m15236 |[0m [91m| [0m                    22,
[34m15237 |[0m [91m| [0m                    0,
[34m15238 |[0m [91m| [0m                    22)),
[34m15239 |[0m [91m| [0m        ];
[34m15240 |[0m [91m| [0m
[34m15241 |[0m [91m| [0m    let result:
[34m15242 |[0m [91m| [0m        JsonParseResult =
[34m15243 |[0m [91m| [0m            parse_tokens(tokens);
[34m15244 |[0m [91m| [0m
[34m15245 |[0m [91m| [0m    assert result.ok;
[34m15246 |[0m [91m| [0m
[34m15247 |[0m [91m| [0m    assert result.value.array_value.length ==
[34m15248 |[0m [91m| [0m        4;
[34m15249 |[0m [91m| [0m
[34m15250 |[0m [91m| [0m    assert result.statistics.value_count ==
[34m15251 |[0m [91m| [0m        5;
[34m15252 |[0m [91m| [0m
[34m15253 |[0m [91m| [0m    assert result.statistics.array_count ==
[34m15254 |[0m [91m| [0m        1;
[34m15255 |[0m [91m| [0m
[34m15256 |[0m [91m| [0m    assert result.statistics.array_element_count ==
[34m15257 |[0m [91m| [0m        4;
[34m15258 |[0m [91m| [0m}
[34m15259 |[0m [91m| [0m
[34m15260 |[0m [91m| [0mtest "json parser nested arrays" {
[34m15261 |[0m [91m| [0m    let tokens: [JsonToken] =
[34m15262 |[0m [91m| [0m        [
[34m15263 |[0m [91m| [0m            test_punctuation(
[34m15264 |[0m [91m| [0m                JsonTokenKind.LeftBracket,
[34m15265 |[0m [91m| [0m                "[",
[34m15266 |[0m [91m| [0m                0,
[34m15267 |[0m [91m| [0m                1),
[34m15268 |[0m [91m| [0m
[34m15269 |[0m [91m| [0m            test_punctuation(
[34m15270 |[0m [91m| [0m                JsonTokenKind.LeftBracket,
[34m15271 |[0m [91m| [0m                "[",
[34m15272 |[0m [91m| [0m                1,
[34m15273 |[0m [91m| [0m                2),
[34m15274 |[0m [91m| [0m
[34m15275 |[0m [91m| [0m            test_number(
[34m15276 |[0m [91m| [0m                "1",
[34m15277 |[0m [91m| [0m                2,
[34m15278 |[0m [91m| [0m                3),
[34m15279 |[0m [91m| [0m
[34m15280 |[0m [91m| [0m            test_punctuation(
[34m15281 |[0m [91m| [0m                JsonTokenKind.RightBracket,
[34m15282 |[0m [91m| [0m                "]",
[34m15283 |[0m [91m| [0m                3,
[34m15284 |[0m [91m| [0m                4),
[34m15285 |[0m [91m| [0m
[34m15286 |[0m [91m| [0m            test_punctuation(
[34m15287 |[0m [91m| [0m                JsonTokenKind.RightBracket,
[34m15288 |[0m [91m| [0m                "]",
[34m15289 |[0m [91m| [0m                4,
[34m15290 |[0m [91m| [0m                5),
[34m15291 |[0m [91m| [0m
[34m15292 |[0m [91m| [0m            end(
[34m15293 |[0m [91m| [0m                position(
[34m15294 |[0m [91m| [0m                    5,
[34m15295 |[0m [91m| [0m                    0,
[34m15296 |[0m [91m| [0m                    5)),
[34m15297 |[0m [91m| [0m        ];
[34m15298 |[0m [91m| [0m
[34m15299 |[0m [91m| [0m    let result:
[34m15300 |[0m [91m| [0m        JsonParseResult =
[34m15301 |[0m [91m| [0m            parse_tokens(tokens);
[34m15302 |[0m [91m| [0m
[34m15303 |[0m [91m| [0m    assert result.ok;
[34m15304 |[0m [91m| [0m
[34m15305 |[0m [91m| [0m    assert result.statistics.array_count ==
[34m15306 |[0m [91m| [0m        2;
[34m15307 |[0m [91m| [0m
[34m15308 |[0m [91m| [0m    assert result.statistics.maximum_depth >=
[34m15309 |[0m [91m| [0m        2;
[34m15310 |[0m [91m| [0m}
[34m15311 |[0m [91m| [0m
[34m15312 |[0m [91m| [0m/// -------------------------------------------------------------------------
[34m15313 |[0m [91m| [0m/// Tests — objects
[34m15314 |[0m [91m| [0m/// -------------------------------------------------------------------------
[34m15315 |[0m [91m| [0m
[34m15316 |[0m [91m| [0mtest "json parser empty object document" {
[34m15317 |[0m [91m| [0m    let tokens: [JsonToken] =
[34m15318 |[0m [91m| [0m        [
[34m15319 |[0m [91m| [0m            test_punctuation(
[34m15320 |[0m [91m| [0m                JsonTokenKind.LeftBrace,
[34m15321 |[0m [91m| [0m                "{",
[34m15322 |[0m [91m| [0m                0,
[34m15323 |[0m [91m| [0m                1),
[34m15324 |[0m [91m| [0m
[34m15325 |[0m [91m| [0m            test_punctuation(
[34m15326 |[0m [91m| [0m                JsonTokenKind.RightBrace,
[34m15327 |[0m [91m| [0m                "}",
[34m15328 |[0m [91m| [0m                1,
[34m15329 |[0m [91m| [0m                2),
[34m15330 |[0m [91m| [0m
[34m15331 |[0m [91m| [0m            end(
[34m15332 |[0m [91m| [0m                position(
[34m15333 |[0m [91m| [0m                    2,
[34m15334 |[0m [91m| [0m                    0,
[34m15335 |[0m [91m| [0m                    2)),
[34m15336 |[0m [91m| [0m        ];
[34m15337 |[0m [91m| [0m
[34m15338 |[0m [91m| [0m    let result:
[34m15339 |[0m [91m| [0m        JsonParseResult =
[34m15340 |[0m [91m| [0m            parse_tokens(tokens);
[34m15341 |[0m [91m| [0m
[34m15342 |[0m [91m| [0m    assert result.ok;
[34m15343 |[0m [91m| [0m
[34m15344 |[0m [91m| [0m    assert root_is_object(
[34m15345 |[0m [91m| [0m        &result);
[34m15346 |[0m [91m| [0m
[34m15347 |[0m [91m| [0m    assert result.value.object_value.length ==
[34m15348 |[0m [91m| [0m        0;
[34m15349 |[0m [91m| [0m
[34m15350 |[0m [91m| [0m    assert result.statistics.object_count ==
[34m15351 |[0m [91m| [0m        1;
[34m15352 |[0m [91m| [0m}
[34m15353 |[0m [91m| [0m
[34m15354 |[0m [91m| [0mtest "json parser object document" {
[34m15355 |[0m [91m| [0m    let tokens: [JsonToken] =
[34m15356 |[0m [91m| [0m        [
[34m15357 |[0m [91m| [0m            test_punctuation(
[34m15358 |[0m [91m| [0m                JsonTokenKind.LeftBrace,
[34m15359 |[0m [91m| [0m                "{",
[34m15360 |[0m [91m| [0m                0,
[34m15361 |[0m [91m| [0m                1),
[34m15362 |[0m [91m| [0m
[34m15363 |[0m [91m| [0m            test_string(
[34m15364 |[0m [91m| [0m                "\"language\"",
[34m15365 |[0m [91m| [0m                "language",
[34m15366 |[0m [91m| [0m                1,
[34m15367 |[0m [91m| [0m                11),
[34m15368 |[0m [91m| [0m
[34m15369 |[0m [91m| [0m            test_punctuation(
[34m15370 |[0m [91m| [0m                JsonTokenKind.Colon,
[34m15371 |[0m [91m| [0m                ":",
[34m15372 |[0m [91m| [0m                11,
[34m15373 |[0m [91m| [0m                12),
[34m15374 |[0m [91m| [0m
[34m15375 |[0m [91m| [0m            test_string(
[34m15376 |[0m [91m| [0m                "\"Vitte\"",
[34m15377 |[0m [91m| [0m                "Vitte",
[34m15378 |[0m [91m| [0m                12,
[34m15379 |[0m [91m| [0m                19),
[34m15380 |[0m [91m| [0m
[34m15381 |[0m [91m| [0m            test_punctuation(
[34m15382 |[0m [91m| [0m                JsonTokenKind.Comma,
[34m15383 |[0m [91m| [0m                ",",
[34m15384 |[0m [91m| [0m                19,
[34m15385 |[0m [91m| [0m                20),
[34m15386 |[0m [91m| [0m
[34m15387 |[0m [91m| [0m            test_string(
[34m15388 |[0m [91m| [0m                "\"native\"",
[34m15389 |[0m [91m| [0m                "native",
[34m15390 |[0m [91m| [0m                20,
[34m15391 |[0m [91m| [0m                28),
[34m15392 |[0m [91m| [0m
[34m15393 |[0m [91m| [0m            test_punctuation(
[34m15394 |[0m [91m| [0m                JsonTokenKind.Colon,
[34m15395 |[0m [91m| [0m                ":",
[34m15396 |[0m [91m| [0m                28,
[34m15397 |[0m [91m| [0m                29),
[34m15398 |[0m [91m| [0m
[34m15399 |[0m [91m| [0m            test_literal(
[34m15400 |[0m [91m| [0m                JsonTokenKind.True,
[34m15401 |[0m [91m| [0m                "true",
[34m15402 |[0m [91m| [0m                29,
[34m15403 |[0m [91m| [0m                33),
[34m15404 |[0m [91m| [0m
[34m15405 |[0m [91m| [0m            test_punctuation(
[34m15406 |[0m [91m| [0m                JsonTokenKind.RightBrace,
[34m15407 |[0m [91m| [0m                "}",
[34m15408 |[0m [91m| [0m                33,
[34m15409 |[0m [91m| [0m                34),
[34m15410 |[0m [91m| [0m
[34m15411 |[0m [91m| [0m            end(
[34m15412 |[0m [91m| [0m                position(
[34m15413 |[0m [91m| [0m                    34,
[34m15414 |[0m [91m| [0m                    0,
[34m15415 |[0m [91m| [0m                    34)),
[34m15416 |[0m [91m| [0m        ];
[34m15417 |[0m [91m| [0m
[34m15418 |[0m [91m| [0m    let result:
[34m15419 |[0m [91m| [0m        JsonParseResult =
[34m15420 |[0m [91m| [0m            parse_tokens(tokens);
[34m15421 |[0m [91m| [0m
[34m15422 |[0m [91m| [0m    assert result.ok;
[34m15423 |[0m [91m| [0m
[34m15424 |[0m [91m| [0m    assert result.value.object_value.length ==
[34m15425 |[0m [91m| [0m        2;
[34m15426 |[0m [91m| [0m
[34m15427 |[0m [91m| [0m    assert result.statistics.object_count ==
[34m15428 |[0m [91m| [0m        1;
[34m15429 |[0m [91m| [0m
[34m15430 |[0m [91m| [0m    assert result.statistics.object_member_count ==
[34m15431 |[0m [91m| [0m        2;
[34m15432 |[0m [91m| [0m
[34m15433 |[0m [91m| [0m    assert result.statistics.string_count ==
[34m15434 |[0m [91m| [0m        1;
[34m15435 |[0m [91m| [0m
[34m15436 |[0m [91m| [0m    assert result.statistics.boolean_count ==
[34m15437 |[0m [91m| [0m        1;
[34m15438 |[0m [91m| [0m}
[34m15439 |[0m [91m| [0m
[34m15440 |[0m [91m| [0m/// -------------------------------------------------------------------------
[34m15441 |[0m [91m| [0m/// Tests — nested aggregates
[34m15442 |[0m [91m| [0m/// -------------------------------------------------------------------------
[34m15443 |[0m [91m| [0m
[34m15444 |[0m [91m| [0mtest "json parser nested object array document" {
[34m15445 |[0m [91m| [0m    let tokens: [JsonToken] =
[34m15446 |[0m [91m| [0m        [
[34m15447 |[0m [91m| [0m            test_punctuation(
[34m15448 |[0m [91m| [0m                JsonTokenKind.LeftBrace,
[34m15449 |[0m [91m| [0m                "{",
[34m15450 |[0m [91m| [0m                0,
[34m15451 |[0m [91m| [0m                1),
[34m15452 |[0m [91m| [0m
[34m15453 |[0m [91m| [0m            test_string(
[34m15454 |[0m [91m| [0m                "\"items\"",
[34m15455 |[0m [91m| [0m                "items",
[34m15456 |[0m [91m| [0m                1,
[34m15457 |[0m [91m| [0m                8),
[34m15458 |[0m [91m| [0m
[34m15459 |[0m [91m| [0m            test_punctuation(
[34m15460 |[0m [91m| [0m                JsonTokenKind.Colon,
[34m15461 |[0m [91m| [0m                ":",
[34m15462 |[0m [91m| [0m                8,
[34m15463 |[0m [91m| [0m                9),
[34m15464 |[0m [91m| [0m
[34m15465 |[0m [91m| [0m            test_punctuation(
[34m15466 |[0m [91m| [0m                JsonTokenKind.LeftBracket,
[34m15467 |[0m [91m| [0m                "[",
[34m15468 |[0m [91m| [0m                9,
[34m15469 |[0m [91m| [0m                10),
[34m15470 |[0m [91m| [0m
[34m15471 |[0m [91m| [0m            test_number(
[34m15472 |[0m [91m| [0m                "1",
[34m15473 |[0m [91m| [0m                10,
[34m15474 |[0m [91m| [0m                11),
[34m15475 |[0m [91m| [0m
[34m15476 |[0m [91m| [0m            test_punctuation(
[34m15477 |[0m [91m| [0m                JsonTokenKind.Comma,
[34m15478 |[0m [91m| [0m                ",",
[34m15479 |[0m [91m| [0m                11,
[34m15480 |[0m [91m| [0m                12),
[34m15481 |[0m [91m| [0m
[34m15482 |[0m [91m| [0m            test_number(
[34m15483 |[0m [91m| [0m                "2",
[34m15484 |[0m [91m| [0m                12,
[34m15485 |[0m [91m| [0m                13),
[34m15486 |[0m [91m| [0m
[34m15487 |[0m [91m| [0m            test_punctuation(
[34m15488 |[0m [91m| [0m                JsonTokenKind.Comma,
[34m15489 |[0m [91m| [0m                ",",
[34m15490 |[0m [91m| [0m                13,
[34m15491 |[0m [91m| [0m                14),
[34m15492 |[0m [91m| [0m
[34m15493 |[0m [91m| [0m            test_punctuation(
[34m15494 |[0m [91m| [0m                JsonTokenKind.LeftBrace,
[34m15495 |[0m [91m| [0m                "{",
[34m15496 |[0m [91m| [0m                14,
[34m15497 |[0m [91m| [0m                15),
[34m15498 |[0m [91m| [0m
[34m15499 |[0m [91m| [0m            test_string(
[34m15500 |[0m [91m| [0m                "\"ok\"",
[34m15501 |[0m [91m| [0m                "ok",
[34m15502 |[0m [91m| [0m                15,
[34m15503 |[0m [91m| [0m                19),
[34m15504 |[0m [91m| [0m
[34m15505 |[0m [91m| [0m            test_punctuation(
[34m15506 |[0m [91m| [0m                JsonTokenKind.Colon,
[34m15507 |[0m [91m| [0m                ":",
[34m15508 |[0m [91m| [0m                19,
[34m15509 |[0m [91m| [0m                20),
[34m15510 |[0m [91m| [0m
[34m15511 |[0m [91m| [0m            test_literal(
[34m15512 |[0m [91m| [0m                JsonTokenKind.True,
[34m15513 |[0m [91m| [0m                "true",
[34m15514 |[0m [91m| [0m                20,
[34m15515 |[0m [91m| [0m                24),
[34m15516 |[0m [91m| [0m
[34m15517 |[0m [91m| [0m            test_punctuation(
[34m15518 |[0m [91m| [0m                JsonTokenKind.RightBrace,
[34m15519 |[0m [91m| [0m                "}",
[34m15520 |[0m [91m| [0m                24,
[34m15521 |[0m [91m| [0m                25),
[34m15522 |[0m [91m| [0m
[34m15523 |[0m [91m| [0m            test_punctuation(
[34m15524 |[0m [91m| [0m                JsonTokenKind.RightBracket,
[34m15525 |[0m [91m| [0m                "]",
[34m15526 |[0m [91m| [0m                25,
[34m15527 |[0m [91m| [0m                26),
[34m15528 |[0m [91m| [0m
[34m15529 |[0m [91m| [0m            test_punctuation(
[34m15530 |[0m [91m| [0m                JsonTokenKind.RightBrace,
[34m15531 |[0m [91m| [0m                "}",
[34m15532 |[0m [91m| [0m                26,
[34m15533 |[0m [91m| [0m                27),
[34m15534 |[0m [91m| [0m
[34m15535 |[0m [91m| [0m            end(
[34m15536 |[0m [91m| [0m                position(
[34m15537 |[0m [91m| [0m                    27,
[34m15538 |[0m [91m| [0m                    0,
[34m15539 |[0m [91m| [0m                    27)),
[34m15540 |[0m [91m| [0m        ];
[34m15541 |[0m [91m| [0m
[34m15542 |[0m [91m| [0m    let result:
[34m15543 |[0m [91m| [0m        JsonParseResult =
[34m15544 |[0m [91m| [0m            parse_tokens(tokens);
[34m15545 |[0m [91m| [0m
[34m15546 |[0m [91m| [0m    assert result.ok;
[34m15547 |[0m [91m| [0m
[34m15548 |[0m [91m| [0m    assert root_is_object(
[34m15549 |[0m [91m| [0m        &result);
[34m15550 |[0m [91m| [0m
[34m15551 |[0m [91m| [0m    assert result.statistics.object_count ==
[34m15552 |[0m [91m| [0m        2;
[34m15553 |[0m [91m| [0m
[34m15554 |[0m [91m| [0m    assert result.statistics.array_count ==
[34m15555 |[0m [91m| [0m        1;
[34m15556 |[0m [91m| [0m
[34m15557 |[0m [91m| [0m    assert result.statistics.integer_count ==
[34m15558 |[0m [91m| [0m        2;
[34m15559 |[0m [91m| [0m
[34m15560 |[0m [91m| [0m    assert result.statistics.boolean_count ==
[34m15561 |[0m [91m| [0m        1;
[34m15562 |[0m [91m| [0m}
[34m15563 |[0m [91m| [0m
[34m15564 |[0m [91m| [0m/// -------------------------------------------------------------------------
[34m15565 |[0m [91m| [0m/// Tests — document errors
[34m15566 |[0m [91m| [0m/// -------------------------------------------------------------------------
[34m15567 |[0m [91m| [0m
[34m15568 |[0m [91m| [0mtest "json parser rejects empty token stream" {
[34m15569 |[0m [91m| [0m    let tokens: [JsonToken] =
[34m15570 |[0m [91m| [0m        [];
[34m15571 |[0m [91m| [0m
[34m15572 |[0m [91m| [0m    let result:
[34m15573 |[0m [91m| [0m        JsonParseResult =
[34m15574 |[0m [91m| [0m            parse_tokens(tokens);
[34m15575 |[0m [91m| [0m
[34m15576 |[0m [91m| [0m    assert !result.ok;
[34m15577 |[0m [91m| [0m
[34m15578 |[0m [91m| [0m    assert result.diagnostic.error ==
[34m15579 |[0m [91m| [0m        JsonParserError.EmptyDocument;
[34m15580 |[0m [91m| [0m}
[34m15581 |[0m [91m| [0m
[34m15582 |[0m [91m| [0mtest "json parser rejects end only document" {
[34m15583 |[0m [91m| [0m    let tokens: [JsonToken] =
[34m15584 |[0m [91m| [0m        [
[34m15585 |[0m [91m| [0m            end(
[34m15586 |[0m [91m| [0m                position(
[34m15587 |[0m [91m| [0m                    0,
[34m15588 |[0m [91m| [0m                    0,
[34m15589 |[0m [91m| [0m                    0)),
[34m15590 |[0m [91m| [0m        ];
[34m15591 |[0m [91m| [0m
[34m15592 |[0m [91m| [0m    let result:
[34m15593 |[0m [91m| [0m        JsonParseResult =
[34m15594 |[0m [91m| [0m            parse_tokens(tokens);
[34m15595 |[0m [91m| [0m
[34m15596 |[0m [91m| [0m    assert !result.ok;
[34m15597 |[0m [91m| [0m
[34m15598 |[0m [91m| [0m    assert result.diagnostic.error ==
[34m15599 |[0m [91m| [0m        JsonParserError.EmptyDocument;
[34m15600 |[0m [91m| [0m}
[34m15601 |[0m [91m| [0m
[34m15602 |[0m [91m| [0mtest "json parser rejects trailing value" {
[34m15603 |[0m [91m| [0m    let tokens: [JsonToken] =
[34m15604 |[0m [91m| [0m        [
[34m15605 |[0m [91m| [0m            test_number(
[34m15606 |[0m [91m| [0m                "1",
[34m15607 |[0m [91m| [0m                0,
[34m15608 |[0m [91m| [0m                1),
[34m15609 |[0m [91m| [0m
[34m15610 |[0m [91m| [0m            test_number(
[34m15611 |[0m [91m| [0m                "2",
[34m15612 |[0m [91m| [0m                2,
[34m15613 |[0m [91m| [0m                3),
[34m15614 |[0m [91m| [0m
[34m15615 |[0m [91m| [0m            end(
[34m15616 |[0m [91m| [0m                position(
[34m15617 |[0m [91m| [0m                    3,
[34m15618 |[0m [91m| [0m                    0,
[34m15619 |[0m [91m| [0m                    3)),
[34m15620 |[0m [91m| [0m        ];
[34m15621 |[0m [91m| [0m
[34m15622 |[0m [91m| [0m    let result:
[34m15623 |[0m [91m| [0m        JsonParseResult =
[34m15624 |[0m [91m| [0m            parse_tokens(tokens);
[34m15625 |[0m [91m| [0m
[34m15626 |[0m [91m| [0m    assert !result.ok;
[34m15627 |[0m [91m| [0m
[34m15628 |[0m [91m| [0m    assert result.diagnostic.error ==
[34m15629 |[0m [91m| [0m        JsonParserError.TrailingToken;
[34m15630 |[0m [91m| [0m}
[34m15631 |[0m [91m| [0m
[34m15632 |[0m [91m| [0mtest "json parser rejects invalid stream without end" {
[34m15633 |[0m [91m| [0m    let tokens: [JsonToken] =
[34m15634 |[0m [91m| [0m        [
[34m15635 |[0m [91m| [0m            test_number(
[34m15636 |[0m [91m| [0m                "1",
[34m15637 |[0m [91m| [0m                0,
[34m15638 |[0m [91m| [0m                1),
[34m15639 |[0m [91m| [0m        ];
[34m15640 |[0m [91m| [0m
[34m15641 |[0m [91m| [0m    let result:
[34m15642 |[0m [91m| [0m        JsonParseResult =
[34m15643 |[0m [91m| [0m            parse_tokens(tokens);
[34m15644 |[0m [91m| [0m
[34m15645 |[0m [91m| [0m    assert !result.ok;
[34m15646 |[0m [91m| [0m
[34m15647 |[0m [91m| [0m    assert result.diagnostic.error ==
[34m15648 |[0m [91m| [0m        JsonParserError.InvalidTokenStream;
[34m15649 |[0m [91m| [0m}
[34m15650 |[0m [91m| [0m
[34m15651 |[0m [91m| [0mtest "json parser rejects invalid token" {
[34m15652 |[0m [91m| [0m    let tokens: [JsonToken] =
[34m15653 |[0m [91m| [0m        [
[34m15654 |[0m [91m| [0m            invalid(),
[34m15655 |[0m [91m| [0m
[34m15656 |[0m [91m| [0m            end(
[34m15657 |[0m [91m| [0m                position(
[34m15658 |[0m [91m| [0m                    0,
[34m15659 |[0m [91m| [0m                    0,
[34m15660 |[0m [91m| [0m                    0)),
[34m15661 |[0m [91m| [0m        ];
[34m15662 |[0m [91m| [0m
[34m15663 |[0m [91m| [0m    let result:
[34m15664 |[0m [91m| [0m        JsonParseResult =
[34m15665 |[0m [91m| [0m            parse_tokens(tokens);
[34m15666 |[0m [91m| [0m
[34m15667 |[0m [91m| [0m    assert !result.ok;
[34m15668 |[0m [91m| [0m
[34m15669 |[0m [91m| [0m    assert result.diagnostic.error ==
[34m15670 |[0m [91m| [0m        JsonParserError.InvalidTokenStream;
[34m15671 |[0m [91m| [0m}
[34m15672 |[0m [91m| [0m
[34m15673 |[0m [91m| [0m/// -------------------------------------------------------------------------
[34m15674 |[0m [91m| [0m/// Tests — array errors
[34m15675 |[0m [91m| [0m/// -------------------------------------------------------------------------
[34m15676 |[0m [91m| [0m
[34m15677 |[0m [91m| [0mtest "json parser rejects array trailing comma" {
[34m15678 |[0m [91m| [0m    let tokens: [JsonToken] =
[34m15679 |[0m [91m| [0m        [
[34m15680 |[0m [91m| [0m            test_punctuation(
[34m15681 |[0m [91m| [0m                JsonTokenKind.LeftBracket,
[34m15682 |[0m [91m| [0m                "[",
[34m15683 |[0m [91m| [0m                0,
[34m15684 |[0m [91m| [0m                1),
[34m15685 |[0m [91m| [0m
[34m15686 |[0m [91m| [0m            test_number(
[34m15687 |[0m [91m| [0m                "1",
[34m15688 |[0m [91m| [0m                1,
[34m15689 |[0m [91m| [0m                2),
[34m15690 |[0m [91m| [0m
[34m15691 |[0m [91m| [0m            test_punctuation(
[34m15692 |[0m [91m| [0m                JsonTokenKind.Comma,
[34m15693 |[0m [91m| [0m                ",",
[34m15694 |[0m [91m| [0m                2,
[34m15695 |[0m [91m| [0m                3),
[34m15696 |[0m [91m| [0m
[34m15697 |[0m [91m| [0m            test_punctuation(
[34m15698 |[0m [91m| [0m                JsonTokenKind.RightBracket,
[34m15699 |[0m [91m| [0m                "]",
[34m15700 |[0m [91m| [0m                3,
[34m15701 |[0m [91m| [0m                4),
[34m15702 |[0m [91m| [0m
[34m15703 |[0m [91m| [0m            end(
[34m15704 |[0m [91m| [0m                position(
[34m15705 |[0m [91m| [0m                    4,
[34m15706 |[0m [91m| [0m                    0,
[34m15707 |[0m [91m| [0m                    4)),
[34m15708 |[0m [91m| [0m        ];
[34m15709 |[0m [91m| [0m
[34m15710 |[0m [91m| [0m    let result:
[34m15711 |[0m [91m| [0m        JsonParseResult =
[34m15712 |[0m [91m| [0m            parse_tokens(tokens);
[34m15713 |[0m [91m| [0m
[34m15714 |[0m [91m| [0m    assert !result.ok;
[34m15715 |[0m [91m| [0m
[34m15716 |[0m [91m| [0m    assert result.diagnostic.detail ==
[34m15717 |[0m [91m| [0m        "trailing comma in JSON array";
[34m15718 |[0m [91m| [0m}
[34m15719 |[0m [91m| [0m
[34m15720 |[0m [91m| [0mtest "json parser rejects missing array comma" {
[34m15721 |[0m [91m| [0m    let tokens: [JsonToken] =
[34m15722 |[0m [91m| [0m        [
[34m15723 |[0m [91m| [0m            test_punctuation(
[34m15724 |[0m [91m| [0m                JsonTokenKind.LeftBracket,
[34m15725 |[0m [91m| [0m                "[",
[34m15726 |[0m [91m| [0m                0,
[34m15727 |[0m [91m| [0m                1),
[34m15728 |[0m [91m| [0m
[34m15729 |[0m [91m| [0m            test_number(
[34m15730 |[0m [91m| [0m                "1",
[34m15731 |[0m [91m| [0m                1,
[34m15732 |[0m [91m| [0m                2),
[34m15733 |[0m [91m| [0m
[34m15734 |[0m [91m| [0m            test_number(
[34m15735 |[0m [91m| [0m                "2",
[34m15736 |[0m [91m| [0m                3,
[34m15737 |[0m [91m| [0m                4),
[34m15738 |[0m [91m| [0m
[34m15739 |[0m [91m| [0m            test_punctuation(
[34m15740 |[0m [91m| [0m                JsonTokenKind.RightBracket,
[34m15741 |[0m [91m| [0m                "]",
[34m15742 |[0m [91m| [0m                4,
[34m15743 |[0m [91m| [0m                5),
[34m15744 |[0m [91m| [0m
[34m15745 |[0m [91m| [0m            end(
[34m15746 |[0m [91m| [0m                position(
[34m15747 |[0m [91m| [0m                    5,
[34m15748 |[0m [91m| [0m                    0,
[34m15749 |[0m [91m| [0m                    5)),
[34m15750 |[0m [91m| [0m        ];
[34m15751 |[0m [91m| [0m
[34m15752 |[0m [91m| [0m    let result:
[34m15753 |[0m [91m| [0m        JsonParseResult =
[34m15754 |[0m [91m| [0m            parse_tokens(tokens);
[34m15755 |[0m [91m| [0m
[34m15756 |[0m [91m| [0m    assert !result.ok;
[34m15757 |[0m [91m| [0m}
[34m15758 |[0m [91m| [0m
[34m15759 |[0m [91m| [0m/// -------------------------------------------------------------------------
[34m15760 |[0m [91m| [0m/// Tests — object errors
[34m15761 |[0m [91m| [0m/// -------------------------------------------------------------------------
[34m15762 |[0m [91m| [0m
[34m15763 |[0m [91m| [0mtest "json parser rejects non string object key" {
[34m15764 |[0m [91m| [0m    let tokens: [JsonToken] =
[34m15765 |[0m [91m| [0m        [
[34m15766 |[0m [91m| [0m            test_punctuation(
[34m15767 |[0m [91m| [0m                JsonTokenKind.LeftBrace,
[34m15768 |[0m [91m| [0m                "{",
[34m15769 |[0m [91m| [0m                0,
[34m15770 |[0m [91m| [0m                1),
[34m15771 |[0m [91m| [0m
[34m15772 |[0m [91m| [0m            test_number(
[34m15773 |[0m [91m| [0m                "1",
[34m15774 |[0m [91m| [0m                1,
[34m15775 |[0m [91m| [0m                2),
[34m15776 |[0m [91m| [0m
[34m15777 |[0m [91m| [0m            test_punctuation(
[34m15778 |[0m [91m| [0m                JsonTokenKind.Colon,
[34m15779 |[0m [91m| [0m                ":",
[34m15780 |[0m [91m| [0m                2,
[34m15781 |[0m [91m| [0m                3),
[34m15782 |[0m [91m| [0m
[34m15783 |[0m [91m| [0m            test_number(
[34m15784 |[0m [91m| [0m                "2",
[34m15785 |[0m [91m| [0m                3,
[34m15786 |[0m [91m| [0m                4),
[34m15787 |[0m [91m| [0m
[34m15788 |[0m [91m| [0m            test_punctuation(
[34m15789 |[0m [91m| [0m                JsonTokenKind.RightBrace,
[34m15790 |[0m [91m| [0m                "}",
[34m15791 |[0m [91m| [0m                4,
[34m15792 |[0m [91m| [0m                5),
[34m15793 |[0m [91m| [0m
[34m15794 |[0m [91m| [0m            end(
[34m15795 |[0m [91m| [0m                position(
[34m15796 |[0m [91m| [0m                    5,
[34m15797 |[0m [91m| [0m                    0,
[34m15798 |[0m [91m| [0m                    5)),
[34m15799 |[0m [91m| [0m        ];
[34m15800 |[0m [91m| [0m
[34m15801 |[0m [91m| [0m    let result:
[34m15802 |[0m [91m| [0m        JsonParseResult =
[34m15803 |[0m [91m| [0m            parse_tokens(tokens);
[34m15804 |[0m [91m| [0m
[34m15805 |[0m [91m| [0m    assert !result.ok;
[34m15806 |[0m [91m| [0m}
[34m15807 |[0m [91m| [0m
[34m15808 |[0m [91m| [0mtest "json parser rejects missing object colon" {
[34m15809 |[0m [91m| [0m    let tokens: [JsonToken] =
[34m15810 |[0m [91m| [0m        [
[34m15811 |[0m [91m| [0m            test_punctuation(
[34m15812 |[0m [91m| [0m                JsonTokenKind.LeftBrace,
[34m15813 |[0m [91m| [0m                "{",
[34m15814 |[0m [91m| [0m                0,
[34m15815 |[0m [91m| [0m                1),
[34m15816 |[0m [91m| [0m
[34m15817 |[0m [91m| [0m            test_string(
[34m15818 |[0m [91m| [0m                "\"a\"",
[34m15819 |[0m [91m| [0m                "a",
[34m15820 |[0m [91m| [0m                1,
[34m15821 |[0m [91m| [0m                4),
[34m15822 |[0m [91m| [0m
[34m15823 |[0m [91m| [0m            test_number(
[34m15824 |[0m [91m| [0m                "1",
[34m15825 |[0m [91m| [0m                5,
[34m15826 |[0m [91m| [0m                6),
[34m15827 |[0m [91m| [0m
[34m15828 |[0m [91m| [0m            test_punctuation(
[34m15829 |[0m [91m| [0m                JsonTokenKind.RightBrace,
[34m15830 |[0m [91m| [0m                "}",
[34m15831 |[0m [91m| [0m                6,
[34m15832 |[0m [91m| [0m                7),
[34m15833 |[0m [91m| [0m
[34m15834 |[0m [91m| [0m            end(
[34m15835 |[0m [91m| [0m                position(
[34m15836 |[0m [91m| [0m                    7,
[34m15837 |[0m [91m| [0m                    0,
[34m15838 |[0m [91m| [0m                    7)),
[34m15839 |[0m [91m| [0m        ];
[34m15840 |[0m [91m| [0m
[34m15841 |[0m [91m| [0m    let result:
[34m15842 |[0m [91m| [0m        JsonParseResult =
[34m15843 |[0m [91m| [0m            parse_tokens(tokens);
[34m15844 |[0m [91m| [0m
[34m15845 |[0m [91m| [0m    assert !result.ok;
[34m15846 |[0m [91m| [0m}
[34m15847 |[0m [91m| [0m
[34m15848 |[0m [91m| [0mtest "json parser rejects object trailing comma" {
[34m15849 |[0m [91m| [0m    let tokens: [JsonToken] =
[34m15850 |[0m [91m| [0m        [
[34m15851 |[0m [91m| [0m            test_punctuation(
[34m15852 |[0m [91m| [0m                JsonTokenKind.LeftBrace,
[34m15853 |[0m [91m| [0m                "{",
[34m15854 |[0m [91m| [0m                0,
[34m15855 |[0m [91m| [0m                1),
[34m15856 |[0m [91m| [0m
[34m15857 |[0m [91m| [0m            test_string(
[34m15858 |[0m [91m| [0m                "\"a\"",
[34m15859 |[0m [91m| [0m                "a",
[34m15860 |[0m [91m| [0m                1,
[34m15861 |[0m [91m| [0m                4),
[34m15862 |[0m [91m| [0m
[34m15863 |[0m [91m| [0m            test_punctuation(
[34m15864 |[0m [91m| [0m                JsonTokenKind.Colon,
[34m15865 |[0m [91m| [0m                ":",
[34m15866 |[0m [91m| [0m                4,
[34m15867 |[0m [91m| [0m                5),
[34m15868 |[0m [91m| [0m
[34m15869 |[0m [91m| [0m            test_number(
[34m15870 |[0m [91m| [0m                "1",
[34m15871 |[0m [91m| [0m                5,
[34m15872 |[0m [91m| [0m                6),
[34m15873 |[0m [91m| [0m
[34m15874 |[0m [91m| [0m            test_punctuation(
[34m15875 |[0m [91m| [0m                JsonTokenKind.Comma,
[34m15876 |[0m [91m| [0m                ",",
[34m15877 |[0m [91m| [0m                6,
[34m15878 |[0m [91m| [0m                7),
[34m15879 |[0m [91m| [0m
[34m15880 |[0m [91m| [0m            test_punctuation(
[34m15881 |[0m [91m| [0m                JsonTokenKind.RightBrace,
[34m15882 |[0m [91m| [0m                "}",
[34m15883 |[0m [91m| [0m                7,
[34m15884 |[0m [91m| [0m                8),
[34m15885 |[0m [91m| [0m
[34m15886 |[0m [91m| [0m            end(
[34m15887 |[0m [91m| [0m                position(
[34m15888 |[0m [91m| [0m                    8,
[34m15889 |[0m [91m| [0m                    0,
[34m15890 |[0m [91m| [0m                    8)),
[34m15891 |[0m [91m| [0m        ];
[34m15892 |[0m [91m| [0m
[34m15893 |[0m [91m| [0m    let result:
[34m15894 |[0m [91m| [0m        JsonParseResult =
[34m15895 |[0m [91m| [0m            parse_tokens(tokens);
[34m15896 |[0m [91m| [0m
[34m15897 |[0m [91m| [0m    assert !result.ok;
[34m15898 |[0m [91m| [0m
[34m15899 |[0m [91m| [0m    assert result.diagnostic.detail ==
[34m15900 |[0m [91m| [0m        "trailing comma in JSON object";
[34m15901 |[0m [91m| [0m}
[34m15902 |[0m [91m| [0m
[34m15903 |[0m [91m| [0m/// -------------------------------------------------------------------------
[34m15904 |[0m [91m| [0m/// Tests — duplicate keys
[34m15905 |[0m [91m| [0m/// -------------------------------------------------------------------------
[34m15906 |[0m [91m| [0m
[34m15907 |[0m [91m| [0mtest "json parser allows duplicate object keys by default" {
[34m15908 |[0m [91m| [0m    let tokens: [JsonToken] =
[34m15909 |[0m [91m| [0m        [
[34m15910 |[0m [91m| [0m            test_punctuation(
[34m15911 |[0m [91m| [0m                JsonTokenKind.LeftBrace,
[34m15912 |[0m [91m| [0m                "{",
[34m15913 |[0m [91m| [0m                0,
[34m15914 |[0m [91m| [0m                1),
[34m15915 |[0m [91m| [0m
[34m15916 |[0m [91m| [0m            test_string(
[34m15917 |[0m [91m| [0m                "\"a\"",
[34m15918 |[0m [91m| [0m                "a",
[34m15919 |[0m [91m| [0m                1,
[34m15920 |[0m [91m| [0m                4),
[34m15921 |[0m [91m| [0m
[34m15922 |[0m [91m| [0m            test_punctuation(
[34m15923 |[0m [91m| [0m                JsonTokenKind.Colon,
[34m15924 |[0m [91m| [0m                ":",
[34m15925 |[0m [91m| [0m                4,
[34m15926 |[0m [91m| [0m                5),
[34m15927 |[0m [91m| [0m
[34m15928 |[0m [91m| [0m            test_number(
[34m15929 |[0m [91m| [0m                "1",
[34m15930 |[0m [91m| [0m                5,
[34m15931 |[0m [91m| [0m                6),
[34m15932 |[0m [91m| [0m
[34m15933 |[0m [91m| [0m            test_punctuation(
[34m15934 |[0m [91m| [0m                JsonTokenKind.Comma,
[34m15935 |[0m [91m| [0m                ",",
[34m15936 |[0m [91m| [0m                6,
[34m15937 |[0m [91m| [0m                7),
[34m15938 |[0m [91m| [0m
[34m15939 |[0m [91m| [0m            test_string(
[34m15940 |[0m [91m| [0m                "\"a\"",
[34m15941 |[0m [91m| [0m                "a",
[34m15942 |[0m [91m| [0m                7,
[34m15943 |[0m [91m| [0m                10),
[34m15944 |[0m [91m| [0m
[34m15945 |[0m [91m| [0m            test_punctuation(
[34m15946 |[0m [91m| [0m                JsonTokenKind.Colon,
[34m15947 |[0m [91m| [0m                ":",
[34m15948 |[0m [91m| [0m                10,
[34m15949 |[0m [91m| [0m                11),
[34m15950 |[0m [91m| [0m
[34m15951 |[0m [91m| [0m            test_number(
[34m15952 |[0m [91m| [0m                "2",
[34m15953 |[0m [91m| [0m                11,
[34m15954 |[0m [91m| [0m                12),
[34m15955 |[0m [91m| [0m
[34m15956 |[0m [91m| [0m            test_punctuation(
[34m15957 |[0m [91m| [0m                JsonTokenKind.RightBrace,
[34m15958 |[0m [91m| [0m                "}",
[34m15959 |[0m [91m| [0m                12,
[34m15960 |[0m [91m| [0m                13),
[34m15961 |[0m [91m| [0m
[34m15962 |[0m [91m| [0m            end(
[34m15963 |[0m [91m| [0m                position(
[34m15964 |[0m [91m| [0m                    13,
[34m15965 |[0m [91m| [0m                    0,
[34m15966 |[0m [91m| [0m                    13)),
[34m15967 |[0m [91m| [0m        ];
[34m15968 |[0m [91m| [0m
[34m15969 |[0m [91m| [0m    let result:
[34m15970 |[0m [91m| [0m        JsonParseResult =
[34m15971 |[0m [91m| [0m            parse_tokens(tokens);
[34m15972 |[0m [91m| [0m
[34m15973 |[0m [91m| [0m    assert result.ok;
[34m15974 |[0m [91m| [0m
[34m15975 |[0m [91m| [0m    assert result.value.object_value.length ==
[34m15976 |[0m [91m| [0m        2;
[34m15977 |[0m [91m| [0m}
[34m15978 |[0m [91m| [0m
[34m15979 |[0m [91m| [0mtest "json parser strict rejects duplicate object keys" {
[34m15980 |[0m [91m| [0m    let tokens: [JsonToken] =
[34m15981 |[0m [91m| [0m        [
[34m15982 |[0m [91m| [0m            test_punctuation(
[34m15983 |[0m [91m| [0m                JsonTokenKind.LeftBrace,
[34m15984 |[0m [91m| [0m                "{",
[34m15985 |[0m [91m| [0m                0,
[34m15986 |[0m [91m| [0m                1),
[34m15987 |[0m [91m| [0m
[34m15988 |[0m [91m| [0m            test_string(
[34m15989 |[0m [91m| [0m                "\"a\"",
[34m15990 |[0m [91m| [0m                "a",
[34m15991 |[0m [91m| [0m                1,
[34m15992 |[0m [91m| [0m                4),
[34m15993 |[0m [91m| [0m
[34m15994 |[0m [91m| [0m            test_punctuation(
[34m15995 |[0m [91m| [0m                JsonTokenKind.Colon,
[34m15996 |[0m [91m| [0m                ":",
[34m15997 |[0m [91m| [0m                4,
[34m15998 |[0m [91m| [0m                5),
[34m15999 |[0m [91m| [0m
[34m16000 |[0m [91m| [0m            test_number(
[34m16001 |[0m [91m| [0m                "1",
[34m16002 |[0m [91m| [0m                5,
[34m16003 |[0m [91m| [0m                6),
[34m16004 |[0m [91m| [0m
[34m16005 |[0m [91m| [0m            test_punctuation(
[34m16006 |[0m [91m| [0m                JsonTokenKind.Comma,
[34m16007 |[0m [91m| [0m                ",",
[34m16008 |[0m [91m| [0m                6,
[34m16009 |[0m [91m| [0m                7),
[34m16010 |[0m [91m| [0m
[34m16011 |[0m [91m| [0m            test_string(
[34m16012 |[0m [91m| [0m                "\"a\"",
[34m16013 |[0m [91m| [0m                "a",
[34m16014 |[0m [91m| [0m                7,
[34m16015 |[0m [91m| [0m                10),
[34m16016 |[0m [91m| [0m
[34m16017 |[0m [91m| [0m            test_punctuation(
[34m16018 |[0m [91m| [0m                JsonTokenKind.Colon,
[34m16019 |[0m [91m| [0m                ":",
[34m16020 |[0m [91m| [0m                10,
[34m16021 |[0m [91m| [0m                11),
[34m16022 |[0m [91m| [0m
[34m16023 |[0m [91m| [0m            test_number(
[34m16024 |[0m [91m| [0m                "2",
[34m16025 |[0m [91m| [0m                11,
[34m16026 |[0m [91m| [0m                12),
[34m16027 |[0m [91m| [0m
[34m16028 |[0m [91m| [0m            test_punctuation(
[34m16029 |[0m [91m| [0m                JsonTokenKind.RightBrace,
[34m16030 |[0m [91m| [0m                "}",
[34m16031 |[0m [91m| [0m                12,
[34m16032 |[0m [91m| [0m                13),
[34m16033 |[0m [91m| [0m
[34m16034 |[0m [91m| [0m            end(
[34m16035 |[0m [91m| [0m                position(
[34m16036 |[0m [91m| [0m                    13,
[34m16037 |[0m [91m| [0m                    0,
[34m16038 |[0m [91m| [0m                    13)),
[34m16039 |[0m [91m| [0m        ];
[34m16040 |[0m [91m| [0m
[34m16041 |[0m [91m| [0m    let result:
[34m16042 |[0m [91m| [0m        JsonParseResult =
[34m16043 |[0m [91m| [0m            parse_tokens_strict(
[34m16044 |[0m [91m| [0m                tokens);
[34m16045 |[0m [91m| [0m
[34m16046 |[0m [91m| [0m    assert !result.ok;
[34m16047 |[0m [91m| [0m
[34m16048 |[0m [91m| [0m    assert result.diagnostic.detail ==
[34m16049 |[0m [91m| [0m        "duplicate JSON object member name";
[34m16050 |[0m [91m| [0m}
[34m16051 |[0m [91m| [0m
[34m16052 |[0m [91m| [0m/// -------------------------------------------------------------------------
[34m16053 |[0m [91m| [0m/// Tests — empty key
[34m16054 |[0m [91m| [0m/// -------------------------------------------------------------------------
[34m16055 |[0m [91m| [0m
[34m16056 |[0m [91m| [0mtest "json parser accepts empty object key" {
[34m16057 |[0m [91m| [0m    let tokens: [JsonToken] =
[34m16058 |[0m [91m| [0m        [
[34m16059 |[0m [91m| [0m            test_punctuation(
[34m16060 |[0m [91m| [0m                JsonTokenKind.LeftBrace,
[34m16061 |[0m [91m| [0m                "{",
[34m16062 |[0m [91m| [0m                0,
[34m16063 |[0m [91m| [0m                1),
[34m16064 |[0m [91m| [0m
[34m16065 |[0m [91m| [0m            test_string(
[34m16066 |[0m [91m| [0m                "\"\"",
[34m16067 |[0m [91m| [0m                "",
[34m16068 |[0m [91m| [0m                1,
[34m16069 |[0m [91m| [0m                3),
[34m16070 |[0m [91m| [0m
[34m16071 |[0m [91m| [0m            test_punctuation(
[34m16072 |[0m [91m| [0m                JsonTokenKind.Colon,
[34m16073 |[0m [91m| [0m                ":",
[34m16074 |[0m [91m| [0m                3,
[34m16075 |[0m [91m| [0m                4),
[34m16076 |[0m [91m| [0m
[34m16077 |[0m [91m| [0m            test_number(
[34m16078 |[0m [91m| [0m                "1",
[34m16079 |[0m [91m| [0m                4,
[34m16080 |[0m [91m| [0m                5),
[34m16081 |[0m [91m| [0m
[34m16082 |[0m [91m| [0m            test_punctuation(
[34m16083 |[0m [91m| [0m                JsonTokenKind.RightBrace,
[34m16084 |[0m [91m| [0m                "}",
[34m16085 |[0m [91m| [0m                5,
[34m16086 |[0m [91m| [0m                6),
[34m16087 |[0m [91m| [0m
[34m16088 |[0m [91m| [0m            end(
[34m16089 |[0m [91m| [0m                position(
[34m16090 |[0m [91m| [0m                    6,
[34m16091 |[0m [91m| [0m                    0,
[34m16092 |[0m [91m| [0m                    6)),
[34m16093 |[0m [91m| [0m        ];
[34m16094 |[0m [91m| [0m
[34m16095 |[0m [91m| [0m    let result:
[34m16096 |[0m [91m| [0m        JsonParseResult =
[34m16097 |[0m [91m| [0m            parse_tokens(tokens);
[34m16098 |[0m [91m| [0m
[34m16099 |[0m [91m| [0m    assert result.ok;
[34m16100 |[0m [91m| [0m
[34m16101 |[0m [91m| [0m    assert result.value.object_value.length ==
[34m16102 |[0m [91m| [0m        1;
[34m16103 |[0m [91m| [0m
[34m16104 |[0m [91m| [0m    assert result.value.object_value[0].key ==
[34m16105 |[0m [91m| [0m        "";
[34m16106 |[0m [91m| [0m}
[34m16107 |[0m [91m| [0m
[34m16108 |[0m [91m| [0m/// -------------------------------------------------------------------------
[34m16109 |[0m [91m| [0m/// Tests — limits
[34m16110 |[0m [91m| [0m/// -------------------------------------------------------------------------
[34m16111 |[0m [91m| [0m
[34m16112 |[0m [91m| [0mtest "json parser depth limit" {
[34m16113 |[0m [91m| [0m    let tokens: [JsonToken] =
[34m16114 |[0m [91m| [0m        [
[34m16115 |[0m [91m| [0m            test_punctuation(
[34m16116 |[0m [91m| [0m                JsonTokenKind.LeftBracket,
[34m16117 |[0m [91m| [0m                "[",
[34m16118 |[0m [91m| [0m                0,
[34m16119 |[0m [91m| [0m                1),
[34m16120 |[0m [91m| [0m
[34m16121 |[0m [91m| [0m            test_punctuation(
[34m16122 |[0m [91m| [0m                JsonTokenKind.LeftBracket,
[34m16123 |[0m [91m| [0m                "[",
[34m16124 |[0m [91m| [0m                1,
[34m16125 |[0m [91m| [0m                2),
[34m16126 |[0m [91m| [0m
[34m16127 |[0m [91m| [0m            test_punctuation(
[34m16128 |[0m [91m| [0m                JsonTokenKind.LeftBracket,
[34m16129 |[0m [91m| [0m                "[",
[34m16130 |[0m [91m| [0m                2,
[34m16131 |[0m [91m| [0m                3),
[34m16132 |[0m [91m| [0m
[34m16133 |[0m [91m| [0m            test_number(
[34m16134 |[0m [91m| [0m                "1",
[34m16135 |[0m [91m| [0m                3,
[34m16136 |[0m [91m| [0m                4),
[34m16137 |[0m [91m| [0m
[34m16138 |[0m [91m| [0m            test_punctuation(
[34m16139 |[0m [91m| [0m                JsonTokenKind.RightBracket,
[34m16140 |[0m [91m| [0m                "]",
[34m16141 |[0m [91m| [0m                4,
[34m16142 |[0m [91m| [0m                5),
[34m16143 |[0m [91m| [0m
[34m16144 |[0m [91m| [0m            test_punctuation(
[34m16145 |[0m [91m| [0m                JsonTokenKind.RightBracket,
[34m16146 |[0m [91m| [0m                "]",
[34m16147 |[0m [91m| [0m                5,
[34m16148 |[0m [91m| [0m                6),
[34m16149 |[0m [91m| [0m
[34m16150 |[0m [91m| [0m            test_punctuation(
[34m16151 |[0m [91m| [0m                JsonTokenKind.RightBracket,
[34m16152 |[0m [91m| [0m                "]",
[34m16153 |[0m [91m| [0m                6,
[34m16154 |[0m [91m| [0m                7),
[34m16155 |[0m [91m| [0m
[34m16156 |[0m [91m| [0m            end(
[34m16157 |[0m [91m| [0m                position(
[34m16158 |[0m [91m| [0m                    7,
[34m16159 |[0m [91m| [0m                    0,
[34m16160 |[0m [91m| [0m                    7)),
[34m16161 |[0m [91m| [0m        ];
[34m16162 |[0m [91m| [0m
[34m16163 |[0m [91m| [0m    let parser_limits:
[34m16164 |[0m [91m| [0m        JsonParserLimits =
[34m16165 |[0m [91m| [0m            limits(
[34m16166 |[0m [91m| [0m                2,
[34m16167 |[0m [91m| [0m                100,
[34m16168 |[0m [91m| [0m                100,
[34m16169 |[0m [91m| [0m                100,
[34m16170 |[0m [91m| [0m                1024,
[34m16171 |[0m [91m| [0m                JsonParserDuplicateKeyPolicy.Allow);
[34m16172 |[0m [91m| [0m
[34m16173 |[0m [91m| [0m    let result:
[34m16174 |[0m [91m| [0m        JsonParseResult =
[34m16175 |[0m [91m| [0m            parse_tokens_with_limits(
[34m16176 |[0m [91m| [0m                tokens,
[34m16177 |[0m [91m| [0m                parser_limits);
[34m16178 |[0m [91m| [0m
[34m16179 |[0m [91m| [0m    assert !result.ok;
[34m16180 |[0m [91m| [0m}
[34m16181 |[0m [91m| [0m
[34m16182 |[0m [91m| [0mtest "json parser array element limit" {
[34m16183 |[0m [91m| [0m    let tokens: [JsonToken] =
[34m16184 |[0m [91m| [0m        [
[34m16185 |[0m [91m| [0m            test_punctuation(
[34m16186 |[0m [91m| [0m                JsonTokenKind.LeftBracket,
[34m16187 |[0m [91m| [0m                "[",
[34m16188 |[0m [91m| [0m                0,
[34m16189 |[0m [91m| [0m                1),
[34m16190 |[0m [91m| [0m
[34m16191 |[0m [91m| [0m            test_number(
[34m16192 |[0m [91m| [0m                "1",
[34m16193 |[0m [91m| [0m                1,
[34m16194 |[0m [91m| [0m                2),
[34m16195 |[0m [91m| [0m
[34m16196 |[0m [91m| [0m            test_punctuation(
[34m16197 |[0m [91m| [0m                JsonTokenKind.Comma,
[34m16198 |[0m [91m| [0m                ",",
[34m16199 |[0m [91m| [0m                2,
[34m16200 |[0m [91m| [0m                3),
[34m16201 |[0m [91m| [0m
[34m16202 |[0m [91m| [0m            test_number(
[34m16203 |[0m [91m| [0m                "2",
[34m16204 |[0m [91m| [0m                3,
[34m16205 |[0m [91m| [0m                4),
[34m16206 |[0m [91m| [0m
[34m16207 |[0m [91m| [0m            test_punctuation(
[34m16208 |[0m [91m| [0m                JsonTokenKind.RightBracket,
[34m16209 |[0m [91m| [0m                "]",
[34m16210 |[0m [91m| [0m                4,
[34m16211 |[0m [91m| [0m                5),
[34m16212 |[0m [91m| [0m
[34m16213 |[0m [91m| [0m            end(
[34m16214 |[0m [91m| [0m                position(
[34m16215 |[0m [91m| [0m                    5,
[34m16216 |[0m [91m| [0m                    0,
[34m16217 |[0m [91m| [0m                    5)),
[34m16218 |[0m [91m| [0m        ];
[34m16219 |[0m [91m| [0m
[34m16220 |[0m [91m| [0m    let parser_limits:
[34m16221 |[0m [91m| [0m        JsonParserLimits =
[34m16222 |[0m [91m| [0m            limits(
[34m16223 |[0m [91m| [0m                512,
[34m16224 |[0m [91m| [0m                100,
[34m16225 |[0m [91m| [0m                1,
[34m16226 |[0m [91m| [0m                100,
[34m16227 |[0m [91m| [0m                1024,
[34m16228 |[0m [91m| [0m                JsonParserDuplicateKeyPolicy.Allow);
[34m16229 |[0m [91m| [0m
[34m16230 |[0m [91m| [0m    let result:
[34m16231 |[0m [91m| [0m        JsonParseResult =
[34m16232 |[0m [91m| [0m            parse_tokens_with_limits(
[34m16233 |[0m [91m| [0m                tokens,
[34m16234 |[0m [91m| [0m                parser_limits);
[34m16235 |[0m [91m| [0m
[34m16236 |[0m [91m| [0m    assert !result.ok;
[34m16237 |[0m [91m| [0m}
[34m16238 |[0m [91m| [0m
[34m16239 |[0m [91m| [0mtest "json parser object member limit" {
[34m16240 |[0m [91m| [0m    let tokens: [JsonToken] =
[34m16241 |[0m [91m| [0m        [
[34m16242 |[0m [91m| [0m            test_punctuation(
[34m16243 |[0m [91m| [0m                JsonTokenKind.LeftBrace,
[34m16244 |[0m [91m| [0m                "{",
[34m16245 |[0m [91m| [0m                0,
[34m16246 |[0m [91m| [0m                1),
[34m16247 |[0m [91m| [0m
[34m16248 |[0m [91m| [0m            test_string(
[34m16249 |[0m [91m| [0m                "\"a\"",
[34m16250 |[0m [91m| [0m                "a",
[34m16251 |[0m [91m| [0m                1,
[34m16252 |[0m [91m| [0m                4),
[34m16253 |[0m [91m| [0m
[34m16254 |[0m [91m| [0m            test_punctuation(
[34m16255 |[0m [91m| [0m                JsonTokenKind.Colon,
[34m16256 |[0m [91m| [0m                ":",
[34m16257 |[0m [91m| [0m                4,
[34m16258 |[0m [91m| [0m                5),
[34m16259 |[0m [91m| [0m
[34m16260 |[0m [91m| [0m            test_number(
[34m16261 |[0m [91m| [0m                "1",
[34m16262 |[0m [91m| [0m                5,
[34m16263 |[0m [91m| [0m                6),
[34m16264 |[0m [91m| [0m
[34m16265 |[0m [91m| [0m            test_punctuation(
[34m16266 |[0m [91m| [0m                JsonTokenKind.Comma,
[34m16267 |[0m [91m| [0m                ",",
[34m16268 |[0m [91m| [0m                6,
[34m16269 |[0m [91m| [0m                7),
[34m16270 |[0m [91m| [0m
[34m16271 |[0m [91m| [0m            test_string(
[34m16272 |[0m [91m| [0m                "\"b\"",
[34m16273 |[0m [91m| [0m                "b",
[34m16274 |[0m [91m| [0m                7,
[34m16275 |[0m [91m| [0m                10),
[34m16276 |[0m [91m| [0m
[34m16277 |[0m [91m| [0m            test_punctuation(
[34m16278 |[0m [91m| [0m                JsonTokenKind.Colon,
[34m16279 |[0m [91m| [0m                ":",
[34m16280 |[0m [91m| [0m                10,
[34m16281 |[0m [91m| [0m                11),
[34m16282 |[0m [91m| [0m
[34m16283 |[0m [91m| [0m            test_number(
[34m16284 |[0m [91m| [0m                "2",
[34m16285 |[0m [91m| [0m                11,
[34m16286 |[0m [91m| [0m                12),
[34m16287 |[0m [91m| [0m
[34m16288 |[0m [91m| [0m            test_punctuation(
[34m16289 |[0m [91m| [0m                JsonTokenKind.RightBrace,
[34m16290 |[0m [91m| [0m                "}",
[34m16291 |[0m [91m| [0m                12,
[34m16292 |[0m [91m| [0m                13),
[34m16293 |[0m [91m| [0m
[34m16294 |[0m [91m| [0m            end(
[34m16295 |[0m [91m| [0m                position(
[34m16296 |[0m [91m| [0m                    13,
[34m16297 |[0m [91m| [0m                    0,
[34m16298 |[0m [91m| [0m                    13)),
[34m16299 |[0m [91m| [0m        ];
[34m16300 |[0m [91m| [0m
[34m16301 |[0m [91m| [0m    let parser_limits:
[34m16302 |[0m [91m| [0m        JsonParserLimits =
[34m16303 |[0m [91m| [0m            limits(
[34m16304 |[0m [91m| [0m                512,
[34m16305 |[0m [91m| [0m                100,
[34m16306 |[0m [91m| [0m                100,
[34m16307 |[0m [91m| [0m                1,
[34m16308 |[0m [91m| [0m                1024,
[34m16309 |[0m [91m| [0m                JsonParserDuplicateKeyPolicy.Allow);
[34m16310 |[0m [91m| [0m
[34m16311 |[0m [91m| [0m    let result:
[34m16312 |[0m [91m| [0m        JsonParseResult =
[34m16313 |[0m [91m| [0m            parse_tokens_with_limits(
[34m16314 |[0m [91m| [0m                tokens,
[34m16315 |[0m [91m| [0m                parser_limits);
[34m16316 |[0m [91m| [0m
[34m16317 |[0m [91m| [0m    assert !result.ok;
[34m16318 |[0m [91m| [0m}
[34m16319 |[0m [91m| [0m
[34m16320 |[0m [91m| [0m/// -------------------------------------------------------------------------
[34m16321 |[0m [91m| [0m/// Tests — metadata
[34m16322 |[0m [91m| [0m/// -------------------------------------------------------------------------
[34m16323 |[0m [91m| [0m
[34m16324 |[0m [91m| [0mtest "json parser error names" {
[34m16325 |[0m [91m| [0m    assert error_name(
[34m16326 |[0m [91m| [0m        JsonParserError.None) ==
[34m16327 |[0m [91m| [0m            "none";
[34m16328 |[0m [91m| [0m
[34m16329 |[0m [91m| [0m    assert error_name(
[34m16330 |[0m [91m| [0m        JsonParserError.EmptyDocument) ==
[34m16331 |[0m [91m| [0m            "empty-document";
[34m16332 |[0m [91m| [0m
[34m16333 |[0m [91m| [0m    assert error_name(
[34m16334 |[0m [91m| [0m        JsonParserError.TrailingToken) ==
[34m16335 |[0m [91m| [0m            "trailing-token";
[34m16336 |[0m [91m| [0m
[34m16337 |[0m [91m| [0m    assert error_name(
[34m16338 |[0m [91m| [0m        JsonParserError.DepthExceeded) ==
[34m16339 |[0m [91m| [0m            "depth-exceeded";
[34m16340 |[0m [91m| [0m
[34m16341 |[0m [91m| [0m    assert error_name(
[34m16342 |[0m [91m| [0m        JsonParserError.InvalidTokenStream) ==
[34m16343 |[0m [91m| [0m            "invalid-token-stream";
[34m16344 |[0m [91m| [0m}
[34m16345 |[0m [91m| [0m
[34m16346 |[0m [91m| [0mtest "json parser error codes" {
[34m16347 |[0m [91m| [0m    assert error_code(
[34m16348 |[0m [91m| [0m        JsonParserError.None) ==
[34m16349 |[0m [91m| [0m            "";
[34m16350 |[0m [91m| [0m
[34m16351 |[0m [91m| [0m    assert error_code(
[34m16352 |[0m [91m| [0m        JsonParserError.EmptyDocument) ==
[34m16353 |[0m [91m| [0m            "JSON-PARSE-001";
[34m16354 |[0m [91m| [0m
[34m16355 |[0m [91m| [0m    assert error_code(
[34m16356 |[0m [91m| [0m        JsonParserError.TrailingToken) ==
[34m16357 |[0m [91m| [0m            "JSON-PARSE-004";
[34m16358 |[0m [91m| [0m
[34m16359 |[0m [91m| [0m    assert error_code(
[34m16360 |[0m [91m| [0m        JsonParserError.DepthExceeded) ==
[34m16361 |[0m [91m| [0m            "JSON-PARSE-054";
[34m16362 |[0m [91m| [0m
[34m16363 |[0m [91m| [0m    assert error_code(
[34m16364 |[0m [91m| [0m        JsonParserError.Internal) ==
[34m16365 |[0m [91m| [0m            "JSON-PARSE-999";
[34m16366 |[0m [91m| [0m}
[34m16367 |[0m [91m| [0m
[34m16368 |[0m [91m| [0mtest "json parser phase names" {
[34m16369 |[0m [91m| [0m    assert phase_name(
[34m16370 |[0m [91m| [0m        JsonParserPhase.None) ==
[34m16371 |[0m [91m| [0m            "none";
[34m16372 |[0m [91m| [0m
[34m16373 |[0m [91m| [0m    assert phase_name(
[34m16374 |[0m [91m| [0m        JsonParserPhase.Document) ==
[34m16375 |[0m [91m| [0m            "document";
[34m16376 |[0m [91m| [0m
[34m16377 |[0m [91m| [0m    assert phase_name(
[34m16378 |[0m [91m| [0m        JsonParserPhase.Value) ==
[34m16379 |[0m [91m| [0m            "value";
[34m16380 |[0m [91m| [0m
[34m16381 |[0m [91m| [0m    assert phase_name(
[34m16382 |[0m [91m| [0m        JsonParserPhase.Array) ==
[34m16383 |[0m [91m| [0m            "array";
[34m16384 |[0m [91m| [0m
[34m16385 |[0m [91m| [0m    assert phase_name(
[34m16386 |[0m [91m| [0m        JsonParserPhase.Object) ==
[34m16387 |[0m [91m| [0m            "object";
[34m16388 |[0m [91m| [0m}
[34m16389 |[0m [91m| [0m
[34m16390 |[0m [91m| [0m/// -------------------------------------------------------------------------
[34m16391 |[0m [91m| [0m/// Tests — statistics
[34m16392 |[0m [91m| [0m/// -------------------------------------------------------------------------
[34m16393 |[0m [91m| [0m
[34m16394 |[0m [91m| [0mtest "json parser statistics are coherent" {
[34m16395 |[0m [91m| [0m    let tokens: [JsonToken] =
[34m16396 |[0m [91m| [0m        [
[34m16397 |[0m [91m| [0m            test_punctuation(
[34m16398 |[0m [91m| [0m                JsonTokenKind.LeftBracket,
[34m16399 |[0m [91m| [0m                "[",
[34m16400 |[0m [91m| [0m                0,
[34m16401 |[0m [91m| [0m                1),
[34m16402 |[0m [91m| [0m
[34m16403 |[0m [91m| [0m            test_literal(
[34m16404 |[0m [91m| [0m                JsonTokenKind.Null,
[34m16405 |[0m [91m| [0m                "null",
[34m16406 |[0m [91m| [0m                1,
[34m16407 |[0m [91m| [0m                5),
[34m16408 |[0m [91m| [0m
[34m16409 |[0m [91m| [0m            test_punctuation(
[34m16410 |[0m [91m| [0m                JsonTokenKind.Comma,
[34m16411 |[0m [91m| [0m                ",",
[34m16412 |[0m [91m| [0m                5,
[34m16413 |[0m [91m| [0m                6),
[34m16414 |[0m [91m| [0m
[34m16415 |[0m [91m| [0m            test_literal(
[34m16416 |[0m [91m| [0m                JsonTokenKind.True,
[34m16417 |[0m [91m| [0m                "true",
[34m16418 |[0m [91m| [0m                6,
[34m16419 |[0m [91m| [0m                10),
[34m16420 |[0m [91m| [0m
[34m16421 |[0m [91m| [0m            test_punctuation(
[34m16422 |[0m [91m| [0m                JsonTokenKind.Comma,
[34m16423 |[0m [91m| [0m                ",",
[34m16424 |[0m [91m| [0m                10,
[34m16425 |[0m [91m| [0m                11),
[34m16426 |[0m [91m| [0m
[34m16427 |[0m [91m| [0m            test_string(
[34m16428 |[0m [91m| [0m                "\"Vitte\"",
[34m16429 |[0m [91m| [0m                "Vitte",
[34m16430 |[0m [91m| [0m                11,
[34m16431 |[0m [91m| [0m                18),
[34m16432 |[0m [91m| [0m
[34m16433 |[0m [91m| [0m            test_punctuation(
[34m16434 |[0m [91m| [0m                JsonTokenKind.RightBracket,
[34m16435 |[0m [91m| [0m                "]",
[34m16436 |[0m [91m| [0m                18,
[34m16437 |[0m [91m| [0m                19),
[34m16438 |[0m [91m| [0m
[34m16439 |[0m [91m| [0m            end(
[34m16440 |[0m [91m| [0m                position(
[34m16441 |[0m [91m| [0m                    19,
[34m16442 |[0m [91m| [0m                    0,
[34m16443 |[0m [91m| [0m                    19)),
[34m16444 |[0m [91m| [0m        ];
[34m16445 |[0m [91m| [0m
[34m16446 |[0m [91m| [0m    let result:
[34m16447 |[0m [91m| [0m        JsonParseResult =
[34m16448 |[0m [91m| [0m            parse_tokens(tokens);
[34m16449 |[0m [91m| [0m
[34m16450 |[0m [91m| [0m    assert result.ok;
[34m16451 |[0m [91m| [0m
[34m16452 |[0m [91m| [0m    assert statistics_valid(
[34m16453 |[0m [91m| [0m        &result.statistics);
[34m16454 |[0m [91m| [0m
[34m16455 |[0m [91m| [0m    assert result.statistics.value_count ==
[34m16456 |[0m [91m| [0m        4;
[34m16457 |[0m [91m| [0m
[34m16458 |[0m [91m| [0m    assert result.statistics.scalar_count ==
[34m16459 |[0m [91m| [0m        3;
[34m16460 |[0m [91m| [0m
[34m16461 |[0m [91m| [0m    assert result.statistics.array_count ==
[34m16462 |[0m [91m| [0m        1;
[34m16463 |[0m [91m| [0m
[34m16464 |[0m [91m| [0m    assert result.statistics.null_count ==
[34m16465 |[0m [91m| [0m        1;
[34m16466 |[0m [91m| [0m
[34m16467 |[0m [91m| [0m    assert result.statistics.boolean_count ==
[34m16468 |[0m [91m| [0m        1;
[34m16469 |[0m [91m| [0m
[34m16470 |[0m [91m| [0m    assert result.statistics.string_count ==
[34m16471 |[0m [91m| [0m        1;
[34m16472 |[0m [91m| [0m}
[34m16473 |[0m [91m| [0m
[34m16474 |[0m [91m| [0m/// -------------------------------------------------------------------------
[34m16475 |[0m [91m| [0m/// Tests — result validation
[34m16476 |[0m [91m| [0m/// -------------------------------------------------------------------------
[34m16477 |[0m [91m| [0m
[34m16478 |[0m [91m| [0mtest "json parser successful result validates" {
[34m16479 |[0m [91m| [0m    let tokens: [JsonToken] =
[34m16480 |[0m [91m| [0m        [
[34m16481 |[0m [91m| [0m            test_number(
[34m16482 |[0m [91m| [0m                "42",
[34m16483 |[0m [91m| [0m                0,
[34m16484 |[0m [91m| [0m                2),
[34m16485 |[0m [91m| [0m
[34m16486 |[0m [91m| [0m            end(
[34m16487 |[0m [91m| [0m                position(
[34m16488 |[0m [91m| [0m                    2,
[34m16489 |[0m [91m| [0m                    0,
[34m16490 |[0m [91m| [0m                    2)),
[34m16491 |[0m [91m| [0m        ];
[34m16492 |[0m [91m| [0m
[34m16493 |[0m [91m| [0m    let result:
[34m16494 |[0m [91m| [0m        JsonParseResult =
[34m16495 |[0m [91m| [0m            parse_tokens(tokens);
[34m16496 |[0m [91m| [0m
[34m16497 |[0m [91m| [0m    assert result.ok;
[34m16498 |[0m [91m| [0m
[34m16499 |[0m [91m| [0m    assert validate_result(
[34m16500 |[0m [91m| [0m        &result);
[34m16501 |[0m [91m| [0m
[34m16502 |[0m [91m| [0m    assert !has_diagnostic(
[34m16503 |[0m [91m| [0m        &result);
[34m16504 |[0m [91m| [0m}
[34m16505 |[0m [91m| [0m
[34m16506 |[0m [91m| [0mtest "json parser failed result validates" {
[34m16507 |[0m [91m| [0m    let tokens: [JsonToken] =
[34m16508 |[0m [91m| [0m        [
[34m16509 |[0m [91m| [0m            end(
[34m16510 |[0m [91m| [0m                position(
[34m16511 |[0m [91m| [0m                    0,
[34m16512 |[0m [91m| [0m                    0,
[34m16513 |[0m [91m| [0m                    0)),
[34m16514 |[0m [91m| [0m        ];
[34m16515 |[0m [91m| [0m
[34m16516 |[0m [91m| [0m    let result:
[34m16517 |[0m [91m| [0m        JsonParseResult =
[34m16518 |[0m [91m| [0m            parse_tokens(tokens);
[34m16519 |[0m [91m| [0m
[34m16520 |[0m [91m| [0m    assert !result.ok;
[34m16521 |[0m [91m| [0m
[34m16522 |[0m [91m| [0m    assert validate_result(
[34m16523 |[0m [91m| [0m        &result);
[34m16524 |[0m [91m| [0m
[34m16525 |[0m [91m| [0m    assert has_diagnostic(
[34m16526 |[0m [91m| [0m        &result);
[34m16527 |[0m [91m| [0m}
[34m16528 |[0m [91m\ [0m}
      [34m| [0m[91mThis declaration hides a visible declaration with the same name.[0m
  [32m[1mhelp[0m: Review the highlighted construct and correct the risky behavior or document why it is intentional. at parse.vit:11379:8

[1m[33mwarning[0m[[1mW0030[0m]: [1mdeclaration shadows another declaration[0m
  [2mphase: name-resolution | category: shadowing[0m
  [2mcontext:[0m semantic analysis
  [34m--> [0mparse.vit:11805:5
      [34m|[0m
[34m11805 |[0m     error: JsonParserError
      [34m|[0m     [91m^~~~~~~~~~~~~~~~~~~~~~[0m [91mThis declaration hides a visible declaration with the same name.[0m
  [32m[1mhelp[0m: Review the highlighted construct and correct the risky behavior or document why it is intentional. at parse.vit:11805:5

[1m[33mwarning[0m[[1mW0030[0m]: [1mdeclaration shadows another declaration[0m
  [2mphase: name-resolution | category: shadowing[0m
  [2mcontext:[0m semantic analysis
  [34m--> [0mparse.vit:11946:5
      [34m|[0m
[34m11946 |[0m     error: JsonParserError
      [34m|[0m     [91m^~~~~~~~~~~~~~~~~~~~~~[0m [91mThis declaration hides a visible declaration with the same name.[0m
  [32m[1mhelp[0m: Review the highlighted construct and correct the risky behavior or document why it is intentional. at parse.vit:11946:5

[1m[33mwarning[0m[[1mW0030[0m]: [1mdeclaration shadows another declaration[0m
  [2mphase: name-resolution | category: shadowing[0m
  [2mcontext:[0m semantic analysis
  [34m--> [0mparse.vit:12116:5
      [34m|[0m
[34m12116 |[0m     error: JsonParserError
      [34m|[0m     [91m^~~~~~~~~~~~~~~~~~~~~~[0m [91mThis declaration hides a visible declaration with the same name.[0m
  [32m[1mhelp[0m: Review the highlighted construct and correct the risky behavior or document why it is intentional. at parse.vit:12116:5

[1m[33mwarning[0m[[1mW0030[0m]: [1mdeclaration shadows another declaration[0m
  [2mphase: name-resolution | category: shadowing[0m
  [2mcontext:[0m semantic analysis
  [34m--> [0mparse.vit:12174:5
      [34m|[0m
[34m12174 |[0m     error: JsonParserError,
      [34m|[0m     [91m^~~~~~~~~~~~~~~~~~~~~~[0m [91mThis declaration hides a visible declaration with the same name.[0m
  [32m[1mhelp[0m: Review the highlighted construct and correct the risky behavior or document why it is intentional. at parse.vit:12174:5

[1m[33mwarning[0m[[1mW0030[0m]: [1mdeclaration shadows another declaration[0m
  [2mphase: name-resolution | category: shadowing[0m
  [2mcontext:[0m semantic analysis
  [34m--> [0mparse.vit:12215:5
      [34m|[0m
[34m12215 |[0m     error: JsonParserError,
      [34m|[0m     [91m^~~~~~~~~~~~~~~~~~~~~~[0m [91mThis declaration hides a visible declaration with the same name.[0m
  [32m[1mhelp[0m: Review the highlighted construct and correct the risky behavior or document why it is intentional. at parse.vit:12215:5

[1m[33mwarning[0m[[1mW0030[0m]: [1mdeclaration shadows another declaration[0m
  [2mphase: name-resolution | category: shadowing[0m
  [2mcontext:[0m semantic analysis
  [34m--> [0mparse.vit:12302:5
      [34m|[0m
[34m12302 |[0m     parser: &JsonParserState
      [34m|[0m     [91m^~~~~~~~~~~~~~~~~~~~~~~~[0m [91mThis declaration hides a visible declaration with the same name.[0m
  [32m[1mhelp[0m: Review the highlighted construct and correct the risky behavior or document why it is intentional. at parse.vit:12302:5

[1m[33mwarning[0m[[1mW0030[0m]: [1mdeclaration shadows another declaration[0m
  [2mphase: name-resolution | category: shadowing[0m
  [2mcontext:[0m semantic analysis
  [34m--> [0mparse.vit:12309:5
      [34m|[0m
[34m12309 |[0m     parser: &JsonParserState,
      [34m|[0m     [91m^~~~~~~~~~~~~~~~~~~~~~~~[0m [91mThis declaration hides a visible declaration with the same name.[0m
  [32m[1mhelp[0m: Review the highlighted construct and correct the risky behavior or document why it is intentional. at parse.vit:12309:5

[1m[33mwarning[0m[[1mW0030[0m]: [1mdeclaration shadows another declaration[0m
  [2mphase: name-resolution | category: shadowing[0m
  [2mcontext:[0m semantic analysis
  [34m--> [0mparse.vit:12317:5
      [34m|[0m
[34m12317 |[0m     parser: &JsonParserState
      [34m|[0m     [91m^~~~~~~~~~~~~~~~~~~~~~~~[0m [91mThis declaration hides a visible declaration with the same name.[0m
  [32m[1mhelp[0m: Review the highlighted construct and correct the risky behavior or document why it is intentional. at parse.vit:12317:5

[1m[33mwarning[0m[[1mW0030[0m]: [1mdeclaration shadows another declaration[0m
  [2mphase: name-resolution | category: shadowing[0m
  [2mcontext:[0m semantic analysis
  [34m--> [0mparse.vit:12329:5
      [34m|[0m
[34m12329 |[0m     parser: &JsonParserState,
      [34m|[0m     [91m^~~~~~~~~~~~~~~~~~~~~~~~[0m [91mThis declaration hides a visible declaration with the same name.[0m
  [32m[1mhelp[0m: Review the highlighted construct and correct the risky behavior or document why it is intentional. at parse.vit:12329:5

[1m[33mwarning[0m[[1mW0030[0m]: [1mdeclaration shadows another declaration[0m
  [2mphase: name-resolution | category: shadowing[0m
  [2mcontext:[0m semantic analysis
  [34m--> [0mparse.vit:12341:5
      [34m|[0m
[34m12341 |[0m     parser: &JsonParserState
      [34m|[0m     [91m^~~~~~~~~~~~~~~~~~~~~~~~[0m [91mThis declaration hides a visible declaration with the same name.[0m
  [32m[1mhelp[0m: Review the highlighted construct and correct the risky behavior or document why it is intentional. at parse.vit:12341:5

[1m[33mwarning[0m[[1mW0030[0m]: [1mdeclaration shadows another declaration[0m
  [2mphase: name-resolution | category: shadowing[0m
  [2mcontext:[0m semantic analysis
  [34m--> [0mparse.vit:12353:5
      [34m|[0m
[34m12353 |[0m     parser: &JsonParserState
      [34m|[0m     [91m^~~~~~~~~~~~~~~~~~~~~~~~[0m [91mThis declaration hides a visible declaration with the same name.[0m
  [32m[1mhelp[0m: Review the highlighted construct and correct the risky behavior or document why it is intentional. at parse.vit:12353:5

[1m[33mwarning[0m[[1mW0030[0m]: [1mdeclaration shadows another declaration[0m
  [2mphase: name-resolution | category: shadowing[0m
  [2mcontext:[0m semantic analysis
  [34m--> [0mparse.vit:12387:5
      [34m|[0m
[34m12387 |[0m     parser: &JsonParserState
      [34m|[0m     [91m^~~~~~~~~~~~~~~~~~~~~~~~[0m [91mThis declaration hides a visible declaration with the same name.[0m
  [32m[1mhelp[0m: Review the highlighted construct and correct the risky behavior or document why it is intentional. at parse.vit:12387:5

[1m[33mwarning[0m[[1mW0030[0m]: [1mdeclaration shadows another declaration[0m
  [2mphase: name-resolution | category: shadowing[0m
  [2mcontext:[0m semantic analysis
  [34m--> [0mparse.vit:12400:5
      [34m|[0m
[34m12400 |[0m     parser: &JsonParserState,
      [34m|[0m     [91m^~~~~~~~~~~~~~~~~~~~~~~~[0m [91mThis declaration hides a visible declaration with the same name.[0m
  [32m[1mhelp[0m: Review the highlighted construct and correct the risky behavior or document why it is intentional. at parse.vit:12400:5

[1m[33mwarning[0m[[1mW0030[0m]: [1mdeclaration shadows another declaration[0m
  [2mphase: name-resolution | category: shadowing[0m
  [2mcontext:[0m semantic analysis
  [34m--> [0mparse.vit:12414:5
      [34m|[0m
[34m12414 |[0m     parser: &JsonParserState
      [34m|[0m     [91m^~~~~~~~~~~~~~~~~~~~~~~~[0m [91mThis declaration hides a visible declaration with the same name.[0m
  [32m[1mhelp[0m: Review the highlighted construct and correct the risky behavior or document why it is intentional. at parse.vit:12414:5

[1m[33mwarning[0m[[1mW0030[0m]: [1mdeclaration shadows another declaration[0m
  [2mphase: name-resolution | category: shadowing[0m
  [2mcontext:[0m semantic analysis
  [34m--> [0mparse.vit:12436:5
      [34m|[0m
[34m12436 |[0m     parser: &JsonParserState,
      [34m|[0m     [91m^~~~~~~~~~~~~~~~~~~~~~~~[0m [91mThis declaration hides a visible declaration with the same name.[0m
  [32m[1mhelp[0m: Review the highlighted construct and correct the risky behavior or document why it is intentional. at parse.vit:12436:5

[1m[33mwarning[0m[[1mW0030[0m]: [1mdeclaration shadows another declaration[0m
  [2mphase: name-resolution | category: shadowing[0m
  [2mcontext:[0m semantic analysis
  [34m--> [0mparse.vit:12437:5
      [34m|[0m
[34m12437 |[0m     error: JsonParserError,
      [34m|[0m     [91m^~~~~~~~~~~~~~~~~~~~~~[0m [91mThis declaration hides a visible declaration with the same name.[0m
  [32m[1mhelp[0m: Review the highlighted construct and correct the risky behavior or document why it is intentional. at parse.vit:12437:5

[1m[33mwarning[0m[[1mW0030[0m]: [1mdeclaration shadows another declaration[0m
  [2mphase: name-resolution | category: shadowing[0m
  [2mcontext:[0m semantic analysis
  [34m--> [0mparse.vit:12467:5
      [34m|[0m
[34m12467 |[0m     parser: &JsonParserState,
      [34m|[0m     [91m^~~~~~~~~~~~~~~~~~~~~~~~[0m [91mThis declaration hides a visible declaration with the same name.[0m
  [32m[1mhelp[0m: Review the highlighted construct and correct the risky behavior or document why it is intentional. at parse.vit:12467:5

[1m[33mwarning[0m[[1mW0030[0m]: [1mdeclaration shadows another declaration[0m
  [2mphase: name-resolution | category: shadowing[0m
  [2mcontext:[0m semantic analysis
  [34m--> [0mparse.vit:12468:5
      [34m|[0m
[34m12468 |[0m     error: JsonParserError,
      [34m|[0m     [91m^~~~~~~~~~~~~~~~~~~~~~[0m [91mThis declaration hides a visible declaration with the same name.[0m
  [32m[1mhelp[0m: Review the highlighted construct and correct the risky behavior or document why it is intentional. at parse.vit:12468:5

[1m[33mwarning[0m[[1mW0030[0m]: [1mdeclaration shadows another declaration[0m
  [2mphase: name-resolution | category: shadowing[0m
  [2mcontext:[0m semantic analysis
  [34m--> [0mparse.vit:12504:5
      [34m|[0m
[34m12504 |[0m     parser: &JsonParserState,
      [34m|[0m     [91m^~~~~~~~~~~~~~~~~~~~~~~~[0m [91mThis declaration hides a visible declaration with the same name.[0m
  [32m[1mhelp[0m: Review the highlighted construct and correct the risky behavior or document why it is intentional. at parse.vit:12504:5

[1m[33mwarning[0m[[1mW0030[0m]: [1mdeclaration shadows another declaration[0m
  [2mphase: name-resolution | category: shadowing[0m
  [2mcontext:[0m semantic analysis
  [34m--> [0mparse.vit:12505:5
      [34m|[0m
[34m12505 |[0m     depth: usize
      [34m|[0m     [91m^~~~~~~~~~~~[0m [91mThis declaration hides a visible declaration with the same name.[0m
  [32m[1mhelp[0m: Review the highlighted construct and correct the risky behavior or document why it is intentional. at parse.vit:12505:5

[1m[33mwarning[0m[[1mW0030[0m]: [1mdeclaration shadows another declaration[0m
  [2mphase: name-resolution | category: shadowing[0m
  [2mcontext:[0m semantic analysis
  [34m--> [0mparse.vit:12521:5
      [34m|[0m
[34m12521 |[0m     parser: &JsonParserState,
      [34m|[0m     [91m^~~~~~~~~~~~~~~~~~~~~~~~[0m [91mThis declaration hides a visible declaration with the same name.[0m
  [32m[1mhelp[0m: Review the highlighted construct and correct the risky behavior or document why it is intentional. at parse.vit:12521:5

[1m[33mwarning[0m[[1mW0030[0m]: [1mdeclaration shadows another declaration[0m
  [2mphase: name-resolution | category: shadowing[0m
  [2mcontext:[0m semantic analysis
  [34m--> [0mparse.vit:12867:5
      [34m|[0m
[34m12867 |[0m     parser: &JsonParserState
      [34m|[0m     [91m^~~~~~~~~~~~~~~~~~~~~~~~[0m [91mThis declaration hides a visible declaration with the same name.[0m
  [32m[1mhelp[0m: Review the highlighted construct and correct the risky behavior or document why it is intentional. at parse.vit:12867:5

[1m[33mwarning[0m[[1mW0030[0m]: [1mdeclaration shadows another declaration[0m
  [2mphase: name-resolution | category: shadowing[0m
  [2mcontext:[0m semantic analysis
  [34m--> [0mparse.vit:12905:5
      [34m|[0m
[34m12905 |[0m     parser: &JsonParserState
      [34m|[0m     [91m^~~~~~~~~~~~~~~~~~~~~~~~[0m [91mThis declaration hides a visible declaration with the same name.[0m
  [32m[1mhelp[0m: Review the highlighted construct and correct the risky behavior or document why it is intentional. at parse.vit:12905:5

[1m[33mwarning[0m[[1mW0030[0m]: [1mdeclaration shadows another declaration[0m
  [2mphase: name-resolution | category: shadowing[0m
  [2mcontext:[0m semantic analysis
  [34m--> [0mparse.vit:12962:5
      [34m|[0m
[34m12962 |[0m     parser: &JsonParserState
      [34m|[0m     [91m^~~~~~~~~~~~~~~~~~~~~~~~[0m [91mThis declaration hides a visible declaration with the same name.[0m
  [32m[1mhelp[0m: Review the highlighted construct and correct the risky behavior or document why it is intentional. at parse.vit:12962:5

[1m[33mwarning[0m[[1mW0030[0m]: [1mdeclaration shadows another declaration[0m
  [2mphase: name-resolution | category: shadowing[0m
  [2mcontext:[0m semantic analysis
  [34m--> [0mparse.vit:13023:5
      [34m|[0m
[34m13023 |[0m     parser: &JsonParserState
      [34m|[0m     [91m^~~~~~~~~~~~~~~~~~~~~~~~[0m [91mThis declaration hides a visible declaration with the same name.[0m
  [32m[1mhelp[0m: Review the highlighted construct and correct the risky behavior or document why it is intentional. at parse.vit:13023:5

[1m[33mwarning[0m[[1mW0030[0m]: [1mdeclaration shadows another declaration[0m
  [2mphase: name-resolution | category: shadowing[0m
  [2mcontext:[0m semantic analysis
  [34m--> [0mparse.vit:13067:5
      [34m|[0m
[34m13067 |[0m     parser: &JsonParserState,
      [34m|[0m     [91m^~~~~~~~~~~~~~~~~~~~~~~~[0m [91mThis declaration hides a visible declaration with the same name.[0m
  [32m[1mhelp[0m: Review the highlighted construct and correct the risky behavior or document why it is intentional. at parse.vit:13067:5

[1m[33mwarning[0m[[1mW0030[0m]: [1mdeclaration shadows another declaration[0m
  [2mphase: name-resolution | category: shadowing[0m
  [2mcontext:[0m semantic analysis
  [34m--> [0mparse.vit:13068:5
      [34m|[0m
[34m13068 |[0m     depth: usize
      [34m|[0m     [91m^~~~~~~~~~~~[0m [91mThis declaration hides a visible declaration with the same name.[0m
  [32m[1mhelp[0m: Review the highlighted construct and correct the risky behavior or document why it is intentional. at parse.vit:13068:5

[1m[33mwarning[0m[[1mW0030[0m]: [1mdeclaration shadows another declaration[0m
  [2mphase: name-resolution | category: shadowing[0m
  [2mcontext:[0m semantic analysis
  [34m--> [0mparse.vit:13479:5
      [34m|[0m
[34m13479 |[0m     parser: &JsonParserState,
      [34m|[0m     [91m^~~~~~~~~~~~~~~~~~~~~~~~[0m [91mThis declaration hides a visible declaration with the same name.[0m
  [32m[1mhelp[0m: Review the highlighted construct and correct the risky behavior or document why it is intentional. at parse.vit:13479:5

[1m[33mwarning[0m[[1mW0030[0m]: [1mdeclaration shadows another declaration[0m
  [2mphase: name-resolution | category: shadowing[0m
  [2mcontext:[0m semantic analysis
  [34m--> [0mparse.vit:13480:5
      [34m|[0m
[34m13480 |[0m     depth: usize
      [34m|[0m     [91m^~~~~~~~~~~~[0m [91mThis declaration hides a visible declaration with the same name.[0m
  [32m[1mhelp[0m: Review the highlighted construct and correct the risky behavior or document why it is intentional. at parse.vit:13480:5

[1m[33mwarning[0m[[1mW0030[0m]: [1mdeclaration shadows another declaration[0m
  [2mphase: name-resolution | category: shadowing[0m
  [2mcontext:[0m semantic analysis
  [34m--> [0mparse.vit:14033:5
      [34m|[0m
[34m14033 |[0m     depth: usize,
      [34m|[0m     [91m^~~~~~~~~~~~[0m [91mThis declaration hides a visible declaration with the same name.[0m
  [32m[1mhelp[0m: Review the highlighted construct and correct the risky behavior or document why it is intentional. at parse.vit:14033:5

[1m[33mwarning[0m[[1mW0030[0m]: [1mdeclaration shadows another declaration[0m
  [2mphase: name-resolution | category: shadowing[0m
  [2mcontext:[0m semantic analysis
  [34m--> [0mparse.vit:14187:5
      [34m|[0m
[34m14187 |[0m     depth: usize
      [34m|[0m     [91m^~~~~~~~~~~~[0m [91mThis declaration hides a visible declaration with the same name.[0m
  [32m[1mhelp[0m: Review the highlighted construct and correct the risky behavior or document why it is intentional. at parse.vit:14187:5

[1m[33mwarning[0m[[1mW0030[0m]: [1mdeclaration shadows another declaration[0m
  [2mphase: name-resolution | category: shadowing[0m
  [2mcontext:[0m semantic analysis
  [34m--> [0mparse.vit:14252:5
      [34m|[0m
[34m14252 |[0m     depth: usize,
      [34m|[0m     [91m^~~~~~~~~~~~[0m [91mThis declaration hides a visible declaration with the same name.[0m
  [32m[1mhelp[0m: Review the highlighted construct and correct the risky behavior or document why it is intentional. at parse.vit:14252:5

[1m[33mwarning[0m[[1mW0030[0m]: [1mdeclaration shadows another declaration[0m
  [2mphase: name-resolution | category: shadowing[0m
  [2mcontext:[0m semantic analysis
  [34m--> [0mparse.vit:14860:5
      [34m|[0m
[34m14860 |[0m     end: usize
      [34m|[0m     [91m^~~~~~~~~~[0m [91mThis declaration hides a visible declaration with the same name.[0m
  [32m[1mhelp[0m: Review the highlighted construct and correct the risky behavior or document why it is intentional. at parse.vit:14860:5

[1m[33mwarning[0m[[1mW0030[0m]: [1mdeclaration shadows another declaration[0m
  [2mphase: name-resolution | category: shadowing[0m
  [2mcontext:[0m semantic analysis
  [34m--> [0mparse.vit:14878:5
      [34m|[0m
[34m14878 |[0m     end: usize
      [34m|[0m     [91m^~~~~~~~~~[0m [91mThis declaration hides a visible declaration with the same name.[0m
  [32m[1mhelp[0m: Review the highlighted construct and correct the risky behavior or document why it is intentional. at parse.vit:14878:5

[1m[33mwarning[0m[[1mW0030[0m]: [1mdeclaration shadows another declaration[0m
  [2mphase: name-resolution | category: shadowing[0m
  [2mcontext:[0m semantic analysis
  [34m--> [0mparse.vit:14892:5
      [34m|[0m
[34m14892 |[0m     end: usize
      [34m|[0m     [91m^~~~~~~~~~[0m [91mThis declaration hides a visible declaration with the same name.[0m
  [32m[1mhelp[0m: Review the highlighted construct and correct the risky behavior or document why it is intentional. at parse.vit:14892:5

[1m[33mwarning[0m[[1mW0030[0m]: [1mdeclaration shadows another declaration[0m
  [2mphase: name-resolution | category: shadowing[0m
  [2mcontext:[0m semantic analysis
  [34m--> [0mparse.vit:14905:5
      [34m|[0m
[34m14905 |[0m     end: usize
      [34m|[0m     [91m^~~~~~~~~~[0m [91mThis declaration hides a visible declaration with the same name.[0m
  [32m[1mhelp[0m: Review the highlighted construct and correct the risky behavior or document why it is intentional. at parse.vit:14905:5

[1m[33mwarning[0m[[1mW0030[0m]: [1mdeclaration shadows another declaration[0m
  [2mphase: name-resolution | category: shadowing[0m
  [2mcontext:[0m semantic analysis
  [34m--> [0mparse.vit:14918:5
      [34m|[0m
[34m14918 |[0m     end: usize
      [34m|[0m     [91m^~~~~~~~~~[0m [91mThis declaration hides a visible declaration with the same name.[0m
  [32m[1mhelp[0m: Review the highlighted construct and correct the risky behavior or document why it is intentional. at parse.vit:14918:5

[1m[33mwarning[0m[[1mW0030[0m]: [1mdeclaration shadows another declaration[0m
  [2mphase: name-resolution | category: shadowing[0m
  [2mcontext:[0m semantic analysis
  [34m--> [0mparse.vit:16723:5
      [34m|[0m
[34m16723 |[0m     error: JsonNumericError
      [34m|[0m     [91m^~~~~~~~~~~~~~~~~~~~~~~[0m [91mThis declaration hides a visible declaration with the same name.[0m
  [32m[1mhelp[0m: Review the highlighted construct and correct the risky behavior or document why it is intentional. at parse.vit:16723:5

[1m[33mwarning[0m[[1mW0030[0m]: [1mdeclaration shadows another declaration[0m
  [2mphase: name-resolution | category: shadowing[0m
  [2mcontext:[0m semantic analysis
  [34m--> [0mparse.vit:17012:5
      [34m|[0m
[34m17012 |[0m     error: JsonNumericError,
      [34m|[0m     [91m^~~~~~~~~~~~~~~~~~~~~~~[0m [91mThis declaration hides a visible declaration with the same name.[0m
  [32m[1mhelp[0m: Review the highlighted construct and correct the risky behavior or document why it is intentional. at parse.vit:17012:5

[1m[33mwarning[0m[[1mW0030[0m]: [1mdeclaration shadows another declaration[0m
  [2mphase: name-resolution | category: shadowing[0m
  [2mcontext:[0m semantic analysis
  [34m--> [0mparse.vit:18588:5
      [34m|[0m
[34m18588 |[0m     error: JsonNumericError
      [34m|[0m     [91m^~~~~~~~~~~~~~~~~~~~~~~[0m [91mThis declaration hides a visible declaration with the same name.[0m
  [32m[1mhelp[0m: Review the highlighted construct and correct the risky behavior or document why it is intentional. at parse.vit:18588:5

[1m[31merror[0m[[1mE0401[0m]: [1munknown symbol[0m
  [2mphase: name-resolution | category: name-resolution[0m
  [2mcontext:[0m semantic analysis
  [34m--> [0mparse.vit:20091:9
      [34m|[0m
[34m20091 |[0m         JSON_NUMERIC_I64_MAX;
      [34m|[0m         [91m^~~~~~~~~~~~~~~~~~~~[0m [91mThe referenced name cannot be resolved in the current scope.[0m
  [32m[1mhelp[0m: Check the spelling and scope of this name, and import or declare it before use. at parse.vit:20091:9

[1m[31merror[0m[[1mE0401[0m]: [1munknown symbol[0m
  [2mphase: name-resolution | category: name-resolution[0m
  [2mcontext:[0m semantic analysis
  [34m--> [0mparse.vit:20104:9
      [34m|[0m
[34m20104 |[0m         JSON_NUMERIC_I64_MIN;
      [34m|[0m         [91m^~~~~~~~~~~~~~~~~~~~[0m [91mThe referenced name cannot be resolved in the current scope.[0m
  [32m[1mhelp[0m: Check the spelling and scope of this name, and import or declare it before use. at parse.vit:20104:9

[1m[31merror[0m[[1mE0401[0m]: [1munknown symbol[0m
  [2mphase: name-resolution | category: name-resolution[0m
  [2mcontext:[0m semantic analysis
  [34m--> [0mparse.vit:22195:12
      [34m|[0m
[34m22195 |[0m     assert value_count(
      [34m|[0m            [91m^~~~~~~~~~~[0m [91mThe referenced name cannot be resolved in the current scope.[0m
  [32m[1mhelp[0m: Check the spelling and scope of this name, and import or declare it before use. at parse.vit:22195:12

